序號,縣市及鄉鎮市區,村里,避難收容處所地址,經度,緯度,避難收容處所名稱,預計收容村里,預計收容人數,適用災害類別,管理人姓名,管理人電話,室內,室外,適合避難弱者安置,geometry,precise_location,distance_to_mainland,distance_to_nearest_land,nearest_land_type
3082,屏東縣滿州鄉,里德村,山頂路57號隔壁,118.0,24.0,里德社區活動中心,里德村,60,"水災,土石流,海嘯",宋仁宗,08-8801358,是,否,是,POINT (118 24),sea,333.7391795998785,44.39999999999984,island_金門
3752,金門縣金沙鎮,大洋里,大洋里東山22號,118.271,24.274,金沙鎮大洋里辦公處,金門縣金沙鎮大洋里,30,"水災,震災,土石流",吳有泰,082-335089,是,否,否,POINT (118.271 24.274),sea,307.4543113325945,13.985999999999741,island_金門
3762,金門縣金沙鎮,何斗里,何斗里斗門55-3號,118.24,24.282,金沙鎮何斗里辦公處,金門縣金沙鎮何斗里,80,"水災,震災,土石流,海嘯",陳金德,082-351872,是,否,否,POINT (118.24 24.282),sea,310.9966456475059,13.097999999999839,island_金門
3763,金門縣金沙鎮,三山里,三山里碧山58-1號,118.245,24.282,金沙鎮三山里辦公處,金門縣金沙鎮三山里,30,"水災,震災,土石流",陳賜發,082-351840,是,否,否,POINT (118.245 24.282),sea,310.4499348188041,13.097999999999839,island_金門
3764,金門縣金沙鎮,浦山里,浦山里浦邊4-3號,118.232,24.284,金沙鎮浦山里辦公處,金門縣金沙鎮浦山里,30,"水災,震災,土石流",周家才,082-352848,是,否,否,POINT (118.232 24.284),sea,311.9096049819563,12.875999999999962,island_金門
3765,金門縣金沙鎮,光前里,光前里陽翟96-5號,118.253,24.284,金沙鎮光前里辦公處,金門縣金沙鎮光前里,80,"水災,震災,土石流",翁麗治,082-353833,是,否,否,POINT (118.253 24.284),sea,309.61370296710055,12.875999999999962,island_金門
3769,金門縣金沙鎮,汶沙里,汶沙里國中路1-1號,118.245,24.291,金沙鎮汶沙里辦公處,金門縣金沙鎮汶沙里,30,"水災,震災,土石流",張瀚龍,082-352556,是,否,否,POINT (118.245 24.291),sea,310.6236581878458,12.098999999999801,island_金門
3779,金門縣金沙鎮,西園里,西園里西園1-3號,118.242,24.303,金沙鎮西園里辦公處,金門縣金沙鎮西園里,30,"水災,震災,土石流",黃木林,082-354628,否,否,否,POINT (118.242 24.303),sea,311.1877229792328,10.76699999999975,island_金門
3794,金門縣金沙鎮,官嶼里,官嶼里官澳82-2號,118.245,24.311,金沙鎮官嶼里辦公處,金門縣金沙鎮官嶼里,30,"水災,震災,土石流",楊恭勤,082-351715,是,否,否,POINT (118.245 24.311),sea,311.02085117560796,9.878999999999849,island_金門
4029,宜蘭縣蘇澳鎮,岳明里,岳明新村91號,121.8502,24.6122,岳明社區活動中心,港邊里,40,"水災,震災,土石流",林玉明,02-29287551,是,否,是,POINT (121.8502 24.6122),sea,130.513952934083,6.4370094622603204,mainland
4034,宜蘭縣蘇澳鎮,港邊里,嶺腳路140號,121.8531,24.6135,岳明國小,港邊里,63,"水災,震災,土石流,海嘯",黃建榮,03-9903044,是,是,是,POINT (121.8531 24.6135),sea,130.8464431196351,6.748540470717688,mainland
4040,宜蘭縣蘇澳鎮,隘丁里,城中路40號,121.837,24.6158,隘丁社區活動中心,隘丁里,47,"震災,土石流,海嘯",李福全,03-9903951,是,否,是,POINT (121.837 24.6158),sea,129.7370469196831,5.8528888214018835,mainland
4044,宜蘭縣蘇澳鎮,永榮里,新馬路2號,121.8328,24.6179,文化國中,永榮里、隘丁里,61,"水災,震災,土石流,海嘯",林琦瑄,03-9903060,是,是,是,POINT (121.8328 24.6179),sea,129.56682722151564,5.750667709251715,mainland
4046,宜蘭縣蘇澳鎮,新城里,慶安路1號,121.8272,24.6204,慶安廟活動中心,新城里,42,"水災,震災,土石流,海嘯",蕭旺德,03-9903816,是,否,是,POINT (121.8272 24.6204),sea,129.31933512046868,5.588087464212808,mainland
4048,宜蘭縣蘇澳鎮,永榮里,和平路51號,121.8362,24.6212,永榮社區活動中心,永榮里,78,"水災,震災,土石流,海嘯",陳旺德,03-9906581,是,否,是,POINT (121.8362 24.6212),sea,130.09275199441407,6.271508614017394,mainland
4049,宜蘭縣蘇澳鎮,永榮里,大同路108號,121.8349,24.6219,馬賽國小,永榮里、新城里,63,"水災,震災,土石流,海嘯",盧聰賢,03-9902694,是,是,是,POINT (121.8349 24.6219),sea,130.0443341942281,6.244249650777153,mainland
4050,宜蘭縣蘇澳鎮,頂寮里,頂寮路2號,121.838037,24.623428,頂寮文教活動中心,頂寮里,170,"水災,震災,土石流",蘇長盛,03-9901786,是,是,是,POINT (121.838037 24.623428),sea,130.41152270170574,6.591908520871829,mainland
4053,宜蘭縣蘇澳鎮,永榮里,思村路9號,121.832,24.6249,福德社區活動中心,永榮里,60,"震災,土石流",林森豪,03-9908208,是,否,是,POINT (121.832 24.6249),sea,130.04937403620926,6.309476455672277,mainland
4056,宜蘭縣蘇澳鎮,存仁里,存仁路199之1號,121.8419,24.6262,存仁社區活動中心,存仁里,55,土石流,許金鴻,03-9901977,是,是,是,POINT (121.8419 24.6262),sea,130.93305410800554,7.098039320831396,mainland
4075,宜蘭縣蘇澳鎮,龍德里,福德路134號,121.833,24.6402,育英國小,龍德里,80,"水災,震災,土石流",李明怡,03-9901294,是,是,是,POINT (121.833 24.6402),sea,131.3287642439384,7.718180734542966,mainland
4079,宜蘭縣冬山鄉,三奇村,成興路812號,121.814,24.6435,三奇社區活動中心,三奇村,40,震災,謝見忠,03-9591532,是,否,是,POINT (121.814 24.6435),sea,130.11587654183415,6.712519697864544,mainland
4080,宜蘭縣冬山鄉,補城村,建進2路29號,121.8023,24.6436,補城社區活動中心,補城村,41,震災,陳振仁,03-9509029,是,否,否,POINT (121.8023 24.6436),sea,129.22546632243206,5.923956832706214,mainland
4082,宜蘭縣五結鄉,成興村,蘇澳鎮頂寮路20巷2號,121.8327,24.6447,成興社區老人活動中心,成興村,121,"水災,震災",張添祥,03-9501752,是,否,是,POINT (121.8327 24.6447),sea,131.66057051744855,8.092017944692701,mainland
4091,宜蘭縣五結鄉,成興村,利成路一段185號,121.8263,24.6532,成興村老人福利中心,成興村、利澤村、季新村,539,"水災,震災",張金發,03-9502182,是,否,是,POINT (121.8263 24.6532),sea,131.8389354459828,8.40062834994614,mainland
4107,宜蘭縣冬山鄉,武淵村,富農路2段325號,121.7976,24.6606,武淵社區活動中心,武淵村,108,震災,林新來,03-9507347,是,否,是,POINT (121.7976 24.6606),sea,130.24411555429293,7.093171648824589,mainland
4115,宜蘭縣五結鄉,利澤村,下福路156號,121.8238,24.6649,利澤社區活動中心,利澤村,141,"水災,震災",陳朝彬,03-9503031,是,否,是,POINT (121.8238 24.6649),sea,132.5833760410787,9.25539155440265,mainland
4120,宜蘭縣羅東鎮,,羅東鎮新群里月眉路300號,121.7922,24.6673,新群社區活動中心,新群里,114,震災,李淑芬,03-9506763張文哲,是,否,是,POINT (121.7922 24.6673),sea,130.38555975156868,7.312216889146117,mainland
4121,宜蘭縣冬山鄉,群英村,冬山路5段51號,121.7735,24.6674,群英社區活動中心,群英村,64,震災,黃泰齡,03-9582580,是,否,是,POINT (121.7735 24.6674),sea,129.0030620109847,6.046622167286364,mainland
4127,宜蘭縣羅東鎮,南昌里,站前南路1號,121.7725,24.669,第三公園管理站南昌社區活動中心,南昌里 南豪里 成功里,133,"水災,震災,海嘯",林丞溱,03-9541185,是,否,是,POINT (121.7725 24.669),sea,129.06189382327332,6.1186637129919035,mainland
4129,宜蘭縣羅東鎮,,興東南路100號,121.7687,24.6707,成功國小體育館,南昌里 成功里 南豪里 羅莊里 新群里,228,,魏碧卿,03-9542156128,否,否,否,POINT (121.7687 24.6707),sea,128.92343850433053,6.0086543256303075,mainland
4132,宜蘭縣羅東鎮,羅莊里,羅莊街357號,121.7797,24.6716,羅莊社區活動中心,羅莊里,122,"水災,震災,海嘯",賴雲木,03-9506616,是,否,是,POINT (121.7797 24.6716),sea,129.8092037825135,6.837132101248719,mainland
4133,宜蘭縣羅東鎮,開明里,清潭路146號2樓,121.7709,24.6725,阿束社社區活動中心,開明里,28,"水災,震災,海嘯",莊添鐘,03-9542525,是,否,是,POINT (121.7709 24.6725),sea,129.23484840498682,6.3162911964825215,mainland
4134,宜蘭縣羅東鎮,開明里,清潭路146號2樓,121.7709,24.6725,仁和社區活動中心,仁和里,28,"水災,震災,海嘯",陳圳茂,03-9565033,是,否,是,POINT (121.7709 24.6725),sea,129.23484840498682,6.3162911964825215,mainland
4136,宜蘭縣羅東鎮,集祥里,公園路13號,121.7682,24.6733,第二公園管理站羅東鎮老人館,集祥里,99,"水災,震災,海嘯",林姿妙,03-9545102,是,否,是,POINT (121.7682 24.6733),sea,129.1032658987753,6.2023876715149715,mainland
4137,宜蘭縣羅東鎮,,羅東鎮忠義巷92之1號,121.7663,24.6736,仁德社區活動中心,仁德里,98,"水災,震災,海嘯",林啟東,03-9546412,是,否,是,POINT (121.7663 24.6736),sea,128.9890996970287,6.099193024963781,mainland
4138,宜蘭縣羅東鎮,,羅東鎮漢民里純精路一段219號,121.7635,24.6737,漢民社區活動中心,漢民里,201,"水災,震災,海嘯",蔡德昌,03-9563167,是,否,是,POINT (121.7635 24.6737),sea,128.7927188343342,5.917142091895683,mainland
4139,宜蘭縣羅東鎮,,羅東鎮東安里天祥路171號,121.7766,24.6745,東安社區活動中心,東安里,289,"水災,震災,海嘯",李錫欽,03-9569985,是,否,是,POINT (121.7766 24.6745),sea,129.8205533689099,6.879967614911155,mainland
4142,宜蘭縣羅東鎮,,北成路一段125號,121.7586,24.6756,北成國小自強館,北成里 維揚里 西安里,319,,鍾月秋,03-9512626,否,否,否,POINT (121.7586 24.6756),sea,128.5947968298873,5.749694174850052,mainland
4144,宜蘭縣羅東鎮,,忠孝路48號,121.7649,24.676,聖安宮,本鎮災害發生區域之鎮民提供災民住宿,400,"水災,震災,海嘯",謝義光,03-9544021/9541715,是,否,是,POINT (121.7649 24.676),sea,129.08722605746047,6.214070084332179,mainland
4145,宜蘭縣羅東鎮,大新里,中正路128號2樓,121.7714,24.676,大新社區活動中心,大新里,54,"水災,震災,海嘯",郭月嬌,9543906,是,否,是,POINT (121.7714 24.676),sea,129.56291452865648,6.657028236983371,mainland
4149,宜蘭縣羅東鎮,,羅東鎮中興路1號,121.7669,24.6765,羅東鎮展演廳,中山里、賢文里,510,"水災,震災,海嘯",林姿妙,03-9545102轉253,是,否,是,POINT (121.7669 24.6765),sea,129.27511292998406,6.394173948597744,mainland
4150,宜蘭縣五結鄉,季新村,季新村季水路北巷6-1號,121.8317,24.6766,季新社區活動中心,季新村,110,"水災,震災",張文政,03-9370451,是,否,否,POINT (121.8317 24.6766),sea,134.12881247684984,10.81888780310008,mainland
4152,宜蘭縣羅東鎮,,國華街101號,121.7608,24.6767,國華國中自強館,仁德里 國華里 漢民里,306,,游贊薰,03-513062303,否,否,否,POINT (121.7608 24.6767),sea,128.84702568988564,5.995998378412256,mainland
4153,宜蘭縣羅東鎮,北成里,北成路二段57巷6號,121.7527,24.6789,北成社區活動中心,北成里 國華里,210,"水災,震災,海嘯",張鐸川,03-9611090,是,否,是,POINT (121.7527 24.6789),sea,128.44491512901567,5.636764184284235,mainland
4155,宜蘭縣羅東鎮,,公正路199號,121.7667,24.6793,公正國小體育館,大新里 賢文里 仁和里 中山里 開明里,1309,,林勇志,03-9566659,是,是,否,POINT (121.7667 24.6793),sea,129.49458953554785,6.625875136137868,mainland
4156,宜蘭縣五結鄉,季新村,新店路99號,121.8178,24.6797,新店社區活動中心,季新村,77,"水災,震災",張文政,03-9370451,是,否,是,POINT (121.8178 24.6797),sea,133.32338086971131,10.143254928507615,mainland
4161,宜蘭縣羅東鎮,,中華路99號,121.7683,24.6825,羅東國中自強館,信義里 公正里 東安里 集祥里,277,,陳俊宏,03-9542075,否,否,否,POINT (121.7683 24.6825),sea,129.8790665809542,7.015288896709901,mainland
4163,宜蘭縣羅東鎮,樹林里,文林路130號,121.7614,24.6833,第五公園管理站樹林社區活動中心,樹林里,146,震災,黃再興,9540605,是,否,是,POINT (121.7614 24.6833),sea,129.44469777032145,6.615166257721567,mainland
4164,宜蘭縣羅東鎮,信義里,中華路189號,121.7686,24.6835,第一公園管理站信義社區活動中心,信義里 公正里,153,震災,盧業聲,03-9550025,是,否,是,POINT (121.7686 24.6835),sea,129.98465934644008,7.123351215269201,mainland
4170,宜蘭縣五結鄉,五結村,五結路二段343號,121.7984,24.6847,五結鄉公所,五結村,153,"水災,震災",簡松樹,03-9501115,是,否,是,POINT (121.7984 24.6847),sea,132.27812995597566,9.259285692008062,mainland
4172,宜蘭縣五結鄉,五結村,五結中路12號3樓,121.7979,24.6852,五結社區活動中心,五結,84,"水災,震災",洪銘鎮,03-9602799,是,否,是,POINT (121.7979 24.6852),sea,132.28217237197882,9.26902103602211,mainland
4177,宜蘭縣五結鄉,福興村,興盛北路182巷16號,121.7798,24.6865,正勉堂,福興村,154,"水災,震災",廖明國,03-9505792,是,否,否,POINT (121.7798 24.6865),sea,131.05383604873933,8.149456474376459,mainland
4183,宜蘭縣五結鄉,四結村,光榮北路198號,121.7739,24.6873,四結社區活動中心,上四、四結、中興村,93,"水災,震災",陳鋕淮,03-9550146,是,否,是,POINT (121.7739 24.6873),sea,130.6891251118468,7.817481243488915,mainland
4186,宜蘭縣羅東鎮,竹林里,復興路二段122號,121.7658,24.6883,竹林社區活動中心,竹林里,148,"水災,震災,海嘯",黃德勝,03-9563328,是,否,是,POINT (121.7658 24.6883),sea,130.183955909052,7.353105334006608,mainland
4187,宜蘭縣五結鄉,協和村,五結路2段199號,121.8045,24.6883,協和社區活動中心,協和村,161,"水災,震災",謝錫琴,03-9506695,是,否,是,POINT (121.8045 24.6883),sea,133.02863248917546,9.990410027483026,mainland
4188,宜蘭縣羅東鎮,,復興路二段128號,121.7661,24.6887,竹林國小體育館,竹林里 仁愛里 樹林里,357,震災,盧紹彬,03-954208433,是,是,是,POINT (121.7661 24.6887),sea,130.23932779656033,7.4085967948877975,mainland
4201,宜蘭縣五結鄉,錦眾村,五結路一段120號,121.828,24.6929,八大庄一百甲城煌廟,錦眾村,51,"水災,震災",林錫金,03-9503065,是,否,是,POINT (121.828 24.6929),sea,135.1674856820607,11.99491736002894,mainland
4211,宜蘭縣五結鄉,孝威村,孝威路322號,121.8117,24.6961,孝威社區活動中心,孝威村,168,"水災,震災",吳明吉,03-9504299,是,否,是,POINT (121.8117 24.6961),sea,134.2068542366598,11.164492515608371,mainland
4213,宜蘭縣五結鄉,大吉村,大吉五路58號,121.8002,24.6963,五結國中五動館,大吉村,465,"水災,震災",余源興,03-9501105#13,是,否,是,POINT (121.8002 24.6963),sea,133.36980178185044,10.398320941682421,mainland
4216,宜蘭縣五結鄉,孝威村,孝威路322號,121.7652,24.6974,四結福德廟,孝威村,106,"水災,震災",高志肇,03-650428,是,否,否,POINT (121.7652 24.6974),sea,130.9074442260631,8.109541563917658,mainland
4220,宜蘭縣五結鄉,三興村,三結東路14號,121.7867,24.6994,開基灶君廟省民堂,三興村,32,"水災,震災",鐘文通,03-9506868,是,否,否,POINT (121.7867 24.6994),sea,132.63535100888424,9.749947030328984,mainland
4225,宜蘭縣羅東鎮,,羅東鎮仁愛里復興路三段557號,121.756,24.7014,仁愛社區活動中心,仁愛里,174,"水災,震災,海嘯",藍聰明,03-9654034,是,否,是,POINT (121.756 24.7014),sea,130.58705190469684,7.833057793911927,mainland
4232,宜蘭縣五結鄉,三興村,三結路43-1號,121.7739,24.7056,三興社區活動中心,三興村,83,"水災,震災",羅淑惠,03-9500714,是,否,否,POINT (121.7739 24.7056),sea,132.22670038600353,9.42089240264545,mainland
4240,宜蘭縣五結鄉,二結村,學進路83號,121.762,24.7095,二結社區活動中心,二結、鎮安村,170,"水災,震災",簡汝育,03-9659413,是,否,是,POINT (121.762 24.7095),sea,131.70393234163495,8.951648821155832,mainland
4244,宜蘭縣員山鄉,七賢村,賢德路一段61巷25號,121.735106,24.714634,七賢村民眾活動中心,七賢村、深溝村,78,"水災,震災,土石流,海嘯",高明芳,03-9224019,是,否,是,POINT (121.735106 24.714634),sea,130.250645824697,7.568723733235605,mainland
4245,宜蘭縣員山鄉,深溝村,深洲一路37巷7號,121.71978,24.715727,深溝村集會所,深溝村、七賢村,10,"水災,震災,土石流,海嘯",張秀偉,03-9224567,是,否,是,POINT (121.71978 24.715727),sea,129.28708915491993,6.620063135761327,mainland
4253,宜蘭縣宜蘭市,建業里,縣政七街50巷1號,121.757,24.7256,凱旋國民中學樂活館,建業里、南津里,164,"水災,震災,海嘯",陳志勇校長/李哲榮主任,03-9255600轉402,是,否,是,POINT (121.757 24.7256),sea,132.72668570999608,10.02156312832873,mainland
4254,宜蘭縣宜蘭市,南津里,凱旋路130號,121.7636,24.7256,凱旋國小展藝館,南津里、凱旋里,277,"水災,震災,海嘯",李元煌主任,03-9253793-104,是,否,是,POINT (121.7636 24.7256),sea,133.19168954075147,10.471336021789204,mainland
4256,宜蘭縣宜蘭市,凱旋里,旋流路3之5號,121.7682,24.7276,凱旋社區活動中心,凱旋里,64,"水災,震災,海嘯",張換輝,03-9254187,是,否,是,POINT (121.7682 24.7276),sea,133.68810692428787,10.96005029130712,mainland
4259,宜蘭縣壯圍鄉,新南村,壯圍鄉新南村美福路一段76號,121.7873,24.7294,新南活動中心,新南,44,"水災,震災,海嘯",潘玉蘭,03-9252449,是,否,是,POINT (121.7873 24.7294),sea,135.2026317556355,12.419378359052429,mainland
4260,宜蘭縣壯圍鄉,復興村,壯圍鄉復興村紅葉路69-4號,121.8225,24.7297,紅葉活動中心,復興村,61,"水災,震災,海嘯",黃銘海,03-9385121,是,否,是,POINT (121.8225 24.7297),sea,137.78531270472956,14.844452553017014,mainland
4261,宜蘭縣宜蘭市,南橋里,南橋路240號,121.7412,24.7307,南橋社區活動中心,南橋里,38,"水災,震災,海嘯",吳讚標,03-9251512,是,否,是,POINT (121.7412 24.7307),sea,132.06574240706811,9.391686370602988,mainland
4262,宜蘭縣宜蘭市,建業里,建業路86巷57號、59號,121.7566,24.7315,建業社區活動中心,建業里,26,"水災,震災,海嘯",郭淑惠,03-9369029,是,否,是,POINT (121.7566 24.7315),sea,133.2062810644082,10.511250932248538,mainland
4263,宜蘭縣員山鄉,惠好村,賢德路二段66巷50號,121.730742,24.731738,惠好社區活動中心,尚德村、惠好村,125,"水災,震災,土石流,海嘯",張金來,03-9223889,是,否,是,POINT (121.730742 24.731738),sea,131.43635431970057,8.769948360473341,mainland
4266,宜蘭縣宜蘭市,進士里,進士路8號,121.7369,24.7332,育才國小中興堂,進士里、南橋里、擺厘里,68,"水災,震災,海嘯",廖清章主任,03-9253794轉103,是,否,是,POINT (121.7369 24.7332),sea,131.98660127395542,9.317697756094324,mainland
4272,宜蘭縣員山鄉,湖北村,大湖五路80號,121.718042,24.735298,湖北社區活動中心,湖北村.湖東村,30,"水災,震災,土石流,海嘯",黃涼杰,03-9231482,是,否,是,POINT (121.718042 24.735298),sea,130.88432927398247,8.216396699819166,mainland
4275,宜蘭縣壯圍鄉,永鎮村,壯圍鄉永鎮村壯濱路四段375號,121.8154,24.7366,永鎮活動中心,永鎮村,118,"水災,震災,海嘯",陳再福,03-9305020,是,否,是,POINT (121.8154 24.7366),sea,137.8411175488646,14.96517081879371,mainland
4277,宜蘭縣員山鄉,尚德村,三鬮路35巷13號,121.722128,24.737618,尚德社區活動中心,尚德村、惠好村,134,"水災,震災,土石流,海嘯",林錦源,03-9225179,是,否,是,POINT (121.722128 24.737618),sea,131.36494121338782,8.698120992335305,mainland
4278,宜蘭縣員山鄉,逸仙村,大湖十六路181巷2號,121.700435,24.738714,逸仙社區活動中心,逸仙村.湖東村,34,"水災,震災,土石流,海嘯",廖文杰,03-9221759,是,否,是,POINT (121.700435 24.738714),sea,130.00716734696493,7.3158287017758585,mainland
4282,宜蘭縣宜蘭市,進士里,進士路53號,121.7465,24.7414,進士里鎮興廟,進士里,46,"水災,震災,海嘯",陳正達陳定三,03-9359123,是,否,否,POINT (121.7465 24.7414),sea,133.36160168283038,10.690381262111082,mainland
4285,宜蘭縣宜蘭市,黎明里,黎明路481巷11號,121.7712,24.7427,黎明里慶安廟,黎明里,30,"水災,震災,海嘯",林庚申,03-9380436,是,否,是,POINT (121.7712 24.7427),sea,135.1938410813519,12.48752576715208,mainland
4286,宜蘭縣宜蘭市,黎明里,黎明路326號,121.776,24.744,黎明社區活動中心,黎明里,35,"水災,震災,海嘯",朱照雄,03-9383053,是,否,是,POINT (121.776 24.744),sea,135.64327167979954,12.92853685100049,mainland
4287,宜蘭縣壯圍鄉,吉祥村,壯圍鄉吉祥村壯五路63號,121.789598,24.744488,壯五活動中心,吉祥,163,"水災,震災,海嘯",王建發,975675928,是,否,是,POINT (121.789598 24.744488),sea,136.64828485699726,13.897962937257438,mainland
4288,宜蘭縣員山鄉,員山村,文化路156號,121.722886,24.745244,老人文康中心,員山村.尚德村,28,"水災,震災,土石流,海嘯",朱進郎,9231991分機401,是,否,是,POINT (121.722886 24.745244),sea,132.08768616757123,9.417952328753419,mainland
4289,宜蘭縣宜蘭市,思源里,神農路一段1號,121.7481,24.7453,國立宜蘭大學體育館,思源里、文化里、復興里、七結里、擺厘里,375,"水災,震災,海嘯",張進裕,03-9317240,是,否,是,POINT (121.7481 24.7453),sea,133.81121130047316,11.14112768997342,mainland
4291,宜蘭縣員山鄉,湖東村,茄苳路68-2號,121.708869,24.746017,湖東社區活動中心,湖東村.湖北村,13,"水災,震災,土石流,海嘯",陳朝松,9223998,是,否,是,POINT (121.708869 24.746017),sea,131.21699745203563,8.530458897721276,mainland
4292,宜蘭縣壯圍鄉,吉祥村,壯圍鄉壯志路1號,121.785768,24.746835,壯圍鄉公所,全鄉,190,"水災,震災,海嘯",簡文魁,03-9383017,是,否,是,POINT (121.785768 24.746835),sea,136.5763714919635,13.842598035848534,mainland
4293,宜蘭縣壯圍鄉,大福村,壯圍鄉大福村壯濱路6段279號,121.7858,24.7469,大福補天宮,全鄉,600,"水災,震災,海嘯",陳福山,03-9301171,是,否,是,POINT (121.7858 24.7469),sea,136.58419198886043,13.850473929155388,mainland
4294,宜蘭縣宜蘭市,思源里,泰山路七結巷9之10號,121.7374,24.7482,思源社區活動中心,思源里、七結里,35,"水災,震災,海嘯",郭燈和羅文輝,03-9324589,是,否,是,POINT (121.7374 24.7482),sea,133.3313777098245,10.666042902075235,mainland
4295,宜蘭縣員山鄉,湖西村,隘界路131號,121.68547,24.748286,雙湖社區活動中心,湖西村.湖北村,78,"水災,震災,土石流,海嘯",游錦淡,9222491,是,否,是,POINT (121.68547 24.748286),sea,129.88022007447216,7.1346831557012695,mainland
4298,宜蘭縣宜蘭市,,女中路一段148號,121.766,24.7488,三聖宮,新東里,85,"水災,震災,海嘯",李漢銘,03-9385065,是,否,是,POINT (121.766 24.7488),sea,135.35526970990108,12.667629631417618,mainland
4299,宜蘭縣宜蘭市,文化里,復興路二段77號,121.7476,24.7489,復興國中群育館,文化里、復興里,212,"水災,震災,海嘯",游淑珣校長,03-9322942分機5033,是,否,否,POINT (121.7476 24.7489),sea,134.09043361616094,11.422479131987618,mainland
4300,宜蘭縣員山鄉,永和村,溫泉路62-1號,121.711078,24.749471,永和社區活動中心,永和村.頭分村,96,"水災,震災,土石流,海嘯",阮俊義,39226129,是,否,是,POINT (121.711078 24.749471),sea,131.6708510750117,8.983629426242981,mainland
4302,宜蘭縣宜蘭市,延平里,東港路二巷14弄21號,121.7838,24.7504,五大社區活動中心,延平里,38,"水災,震災,海嘯",李江俊,03-9380765,是,否,是,POINT (121.7838 24.7504),sea,136.74202585379504,14.020842449406006,mainland
4303,宜蘭縣宜蘭市,東村里,女中路一段100號,121.7669,24.7505,中華國中,東村里、新東里,420,"水災,震災,海嘯",林志全校長/事務組長林小筠,03-9382704,是,否,是,POINT (121.7669 24.7505),sea,135.56485304480688,12.877913062126735,mainland
4304,宜蘭縣宜蘭市,建軍里,復興路三段8號,121.7428,24.7511,國立宜蘭高中體育館,延平里、建軍里、泰山里,237,"水災,震災,海嘯",張家豪主任,03-9324153轉100,是,否,是,POINT (121.7428 24.7511),sea,133.95373350172085,11.288131384590143,mainland
4305,宜蘭縣壯圍鄉,美城村,壯圍鄉美城村永美路2段121號,121.8017,24.7513,美城活動中心,美城,155,"水災,震災,海嘯",林文達,03-9307656,是,否,是,POINT (121.8017 24.7513),sea,138.0910747303385,15.319537340914637,mainland
4306,宜蘭縣宜蘭市,,校舍路1號,121.7643,24.7517,黎明國小體育館,新東里、東村里,108,"水災,震災,海嘯",顏禾主任,03-9383792分機104或114,是,否,是,POINT (121.7643 24.7517),sea,135.4876467024949,12.805871516420854,mainland
4307,宜蘭縣宜蘭市,神農里,民權路一段65號,121.7539,24.7526,社福大樓2樓,神農里、大新里、民權里,56,"水災,震災,海嘯",黃美色,03-9325164,是,否,是,POINT (121.7539 24.7526),sea,134.84613187767025,12.175994758694966,mainland
4308,宜蘭縣宜蘭市,神農里,崇聖街2號,121.7547,24.7532,宜蘭國小活動中心,神農里、大新里、新民里,286,"水災,震災,海嘯",施 智文校長,03-9322210轉511,是,否,是,POINT (121.7547 24.7532),sea,134.95346630572323,12.283083542852106,mainland
4309,宜蘭縣宜蘭市,神農里,中山路二段293號295號,121.7526,24.7534,東嶽廟,神農里、大新里,350,"水災,震災,海嘯",林添福,03-9322590,是,否,是,POINT (121.7526 24.7534),sea,134.82631894671005,12.15749760506758,mainland
4310,宜蘭縣宜蘭市,負郭里,泰山路98號,121.7426,24.754,南屏國小活動中心,南門里、負郭里、建軍里、泰山里,231,"水災,震災,海嘯",張培源主任,03-9323795轉1104,是,否,是,POINT (121.7426 24.754),sea,134.1939392594164,11.528594381743124,mainland
4311,宜蘭縣宜蘭市,神農里,崇聖街4號,121.7546,24.754,中山國小五育館,神農里、大新里、新民里、東門里,65,"水災,震災,海嘯",張至文,03-9322064-105,是,否,是,POINT (121.7546 24.754),sea,135.0162114279613,12.346363278945024,mainland
4312,宜蘭縣宜蘭市,負郭里,泰山路60號,121.747,24.7545,光復國小五育館,西門里、南門里、負郭里、民族里,284,"水災,震災,海嘯",吳志堅校長,03-9322077轉1833,是,否,否,POINT (121.747 24.7545),sea,134.53819323615872,11.872252025448363,mainland
4313,宜蘭縣宜蘭市,,延平路50號,121.7655,24.7549,國立宜蘭高商四維堂,成功里、慈安里、中興里、延平里,283,"水災,震災,海嘯",申天祺,03-9384147轉510,是,否,是,POINT (121.7655 24.7549),sea,135.84805006867055,13.168026313752884,mainland
4315,宜蘭縣壯圍鄉,美福村,壯圍鄉美福村美福路3段92巷6號,121.791,24.7569,美福活動中心,美福,60,"水災,震災,海嘯",潘文益,03-9256618,是,否,是,POINT (121.791 24.7569),sea,137.8072313552883,15.0810214125642,mainland
4318,宜蘭縣宜蘭市,中山里,城隍街52號,121.7511,24.7593,碧霞宮,中山里,48,"水災,震災,海嘯",黃彩堂,03-9323655,是,否,是,POINT (121.7511 24.7593),sea,135.23826112347,12.572223260076655,mainland
4319,宜蘭縣壯圍鄉,過嶺村,壯圍鄉過村壯濱路3段295號,121.815365,24.759471,過嶺活動中心,過嶺村,66,"水災,震災,海嘯",林萬固,03-9301160,是,否,是,POINT (121.815365 24.759471),sea,139.7632680644532,16.966699136071746,mainland
4320,宜蘭縣員山鄉,頭分村,永同路2段186之1號,121.719624,24.759721,結頭份社區活動中心,頭分村.永和村,52,"水災,震災,土石流,海嘯",陳聰文,03-9223108,是,否,是,POINT (121.719624 24.759721),sea,133.15018402335218,10.464102661186457,mainland
4321,宜蘭縣宜蘭市,梅洲里,鎮平路98號,121.7442,24.7608,梅洲里鎮平宮,梅洲里,35,"水災,震災,海嘯",林征儀,03-9283036,是,否,是,POINT (121.7442 24.7608),sea,134.89903935862588,12.233433288379599,mainland
4322,宜蘭縣宜蘭市,菜園里,宜蘭市新興路111號,121.7575,24.7608,東園社區活動中心,慈安里、東門里、小東里、菜園里、中興里,44,"水災,震災,海嘯",徐佳庭,03-9320883,是,否,否,POINT (121.7575 24.7608),sea,135.80807541412935,13.13979381611077,mainland
4323,宜蘭縣宜蘭市,中山里,同慶街95號,121.7506,24.7617,宜蘭縣社會福利館多功能劇場,中山里,32,"水災,震災,海嘯",楊秀川,03-9328822-341,是,否,否,POINT (121.7506 24.7617),sea,135.41396082845415,12.748432986736569,mainland
4324,宜蘭縣員山鄉,同樂村,同新路182號,121.729673,24.762017,同樂社區活動中心,同樂村.枕山村,94,"水災,震災,土石流,海嘯",吳鋌欽,03-9224573,是,否,是,POINT (121.729673 24.762017),sea,134.0252903316425,11.35008711389732,mainland
4325,宜蘭縣宜蘭市,北門里,碧霞街136號,121.7524,24.7622,慶和社區活動中心1樓,北門里,45,"水災,震災,海嘯",陳淑美,03-9367075,是,否,是,POINT (121.7524 24.7622),sea,135.58069997827818,12.91490736938037,mainland
4326,宜蘭縣宜蘭市,北門里,慶和街慶和巷16號,121.7518,24.7626,慶和里慶和廟,北門里,4,"水災,震災,海嘯",陳漢榮,03-9362905,是,否,是,POINT (121.7518 24.7626),sea,135.57467478109623,12.909066162972282,mainland
4327,宜蘭縣宜蘭市,梅洲里,金同春路48號1樓,121.7443,24.7631,梅洲社區活動中心,梅洲里,86,"水災,震災,海嘯",游西湖,03-9283552,是,否,是,POINT (121.7443 24.7631),sea,135.10775276089797,12.441769650285199,mainland
4328,宜蘭縣宜蘭市,孝廉里,力行路１５２號,121.755,24.7638,力行國小英才館,孝廉里,148,"水災,震災,海嘯",石遠謀,03-9322309轉282,是,否,是,POINT (121.755 24.7638),sea,135.89843102935328,13.232279584246868,mainland
4329,宜蘭縣宜蘭市,小東里,樹人路37號,121.75,24.7639,宜蘭國中活動中心,小東里、菜園里、孝廉里、北門里、思源里,356,"水災,震災,海嘯",康興國/王秀雨,03-9322519,是,否,否,POINT (121.75 24.7639),sea,135.5656414819403,12.900304353359251,mainland
4330,宜蘭縣宜蘭市,七張里,七張路62之11號,121.7752,24.764,七張社區活動中心,七張里,140,"水災,震災,海嘯",楊聰明,03-9305306,是,否,是,POINT (121.7752 24.764),sea,137.30978349644258,14.626380847095906,mainland
4332,宜蘭縣宜蘭市,新生里,大福路1段243號,121.7642,24.7646,新生社區活動中心,新生里,35,"水災,震災,海嘯",黃正來,910096762,是,否,否,POINT (121.7642 24.7646),sea,136.60013759436725,13.929330215671943,mainland
4334,宜蘭縣宜蘭市,七張里,七張路539號,121.7695,24.7648,七張里慈雲寺,七張里,25,"水災,震災,海嘯",林金獅,03-9302180,否,是,是,POINT (121.7695 24.7648),sea,136.98359252877654,14.308035097827876,mainland
4335,宜蘭縣壯圍鄉,忠孝村,壯圍鄉忠孝村順和路47-4號,121.799791,24.764974,順和活動中心,忠孝村,66,"水災,震災,海嘯",李炳賢,937461598,是,否,是,POINT (121.799791 24.764974),sea,139.11982375399464,16.38753378531627,mainland
4340,宜蘭縣宜蘭市,北津里,金同春路231號,121.7499,24.7675,北津社區活動中心,北津里,72,"水災,震災,海嘯",吳益賓,03-9283585,是,否,否,POINT (121.7499 24.7675),sea,135.8744403096472,13.208914758612472,mainland
4342,宜蘭縣員山鄉,枕山村,枕山路43-1號,121.718546,24.768291,枕山社區活動中心,枕山村.同樂村,60,"水災,震災,土石流,海嘯",何世德,03-9231666,是,否,是,POINT (121.718546 24.768291),sea,133.84113842206332,11.141526839078786,mainland
4343,宜蘭縣宜蘭市,北津里,北津路31-5號,121.7546,24.7686,北津里帝王廟,北津里,10,"水災,震災,海嘯",楊順木,03-9285311,是,否,是,POINT (121.7546 24.7686),sea,136.29096567828663,13.625587482424926,mainland
4347,宜蘭縣壯圍鄉,東港村,壯圍鄉東港村?後路50-1號,121.8,24.7706,?後活動中心,東港,46,"水災,震災,海嘯",黃銘海,03-9385121,是,否,是,POINT (121.8 24.7706),sea,139.6159553187241,16.89471600242981,mainland
4348,宜蘭縣宜蘭市,茭白里,大坡路一段100號,121.7545,24.7707,新生國小體育館,茭白里、北津里、新生里、梅洲里,317,"水災,震災,海嘯",陳銘俊校長/吳全展主任,03-9283791轉410,是,否,是,POINT (121.7545 24.7707),sea,136.46811204651397,13.802770743485299,mainland
4349,宜蘭縣壯圍鄉,古亭村,壯圍鄉古亭村古亭路48-16號,121.8003,24.7719,古亭活動中心,古亭,199,"水災,震災,海嘯",莊木昌,03-9302708,是,否,是,POINT (121.8003 24.7719),sea,139.7485018656723,17.029063749826708,mainland
4354,宜蘭縣壯圍鄉,忠孝村,壯圍鄉忠孝村壯六路47號,121.8148,24.7751,壯六活動中心,忠孝村,129,"水災,震災,海嘯",張秀屘,03-9303178,是,否,是,POINT (121.8148 24.7751),sea,141.04947151637984,18.297579074891853,mainland
4356,宜蘭縣宜蘭市,茭白里,茭白路39-10號,121.7506,24.7763,茭白社區活動中心,茭白里,38,"水災,震災,海嘯",陳慶祥,03-9284854,是,否,是,POINT (121.7506 24.7763),sea,136.69513897008213,14.027657190216472,mainland
4358,宜蘭縣壯圍鄉,新社村,壯圍鄉新社村新社路54之3號,121.7889,24.7774,新社活動中心,新社,89,"水災,震災,海嘯",林朝璜,03-9301042,是,否,是,POINT (121.7889 24.7774),sea,139.422096471004,16.734082826193657,mainland
4363,宜蘭縣礁溪鄉,龍潭村,育龍路71號,121.7447,24.7802,龍潭國小,龍潭村,195,"水災,震災,土石流,海嘯",曾青霜,03-9284764#215,是,否,是,POINT (121.7447 24.7802),sea,136.64141162813672,13.967298057327142,mainland
4367,宜蘭縣礁溪鄉,光武村,武暖路10之3號,121.7672,24.7829,鄉立幼兒園,光武村,448,"水災,震災",繆曉梅,03-9304777,是,否,是,POINT (121.7672 24.7829),sea,138.402723702426,15.737183599128945,mainland
4369,宜蘭縣壯圍鄉,古結村,壯圍鄉古結村古結路237號,121.8094,24.7846,古結活動中心,古結,88,"震災,海嘯",賴竺麟,03-9383348,是,否,是,POINT (121.8094 24.7846),sea,141.47887394208345,18.76195498437399,mainland
4373,宜蘭縣礁溪鄉,吳沙村,育英路79號,121.7596,24.786,吳沙國中,吳沙村,742,"水災,震災",程良南,03-9284701#52,是,否,是,POINT (121.7596 24.786),sea,138.15769004785847,15.490879395567191,mainland
4375,宜蘭縣礁溪鄉,吳沙村,育英路46號,121.7598,24.7865,四結國小,玉光村,360,"水災,震災",黃淑芬,03-9284751#102,是,否,是,POINT (121.7598 24.7865),sea,138.2152054265013,15.548317925250991,mainland
4384,宜蘭縣礁溪鄉,匏崙村,匏杓崙路95之2號,121.7294,24.7924,龍潭國小匏崙分校,"匏崙村,二結村",60,"水災,震災,土石流,海嘯",魏美怡,03-9285199,是,否,是,POINT (121.7294 24.7924),sea,136.70956294466006,13.99358348616603,mainland
4396,宜蘭縣礁溪鄉,玉田村,礁溪鄉玉田村玉龍路一段479巷6號,121.7856,24.7979,玉田活動中心,備用收容所,59,"水災,震災",游新爐,939751691,是,否,是,POINT (121.7856 24.7979),sea,140.973136370622,18.30536735010313,mainland
4398,宜蘭縣礁溪鄉,玉田村,茅埔路24號,121.7832,24.7982,玉田國小,二龍村、時潮村、玉田村,254,震災,施文彬,03-9882461#101,是,否,是,POINT (121.7832 24.7982),sea,140.83470211236963,18.168098999501048,mainland
4404,宜蘭縣壯圍鄉,古亭村,壯圍鄉古亭村永美路1段180號,121.8162,24.8028,壯圍鄉立幼兒園,全鄉,351,"水災,震災,海嘯",林佳珍,03-9304246,是,否,是,POINT (121.8162 24.8028),sea,143.52047951383076,20.82000670899862,mainland
4415,宜蘭縣礁溪鄉,三民村,十六結路101之1號,121.7646,24.8099,三民活動中心,備用收容所,59,"水災,震災",吳錫祺,922885704,是,否,是,POINT (121.7646 24.8099),sea,140.60292360249832,17.925688933545104,mainland
4421,宜蘭縣礁溪鄉,三民村,礁溪鄉十六結路100號,121.7596,24.8133,三民國小,"三民村,白鵝村,林美村",180,"水災,震災,土石流,海嘯",李素月,03-9882271#82,是,否,是,POINT (121.7596 24.8133),sea,140.57040394425186,17.882853419882707,mainland
4429,宜蘭縣礁溪鄉,林美村,林尾路160號,121.7189,24.8169,佛光大學,"二龍村,時潮村,玉石村,玉光村,吳沙村,光武村,適用10公尺以上海嘯",642,"水災,震災,海嘯",蔡明達,03-9871000-1130,是,否,是,POINT (121.7189 24.8169),sea,138.23412619617517,15.424679056269756,mainland
4430,宜蘭縣礁溪鄉,大忠村,礁溪路四段23號,121.7677,24.8172,礁溪國中,大忠村,531,"水災,震災,土石流,海嘯",陳崇弘,03-9882412#105,是,否,是,POINT (121.7677 24.8172),sea,141.45682217811222,18.77655800039593,mainland
4435,宜蘭縣礁溪鄉,大忠村,礁溪路四段135號,121.7685,24.8217,礁溪國小,"大義村,六結村",339,"水災,震災,土石流,海嘯",林智偉,03-9882047-150,是,否,是,POINT (121.7685 24.8217),sea,141.90919754526146,19.22535735945542,mainland
4436,宜蘭縣礁溪鄉,林美村,礁溪鄉林美村林尾路180號,121.729,24.8222,淡江大學蘭陽校園,"德陽村,六結村,大義村,玉石村,白雲村,大忠村,三民村,林美村,白鵝村",638,"水災,震災,海嘯",黃銘川,03-9873088,是,否,是,POINT (121.729 24.8222),sea,139.3628689523861,16.57734378756329,mainland
4439,宜蘭縣頭城鎮,,頭城鎮竹安里頭濱路一段601號,121.8206,24.8252,竹安里-竹安國小五育樓,竹安,93,"震災,土石流",黃英軒,03-9771178,是,否,否,POINT (121.8206 24.8252),sea,145.7620369897455,23.08250065792386,mainland
4449,宜蘭縣礁溪鄉,德陽村,中山路二段133號,121.7651,24.8287,德陽宮弘道大樓,"德陽村,玉石村,白雲村",116,"水災,土石流,海嘯",林弘堅,03-9882248,是,否,是,POINT (121.7651 24.8287),sea,142.3053637277952,19.60698284481648,mainland
4452,宜蘭縣礁溪鄉,玉石村,礁溪鄉公園路2號,121.7768,24.8298,玉石活動中心,備用收容所,44,"水災,震災",曾如金,930164086,是,否,是,POINT (121.7768 24.8298),sea,143.18166529231263,20.500687425329073,mainland
4458,宜蘭縣頭城鎮,,頭城鎮中崙里路31號,121.8027,24.8348,中崙里-中崙社區活動中心,中崙,76,"震災,土石流",蔡天賜,03-9772361,是,否,否,POINT (121.8027 24.8348),sea,145.36925178293396,22.703795775767684,mainland
4462,宜蘭縣頭城鎮,,頭城鎮下埔里路48-3號,121.8078,24.837,下埔里-下埔社區活動中心,下埔,100,"震災,土石流",林太源,03-9772064991,是,否,否,POINT (121.8078 24.837),sea,145.90948268923435,23.244107368561558,mainland
4464,宜蘭縣頭城鎮,,頭城鎮二城里青雲路一段143號,121.7928,24.8388,二城里-二城社區活動中心,二城,117,"水災,震災,土石流,海嘯",蔡金盛,03-9882140,是,否,否,POINT (121.7928 24.8388),sea,145.0510218057079,22.379608820090922,mainland
4477,宜蘭縣頭城鎮,,頭城鎮頂埔里路一段250號,121.8149,24.8461,頂埔里-順天府池府王爺廟,金盈,29,"水災,震災,土石流",江源茂,03-9776535,是,否,否,POINT (121.8149 24.8461),sea,147.19065506213317,24.525278640844107,mainland
4479,宜蘭縣頭城鎮,,頭城鎮金盈里路39號,121.7966,24.8473,金盈里-金盈社區活動中心,金盈,37,"水災,震災,土石流,海嘯",林漢龍,03-9773029,是,否,否,POINT (121.7966 24.8473),sea,146.05714101285824,23.38332278796609,mainland
4488,宜蘭縣頭城鎮,,頭城鎮新建里新興路234-1號,121.8196,24.8539,新建里-新建社區活動中心,新建,124,"水災,震災,土石流",王新驊,03-9773214,是,否,否,POINT (121.8196 24.8539),sea,148.1943274480162,25.528992608719214,mainland
4490,宜蘭縣頭城鎮,,頭城鎮金面里路354號,121.7935,24.8549,金面里-協天廟,金面,42,"水災,震災,土石流,海嘯",吳棟然,03-9771206,是,否,是,POINT (121.7935 24.8549),sea,146.52236545817806,23.83796335343405,mainland
4492,宜蘭縣頭城鎮,,頭城鎮新建里吉祥路1號,121.8219,24.8557,城西里-城隍廟,城西里、城南里,46,"水災,震災,土石流,海嘯",黃坤福,03-9772423,是,否,否,POINT (121.8219 24.8557),sea,148.50879534256526,25.84344422038166,mainland
4495,宜蘭縣頭城鎮,,頭城鎮大坑里協天路599號,121.8315,24.8572,大坑里-協天宮,大坑,220,"震災,土石流",陳誠三,03-9772050,是,否,否,POINT (121.8315 24.8572),sea,149.29661299872166,26.629086482336724,mainland
4498,宜蘭縣頭城鎮,,頭城鎮城東里開蘭舊路6號,121.825,24.8591,城東里-城東社區活動中心,城東,53,"水災,震災,土石流",黃志安,03-9771362,是,否,否,POINT (121.825 24.8591),sea,149.0179778986753,26.35260271233045,mainland
4499,宜蘭縣頭城鎮,城北里,西五巷3-1號,121.8236,24.8592,城北里-農會,城北里,148,"水災,震災,土石流",林玉山,03-9773100,是,否,否,POINT (121.8236 24.8592),sea,148.9312940036445,26.265958150602824,mainland
4504,宜蘭縣頭城鎮,,頭城鎮拔雅里復興路12巷2號,121.8169,24.861,拔雅里-拔雅社區活動中心,拔雅,122,"水災,震災,土石流,海嘯",甘錫賢,03-9776833,是,否,否,POINT (121.8169 24.861),sea,148.63420629791136,25.967083089363847,mainland
4505,宜蘭縣頭城鎮,,頭城鎮福成里宜三路二段378號,121.8051,24.8618,福成里-福成社區活動中心,福成,48,"水災,震災,土石流,海嘯",甘伯聰,03-9776558,是,否,否,POINT (121.8051 24.8618),sea,147.90954088648192,25.233038150684315,mainland
4506,宜蘭縣頭城鎮,,頭城鎮武營里開蘭路282號,121.8274,24.863,武營里-頭城國小,武營,338,"水災,震災,土石流,海嘯",黃志聖,03-9771011,是,否,否,POINT (121.8274 24.863),sea,149.52321158589362,26.857867066672476,mainland
4509,新北市烏來區,烏來里,啦卡路5號,121.553147,24.863755,烏來國民中小學,烏來里、孝義里、信賢里、福山里,152,"水災,土石流",林俊傑,02-26616482＃50,是,否,是,POINT (121.553147 24.863755),sea,133.08646815914256,8.23438761555768,mainland
4533,宜蘭縣頭城鎮,,頭城鎮港口里（路）60-3號,121.8403,24.8762,港口里-港口社區活動中心,港口里,67,"水災,震災,土石流",李世田,03-9775440,是,否,否,POINT (121.8403 24.8762),sea,151.55913050730393,28.893527500064515,mainland
4546,宜蘭縣頭城鎮,,頭城鎮外澳里濱海路二段212號,121.8458,24.8833,外澳里-外澳社區活動中心,外澳里,49,"水災,震災",王在,03-9775402,是,否,否,POINT (121.8458 24.8833),sea,152.5560243521372,29.890426727129306,mainland
4547,新北市烏來區,信賢里,信福路48號,121.548453,24.883684,信賢活動中心,信賢里、福山里,30,"水災,土石流",趙絡涵,02-26616442,是,否,是,POINT (121.548453 24.883684),sea,134.81687794228787,9.660644719685605,mainland
4548,新北市烏來區,烏來里,烏來街34號,121.548453,24.883684,綜合活動中心,忠治里、烏來里、孝義里、信賢、福山里,30,"水災,土石流",趙絡涵,02-26616442,是,否,是,POINT (121.548453 24.883684),sea,134.81687794228787,9.660644719685605,mainland
4549,新北市烏來區,忠治里,忠治14號,121.548453,24.883684,忠治活動中心,忠治里、烏來里、孝義里,30,"水災,土石流",趙絡涵,02-26616442,是,否,是,POINT (121.548453 24.883684),sea,134.81687794228787,9.660644719685605,mainland
4550,新北市烏來區,福山里,2鄰李茂岸51號,121.548453,24.883684,福山活動中心,福山里,50,"水災,土石流",趙絡涵,02-26616442,是,否,是,POINT (121.548453 24.883684),sea,134.81687794228787,9.660644719685605,mainland
4551,新北市烏來區,烏來里,13鄰環山路82巷45號,121.548453,24.883684,烏來活動中心,烏來里、忠治里、信賢里、孝義里,50,"水災,土石流",趙絡涵,02-26616442,是,否,是,POINT (121.548453 24.883684),sea,134.81687794228787,9.660644719685605,mainland
4552,新北市烏來區,福山里,福山里李茂岸56號,121.548453,24.883684,福山國小,福山里,305,"水災,土石流",高世昌,2661-6421轉302,是,否,是,POINT (121.548453 24.883684),sea,134.81687794228787,9.660644719685605,mainland
4580,新北市新店區,龜山里,新北市新店區新烏路三段99巷10號,121.5532,24.9022,龜山國小,龜山里,75,"水災,土石流",吳英同,02-29112281#1209,是,是,否,POINT (121.5532 24.9022),sea,136.889378187937,11.606477133858164,mainland
4581,宜蘭縣頭城鎮,,頭城鎮濱海路三段93號,121.8634,24.9022,更新里-更新漁民活動中心,更新,34,"水災,震災",陳繼錫,03-9776196,是,否,否,POINT (121.8634 24.9022),sea,155.4120668172197,32.74580312652614,mainland
4582,新北市新店區,廣興里,新北市新店區平廣路一段35巷3號,121.533799,24.902531,廣興里辦公處,廣興里,37,震災,吳英同,02-29112281#1209,是,否,否,POINT (121.533799 24.902531),sea,135.970060562604,10.313350859125451,mainland
4583,新北市新店區,龜山里,新北市新店區新烏路3段136號,121.552,24.9031,龜山市民活動中心,龜山里,133,"水災,土石流",吳英同,02-29112281#1209,是,是,否,POINT (121.552 24.9031),sea,136.91901112997434,11.603556530653876,mainland
4588,新北市坪林區,石[石曹]里,石27之1號,121.745228,24.904686,石里倉庫,石里,10,"水災,震災,土石流,海嘯",徐瑄維,02-26657251#240,是,否,否,POINT (121.745228 24.904686),sea,147.9133177258767,24.910506203490662,mainland
4605,新北市新店區,華城里,新北市新店區華城路800號,121.4978,24.9109,康橋高級中學,華城里、塗潭里,250,水災,吳英同,02-29112281#1209,是,是,否,POINT (121.4978 24.9109),sea,135.1241461458684,8.593388161429534,mainland
4612,新北市新店區,廣興里,新店市廣興路57號。,121.5396,24.9125,屈尺國小廣興分校,廣興里,37,"水災,震災",吳英同,02-29112281#1209,是,否,否,POINT (121.5396 24.9125),sea,137.24665954262758,11.582138773821725,mainland
4626,新北市新店區,屈尺里,新北市新店區屈尺路五十五號,121.5463,24.9225,屈尺國小,粗坑里、屈尺里、龜山里、廣興里,320,"水災,震災,土石流",吳英同,02-29112281#1209,是,是,否,POINT (121.5463 24.9225),sea,138.57006065792132,12.914907369380956,mainland
4628,新北市新店區,屈尺里,新北市新店區屈尺路125號,121.544999,24.923518,屈尺市民活動中心,屈尺里,75,"水災,土石流",吳英同,29112281#1209,是,是,否,POINT (121.544999 24.923518),sea,138.60858525549708,12.91544281330205,mainland
4634,新北市三峽區,安坑里,建安路67號,121.4471,24.9264,建安國小,安坑里、成福里、,292,"水災,震災,土石流,海嘯",楊慧淳,02-26726783分機102,是,是,否,POINT (121.4471 24.9264),sea,134.51969831132567,6.496395060748101,mainland
4673,宜蘭縣頭城鎮,,頭城鎮合興里路94-1號,121.8859,24.9359,合興里-合興社區活動中心,合興里,44,"水災,震災,海嘯",張正益,03-9781287,是,否,否,POINT (121.8859 24.9359),sea,159.89732507462443,37.23184964831979,mainland
4675,新北市坪林區,坪林里,坪林101號,121.711784,24.93614,新北市坪林區公所,坪林里、漁光里、上德里、大林里、水德里、石里、粗窟里,50,"水災,震災,土石流,海嘯",徐瑄維,02-26657251#240,是,是,是,POINT (121.711784 24.93614),sea,148.81662668383566,25.387323882623274,mainland
4676,新北市坪林區,坪林里,坪林114號,121.71088,24.936238,新北市坪林區坪林國民小學,坪林里、水德里、石里、大林里、粗窟里、漁光里,314,"水災,震災,土石流,海嘯",吳志?,02-26656213,是,是,是,POINT (121.71088 24.936238),sea,148.7725992417594,25.33430519912174,mainland
4683,新北市新店區,直潭里,新北市新店區直潭路92號,121.5313,24.9378,直潭國小,塗潭里、直潭里、青潭里、太平里,1600,,吳英同,02-29112281#1209,是,是,否,POINT (121.5313 24.9378),sea,139.38650278319628,13.233253118648786,mainland
4684,新北市坪林區,坪林里,國中路4號,121.712825,24.938007,新北市立坪林國民中學,粗窟里、大林里、坪林里、水德里,1144,"水災,震災,土石流,海嘯",許書哲,02-26656210#13,是,是,是,POINT (121.712825 24.938007),sea,149.05359285691915,25.621848319927754,mainland
4697,宜蘭縣頭城鎮,,頭城鎮大溪里濱海路五段249號,121.8932,24.9406,大溪里-大溪社區活動中心,大溪,62,"水災,震災,土石流",陳色雄,03-9781218,是,否,否,POINT (121.8932 24.9406),sea,160.8073438826717,38.14113077925522,mainland
4706,宜蘭縣頭城鎮,,頭城鎮龜山里路221號,121.9002,24.9426,龜山里-龜山社區活動中心,龜山,28,"水災,震災,土石流",蔣金明,03-9781306,是,否,是,POINT (121.9002 24.9426),sea,161.46188352301576,38.7933988282141,mainland
4746,新北市坪林區,上德里,大粗坑11之1號,121.725304,24.951077,新昇倉庫,上德里,10,"水災,震災,土石流,海嘯",徐瑄維,02-26657251#240,是,否,否,POINT (121.725304 24.951077),sea,151.01892265885974,27.61742834201282,mainland
4748,新北市新店區,雙坑里,新北市新店區北宜路三段66號,121.5755,24.9515,雙峰國小,雙坑里、員譚里、美潭里,255,"水災,土石流",吳英同,02-29112281#1209,是,是,否,POINT (121.5755 24.9515),sea,142.89078330144332,17.445736473640103,mainland
4750,新北市新店區,公崙里,新北市新店區安忠路99號,121.5093,24.952,景文科技大學,公崙里,1855,"水災,震災,土石流",吳英同,02-29112281#1209,是,是,否,POINT (121.5093 24.952),sea,139.81112018466192,12.978187105473756,mainland
4751,新北市新店區,雙城里,台北縣新店市安康路三段322號,121.4865,24.9521,雙城國小,雙城里、香坡里、日興里、玫瑰里、吉祥里、德安里、小城里、華城里、達觀里、明城里、安昌里,399,"水災,震災",吳英同,02-29112281#1209,是,是,否,POINT (121.4865 24.9521),sea,138.8173233708967,11.43318801040378,mainland
4753,新北市土城區,祖田里,中央路4段285號2樓,121.411937,24.952776,祖田市民活動中心,祖田里 頂新里 頂福里,50,"水災,土石流",呂惠美,02-22675698,是,否,否,POINT (121.411937 24.952776),sea,135.88252585871544,6.411142653213967,mainland
4756,新北市新店區,國校里,新北市新店區新店路2號,121.5402,24.9529,新店國小,新店里、國校里,1795,"水災,震災,土石流",吳英同,02-29112281#1209,是,是,否,POINT (121.5402 24.9529),sea,141.32329113932335,15.162798302284461,mainland
4759,新北市新店區,美潭里,新北市新店區北宜路二段80號,121.5523,24.9531,青潭國小,青潭里、美潭里、員潭里、雙城里、粗坑里、直潭里、中興里、文中里、長春里,203,"水災,震災",吳英同,02-29112281#1209,是,是,否,POINT (121.5523 24.9531),sea,141.91839008000335,16.004905559522317,mainland
4761,新北市石碇區,格頭里,坑內1號,121.637,24.9533,雲海國小,永安里、格頭里,299,"水災,震災,土石流,海嘯",鄭淳文/李沛瑩,02-26651715#14/#16,是,是,是,POINT (121.637 24.9533),sea,146.2451808255231,21.7945146448311,mainland
4764,新北市新店區,德安里,僑信路1號,121.49998,24.95362,達觀國民中小學,吉祥里、達觀里,407,"水災,土石流",吳英同,02-29112281#1209,是,是,否,POINT (121.49998 24.95362),sea,139.5609980984685,12.484994577708667,mainland
4765,新北市新店區,雙城里,新北市新店區安康路3段2號5樓,121.4937,24.9538,雙城活動中心,吉祥里,132,"水災,土石流",吳英同,02-29112281#1209,是,否,否,POINT (121.4937 24.9538),sea,139.30363482598025,12.072800112143598,mainland
4777,新北市坪林區,上德里,樹梅嶺11號,121.696956,24.955382,樹梅嶺倉庫,上德里,10,"水災,震災,土石流,海嘯",徐瑄維,02-26657251#240,是,否,否,POINT (121.696956 24.955382),sea,149.7741403305225,26.062781521024256,mainland
4782,新北市土城區,頂福里,中央路4段205號,121.414403,24.95623,頂埔國小,頂福里 頂埔里 頂新里 祖田里,873,"水災,震災,土石流,海嘯",劉志峰,02-22686800-830,是,是,是,POINT (121.414403 24.95623),sea,136.3357317813131,6.881827065617739,mainland
4790,新北市新店區,文中里,新北市新店區文中路38號,121.5392,24.9567,文山國中,文中里、廣明里、文明里、國校里、新店里、張南里,703,"水災,震災,土石流",吳英同,02-29112281#1209,是,是,否,POINT (121.5392 24.9567),sea,141.65842135619732,15.427599659473472,mainland
4791,新北市新店區,文中里,新北市新店區文中路53巷10號,121.5404,24.9569,能仁家商,張南里、廣明里、文明里、中興里,1373,"水災,震災",吳英同,02-29112281#1209,是,是,否,POINT (121.5404 24.9569),sea,141.73486379917287,15.52690016842015,mainland
4796,新北市新店區,文中里,新北市新店區北宜路一段39巷32號,121.5399,24.9577,文中廣明活動中心,文明里、光明里、張南里、文中里、國校里、新店里、美潭里、青潭里、員潭里、雙坑里、太平里、廣明里,45,"水災,土石流",吳英同,02-29112281#1209,是,否,否,POINT (121.5399 24.9577),sea,141.79185793725955,15.562920941272763,mainland
4800,新北市土城區,頂埔里,中央路4段55-12號,121.417311,24.958966,頂埔市民活動中心,頂埔里 沛陂里 頂福里 頂新里 祖田里,60,"水災,震災,土石流,海嘯",林忠謀,02-22678936,是,否,是,POINT (121.417311 24.958966),sea,136.73067497948105,7.319722839381544,mainland
4805,新北市坪林區,漁光里,大舌湖35號,121.746242,24.959584,新北市坪林區坪林國小漁光校區,漁光里,62,"水災,震災,土石流,海嘯",吳志?,02-26656213#13,是,是,是,POINT (121.746242 24.959584),sea,153.06381517463197,29.789665916581246,mainland
4813,新北市新店區,頂城里,新北市新店區安康路一段9-1號,121.532147,24.960733,頂城市民活動中心,頂城里、太平里、美城里,119,"震災,土石流,海嘯",吳英同,29112281#1209,是,否,否,POINT (121.532147 24.960733),sea,141.73624410471092,15.300319771830447,mainland
4815,新北市土城區,永寧里,永寧路32巷10弄10號,121.42864,24.961098,永寧市民活動中心,永寧里 大安里,30,"水災,土石流,海嘯",周清芳,02-22696053,是,否,是,POINT (121.42864 24.961098),sea,137.38378188173624,8.27856660669495,mainland
4817,新北市新店區,公崙里,新北市新店區安忠路36號,121.5142,24.9613,安坑國小,安昌里、德安里、明城里、小城里、公崙里、雙城里、日興里、玫瑰里,901,"水災,震災,土石流",吳英同,02-291122811#1209,是,是,否,POINT (121.5142 24.9613),sea,140.9752147185102,14.126957699162507,mainland
4823,新北市土城區,永寧里,永寧路18號,121.430192,24.962522,土城國中,大安里 永寧里 沛陂里,1384,"水災,震災,土石流,海嘯",劉明志,02-22675135-401,是,否,是,POINT (121.430192 24.962522),sea,137.5917673012624,8.509099552954034,mainland
4831,新北市土城區,沛陂里,三民路23巷8弄9號,121.419474,24.963872,沛陂市民活動中心,沛陂里 永寧里 頂埔里,50,"水災,震災,土石流",林阿城,02-22681535,是,否,是,POINT (121.419474 24.963872),sea,137.32438332389532,7.896980062709512,mainland
4832,宜蘭縣頭城鎮,,頭城鎮大里里濱海路六段251號,121.92,24.9639,大里里-大里社區活動中心,大里、石城,184,"水災,震災",蕭藍愛杏,03-9781156,是,否,否,POINT (121.92 24.9639),sea,164.67938489808003,42.008982956140294,mainland
4842,新北市新店區,柴埕里,新北市新店區安興路1號,121.5149,24.9663,及人高中,柴埕里、安和里,2774,"水災,震災,土石流",吳英同,02-291122811209,是,是,否,POINT (121.5149 24.9663),sea,141.5142347670366,14.612751365476036,mainland
4843,新北市新店區,五?里,新北市新店區中興路一段253號,121.544,24.9664,五峰國中,五峰里、長春里、新德里、張北里,1103,"水災,震災,土石流",吳英同,02-29112281#1209,是,是,否,POINT (121.544 24.9664),sea,142.85941317309107,16.60460275080341,mainland
4855,新北市新店區,柴埕里,新北市新店區安興路25號,121.5149,24.9688,安康高中,柴埕里、安和里、新和里、永平里、柴埕里、下城里,1119,"水災,震災,土石流",吳英同,02-29112281#1209,是,是,否,POINT (121.5149 24.9688),sea,141.7681401424523,14.831796605798077,mainland
4861,新北市樹林區,中山里,佳園路一段34號,121.392558,24.971116,育德國小,樂山、山佳、中山,484,"震災,土石流,海嘯",事務組長王心巧,26805557#131,是,是,否,POINT (121.392558 24.971116),sea,137.10250132776972,6.6974299146425516,mainland
4864,新北市新店區,中正里,新北市新店區三民路３６號,121.5366,24.9717,中正國小,國豐里、明德里、新生里、新德里、張北里、五?里,1001,"水災,震災,土石流",吳英同,02-29112281#1209,是,是,否,POINT (121.5366 24.9717),sea,143.04883349559347,16.56468784034529,mainland
4865,新北市新店區,中正里,新北市新店區三民路18號,121.5391,24.9718,崇光女中,新德里、中正里、中華里、仁愛里、百忍里、福德里、福民里,522,"水災,震災,土石流",吳英同,02-29112281#1209,是,是,否,POINT (121.5391 24.9718),sea,143.17468505308503,16.743818170208694,mainland
4866,新北市土城區,埤塘里,興城路17號,121.441935,24.972383,土城國小,員仁里 土城里 長風里 員信里 埤塘里 大安里,958,"水災,震災,土石流,海嘯",趙麗玲,02-22700177-851,是,是,是,POINT (121.441935 24.972383),sea,139.07323036854865,10.173356612199761,mainland
4867,新北市土城區,埤塘里,金城路1段101號7樓,121.442873,24.972533,土城區公所,埤塘里 土城里 員林里 員仁里 長風里 員福里 員信里,162,"水災,土石流,海嘯",楊麗涵,02-22732000-543,是,是,是,POINT (121.442873 24.972533),sea,139.1255654954041,10.250421595417173,mainland
4868,新北市雙溪區,泰平里,溪尾寮46號,121.827,24.9727,泰平里活動中心,泰平里,100,"水災,震災,土石流",宋翔怡,02-24931111#124,是,否,否,POINT (121.827 24.9727),sea,159.28226519951912,36.442313248758836,mainland
4869,新北市樹林區,中山里,中山路三段40號2樓,121.39436,24.972721,山佳市民活動中心,東山、樂山、山佳、中山,80,"水災,震災,土石流,海嘯",游文瑩,02-26812106#1615,是,否,否,POINT (121.39436 24.972721),sea,137.33505462461721,6.9608585883266585,mainland
4875,新北市新店區,新安里,新北市新店區寶橋路8號,121.5439,24.9737,北新國小　,大豐里、大同里,1737,"水災,震災,土石流",吳英同,02-29112281#1209,是,是,否,POINT (121.5439 24.9737),sea,143.58951161871093,17.237400111733265,mainland
4877,新北市土城區,清和里,青雲路368號4樓,121.458661,24.973802,清化市民活動中心,清化里 清和里,30,"水災,土石流",袁慧如,02-22615380,是,否,否,POINT (121.458661 24.973802),sea,139.88559144510972,11.437520238489942,mainland
4878,新北市土城區,清和里,青雲路368號1樓,121.458661,24.973802,清和市民活動中心,清和里 清化里,30,"水災,震災,土石流",張源寶,02-22745669,是,否,是,POINT (121.458661 24.973802),sea,139.88559144510972,11.437520238489942,mainland
4880,新北市樹林區,樂山里,中和街38號3樓,121.389871,24.973944,樂山市民活動中心,樂山、中山,61,"水災,震災,土石流",江翊榕,26812106#1617,是,否,否,POINT (121.389871 24.973944),sea,137.30587437179946,6.7621018049300545,mainland
4884,新北市新店區,福民里,新北市新店區中央路93號,121.5318,24.9756,新店高中,百忍里、福民里、中山里、中央里、百福里、和平里、頂城里、中正里,1307,"水災,震災,土石流",吳英同,02-29112281#1209,是,是,否,POINT (121.5318 24.9756),sea,143.22211756080145,16.579290856366686,mainland
4886,新北市樹林區,山佳里,中山路三段5號,121.401678,24.975774,山佳國小,東山、山佳,654,"水災,震災,土石流,海嘯",事務組長林清輝,26806673轉831,是,是,否,POINT (121.401678 24.975774),sea,137.91676140178907,7.727059368284712,mainland
4888,新北市新店區,百和里,新北市新店區民族路112號,121.5355,24.9761,耕莘健康管理專科學校,百和里、江陵里、建國里、福德里、中央里、中華里、仁愛里、百忍里,87,"水災,震災,土石流",吳英同,02-29112281#1209,是,是,否,POINT (121.5355 24.9761),sea,143.44238689683024,16.875245314401205,mainland
4890,臺北市文山區,,文山區指南路3段38巷5-2號,121.5836,24.9764,指南國小,指南里,20,"水災,震災",張心怡,02-29393546#21,是,否,否,POINT (121.5836 24.9764),sea,145.7656936330359,20.179421072857934,mainland
4892,新北市新店區,大豐里,新北市新店區民族路110號,121.5376,24.9769,大豐社福館,大鵬里、忠孝里、復興里、信義里、寶安里、寶興里、寶福里、中山里、和平里、江陵里、大同里、大豐里、明德里、新安里、國豐里、忠誠里、百和里、建國里、仁愛里、張北里、德福里、百忍里、中正里、五峰里、長春里、中央里、福民里、百福里、中華里、新德里、中興里、新生里、下城里、頂城里,1540,"水災,震災,土石流",吳英同,02-29112281#1209,是,否,否,POINT (121.5376 24.9769),sea,143.61990428130068,17.088449348314608,mainland
4895,新北市新店區,大豐里,新北市新店區23143民族路108號,121.5382,24.9776,大豐國小,仁愛里、國豐里、明德里、大豐里、大同里、百和里、忠誠里、忠孝里、寶興里、信義里、大鵬里,5794,"水災,震災,土石流",吳英同,02-29112281#1209,是,是,否,POINT (121.5382 24.9776),sea,143.71825465472364,17.190670460465082,mainland
4900,新北市土城區,員林里,員林街15號1樓,121.442984,24.978282,員林市民活動中心,員林里 員福里 埤塘里 土城里 員仁里 長風里 員信里,77,"水災,震災,土石流",蔡黃地,02-22610593,是,否,否,POINT (121.442984 24.978282),sea,139.72705817881274,10.761702392360043,mainland
4905,新北市中和區,華新里,中和區華新街143巷12號,121.506,24.9799,竹林中學,備用頂南里、華新里、橫路里、內南里、正南里）,430,"水災,震災,土石流,海嘯",劉師政,02-22482688#286,是,是,是,POINT (121.506 24.9799),sea,142.5042887888291,15.197845540736182,mainland
4906,宜蘭縣頭城鎮,,頭城鎮石城里（路）40-8號,121.9498,24.9799,石城里-石城社區活動中心,石城里,67,"水災,震災,海嘯",沈榮華,03-9781117,是,否,否,POINT (121.9498 24.9799),sea,168.1305260208565,45.441665255585086,mainland
4907,新北市新店區,寶福里,新北市新店區寶中路49號,121.5462,24.98,開明工商,寶福里、寶興里,1945,"水災,震災,土石流",吳英同,02-29112281#1209,是,是,否,POINT (121.5462 24.98),sea,144.3313515326451,17.94613315597521,mainland
4908,新北市石碇區,豐田里,華梵路1號,121.6921,24.98,華梵大學于藝館3樓,彭山里、豐田里,100,"水災,震災,土石流,海嘯",陳靜瑤/楊朝欽,02-26632102#2422/#2462,是,是,是,POINT (121.6921 24.98),sea,151.84712408738577,27.88883999778778,mainland
4910,新北市土城區,青山里,明德路1段74-1號1樓,121.464447,24.98031,青山市民活動中心,青山里 清水里 清溪里 永富里,18,"水災,震災,土石流",姚韋華,02-22734192,是,否,是,POINT (121.464447 24.98031),sea,140.79258167045177,12.402039711363544,mainland
4911,新北市土城區,青山里,明德路1段74-1號2樓,121.464447,24.98031,永富市民活動中心,清水里 永富里 青山里,25,"水災,土石流",黃思儀,02-22644813,是,否,否,POINT (121.464447 24.98031),sea,140.79258167045177,12.402039711363544,mainland
4912,臺北市文山區,,文山區木新路3段312號,121.5562,24.9807,景美女中,樟林里、樟文里、樟樹里,300,"水災,震災",林宜德,02-29368847#201,是,否,否,POINT (121.5562 24.9807),sea,144.8714121851858,18.688939904267116,mainland
4914,新北市土城區,廷寮里,永豐路240-1號,121.467199,24.980803,廷寮市民活動中心,廷寮里 永豐里 金城里,80,"水災,震災,土石流,海嘯",洪焜猛,02-22626089,是,否,是,POINT (121.467199 24.980803),sea,140.95560555466238,12.632777099845958,mainland
4915,新北市新店區,寶興里,新北市新店區文化路42號,121.5448,24.9809,南強工商,寶興里、寶安里、寶福里、新安里、信義里,1132,"水災,震災,土石流,海嘯",吳英同,02-29112281#1209,是,是,否,POINT (121.5448 24.9809),sea,144.35684855194734,17.929583071150446,mainland
4916,臺北市文山區,,文山區木新路3段155巷7號,121.561,24.9809,力行國小,樟新里、樟腳里、老泉里,30,"水災,震災",吳阿理,02-29363995#821,是,否,是,POINT (121.561 24.9809),sea,145.11932202504954,19.033571082373786,mainland
4919,新北市樹林區,大同里,大同街43號,121.417421,24.981493,大同國小,大同、彭厝、和平、彭福、東陽、彭興、中華、太順,450,"水災,震災,土石流,海嘯",事務組長沈炳育,86865486轉842,是,是,否,POINT (121.417421 24.981493),sea,139.08995394913728,9.30099190576588,mainland
4920,新北市樹林區,樹東里,鎮前街467號,121.410902,24.981593,東陽市民活動中心,樹德、樹西、樹東、樹北、東山、東陽、圳福、中華、太順,78,"震災,土石流,海嘯",何錦綢,02-26812106#1614,是,否,否,POINT (121.410902 24.981593),sea,138.8610652714004,8.865500761973035,mainland
4921,新北市樹林區,和平里,忠孝街30號,121.42394,24.981755,彭福國小,和平、彭厝、彭福、彭興、太順,1704,"水災,震災,土石流,海嘯",事務祖長王鴻萍,86866589#803,是,是,否,POINT (121.42394 24.981755),sea,139.36004705317666,9.768200800356285,mainland
4922,新北市土城區,永富里,明德路1段72號,121.465311,24.982013,清水高中,永富里 永豐里 金城里 清水里 清和里 清化里 清溪里 ?廷里平和里 廷寮里 延壽里 安和里 延吉里 延和里 青山里 延祿里,1033,"水災,震災,土石流,海嘯",林呈隆,02-22707801-400,是,是,是,POINT (121.465311 24.982013),sea,141.00360447372833,12.610132689668818,mainland
4924,新北市中和區,華新里,中和區工專路111號,121.5076,24.9822,華夏科技大學,頂南里、華新里、華南里、忠孝里、橫路里、內南里、正南里,1447,"水災,震災,土石流,海嘯",劉師政,02-22482688＃286,是,是,是,POINT (121.5076 24.9822),sea,142.80893503769258,15.508403014792194,mainland
4925,新北市土城區,青雲里,清水路141巷18號B1,121.458501,24.98237,"青雲,柑林市民活動中心",青雲里 柑林里,50,土石流,廖特青 張育誠,02-22659858 02-22736647,是,否,否,POINT (121.458501 24.98237),sea,140.7654185645188,12.177328500824716,mainland
4926,新北市土城區,日和里,擺接堡路1號,121.439585,24.982977,裕德高中,日和里 員林里 員福里,975,"水災,震災,土石流,海嘯",簡嘉良,02-82617889-225,是,是,是,POINT (121.439585 24.982977),sea,140.08312383768433,10.941436313552229,mainland
4927,新北市土城區,學府里,學府路1段241號,121.45038,24.983308,新北高工,學府里 明德里 學士里 樂利里 日新里 日和里 貨饒里 裕生里中正里,2785,"水災,震災,土石流,海嘯",洪儒,02-22612483-30,是,是,是,POINT (121.45038 24.983308),sea,140.5393249473602,11.706089173812078,mainland
4929,臺北市文山區,,文山區辛亥路7段67號,121.5547,24.9834,實踐國中,樟林里,300,"水災,震災",吳佳晉,02-22362852#150,是,否,否,POINT (121.5547 24.9834),sea,145.07184694367797,18.823287651664156,mainland
4930,新北市土城區,青雲里,金城路2段247號,121.456842,24.983456,中正國中,中正里 柑林里 青雲里,415,"水災,震災,土石流,海嘯",林碧文,02-22628456-815,是,是,是,POINT (121.456842 24.983456),sea,140.8113956500852,12.159425203182227,mainland
4931,新北市樹林區,和平里,中華路8號,121.422804,24.983502,樹林高級中學,樹東、大同、和平、彭厝、彭福、樹北、彭興,1404,"震災,土石流,海嘯",總務主任林浩吉,86852011#2112,是,是,否,POINT (121.422804 24.983502),sea,139.50011750282087,9.843854158691457,mainland
4932,臺北市文山區,,文山區忠順街1段4號,121.5575,24.9836,實踐國小,樟文里、樟樹里,75,"水災,震災",蔡宗儒,02-29360725#140,是,否,否,POINT (121.5575 24.9836),sea,145.22411336417247,19.031624013570827,mainland
4933,新北市樹林區,東昇里,中山路二段80號2樓,121.415159,24.984222,東昇市民活動中心,樹南、東陽、東昇、樹福、中華,214,"水災,震災,土石流,海嘯",陳雅晴,02-268121061613,是,否,否,POINT (121.415159 24.984222),sea,139.2923401429574,9.385952252978507,mainland
4934,新北市土城區,清溪里,金城路2段356號,121.461508,24.984402,清水國小,清溪里 柑林里 永豐里 ?廷里 平和里 廷寮里 延壽里 安和里青雲里 延吉里 延和里 金城里 延祿里,597,"水災,震災,土石流,海嘯",劉員池,02-22618316-401,是,是,是,POINT (121.461508 24.984402),sea,141.0965763294111,12.560287728315304,mainland
4936,新北市新店區,永安里,新店市安和路三段100號,121.5182,24.9846,新和國小,永安里、新和里、永平里,648,"水災,震災,土石流",吳英同,02-29112281#1209,是,是,否,POINT (121.5182 24.9846),sea,143.52125729800412,16.441048971362804,mainland
4937,臺北市文山區,,臺北市文山區指南路3段2巷14號,121.5783,24.9849,北政國中,試院、華興、明義、明興、木柵、木新、順興、忠順、樟林、樟腳、樟樹、樟新、樟文、萬興、政大、指南、老泉里,20,"水災,震災",陳友城,29393651#51,是,否,否,POINT (121.5783 24.9849),sea,146.35251711842866,20.56299362702112,mainland
4939,新北市土城區,日新里,裕生路65號,121.447559,24.985602,樂利國小,日新里 裕生里 貨饒里 日和里 埤林里 瑞興里 樂利里 學府里復興里 學成里 學士里 明德里,1168,"水災,震災,土石流,海嘯",李明憲,02-22662568-831,是,是,是,POINT (121.447559 24.985602),sea,140.66644043006153,11.714841248081049,mainland
4940,新北市新店區,復興里,新北市新店區民生路45號,121.5322,24.9858,莊敬工家,復興里、大鵬里、忠孝里、江陵里、寶安里、中山里,8362,"水災,震災,土石流",吳英同,02-29112281#1209,是,否,否,POINT (121.5322 24.9858),sea,144.27260943117392,17.500254400120262,mainland
4942,新北市土城區,廣福里,學府路一段99巷底2樓,121.457766,24.985909,廣興市民活動中心,廣興里 廣福里,50,"水災,土石流",張淑玲,02-22625088,是,否,否,POINT (121.457766 24.985909),sea,141.10234545096304,12.43732059807139,mainland
4943,新北市土城區,廣福里,學府路一段99巷底1樓,121.457766,24.985909,廣福市民活動中心,廣福里 埤林里 瑞興里 復興里 學成里 廣興里,50,"水災,震災,土石流",丁科秀,02-22629394,是,否,是,POINT (121.457766 24.985909),sea,141.10234545096304,12.43732059807139,mainland
4944,新北市樹林區,樹南里,復興路395號,121.415677,24.986051,育林國小,樹南、樹人、坡內、東昇、育英、樹興,135,"水災,震災,土石流,海嘯",事務組長 杜炳倫,26832112#303,是,是,否,POINT (121.415677 24.986051),sea,139.5029498227207,9.581506108193949,mainland
4945,新北市樹林區,樹南里,復興路395號,121.415677,24.986051,育林國中,樹南、樹人、坡內、東昇、育林、樹興,574,"水災,震災,土石流,海嘯",事務組長潘怡娟,26841160#122,是,是,否,POINT (121.415677 24.986051),sea,139.5029498227207,9.581506108193949,mainland
4946,新北市中和區,忠孝里,中和區興南路2段3巷17號,121.5085,24.9862,中和國中,頂南里、華新里、東南里、華南里、忠孝里、崇南里、景南里、橫路里、內南里、壽南里、外南里、復興里、和興里、景平里、景新里、景福里、興南里、景本里、福南里、正南里,2649,"水災,震災,土石流,海嘯",劉師政,02-22482688＃286,是,是,是,POINT (121.5085 24.9862),sea,143.25635617134046,15.920208066597644,mainland
4949,新北市中和區,忠孝里,中和區興南路1段135巷24號,121.5091,24.9867,興南國小,東南里、華南里、忠孝里、崇南里、景南里、壽南里、景平里、景新里、景福里、景安里、景文里、興南里、景本里、中興里、吉興里,1278,"水災,震災,土石流,海嘯",劉師政,02-22482688#286,是,是,是,POINT (121.5091 24.9867),sea,143.33361274906875,16.00490555952241,mainland
4950,新北市土城區,廣福里,學府路1段127號,121.454896,24.986953,廣福國小,瑞興里 復興里 埤林里 學成里 日新里 貨饒里 樂利里 廣福里 學府里 裕生里 中正里 學士里 明德里 廣興里,608,"水災,震災,土石流,海嘯",施杰翰,02-22626782-100,是,是,是,POINT (121.454896 24.986953),sea,141.0961424791729,12.3332108291823,mainland
4953,新北市板橋區,堂春里,金門街289號,121.4309,24.9873,溪洲國小,溪洲、溪福、堂春、成和、溪北、崑崙,1021,"震災,土石流,海嘯",謝瀚頡組長,2686770551,是,是,否,POINT (121.4309 24.9873),sea,140.20122149289554,10.728349103767014,mainland
4954,臺北市文山區,明義里,文山區木柵路2段138巷61號,121.5626,24.9874,明道國小,明義里、明興里、忠順里、順興里,42,"水災,震災",莊文玲,02-29392821#14,是,否,否,POINT (121.5626 24.9874),sea,145.84730605643716,19.712124560171038,mainland
4955,臺北市文山區,,文山區木柵路3段102巷12號,121.5677,24.9875,木柵國中,木柵里、忠順里、順興里,30,"水災,震災",余鎮遠,02-29393031#600,是,否,是,POINT (121.5677 24.9875),sea,146.10060770694977,20.068438151094604,mainland
4957,臺北市文山區,,文山區試院路2號,121.55,24.9876,永建國小,試院里、華興里,30,"水災,震災",陳佳雯,02-22363855#125,是,否,是,POINT (121.55 24.9876),sea,145.27409960815436,18.870990837334364,mainland
4963,新北市土城區,安和里,延和路23號,121.464774,24.988807,安和國小,安和里 延和里 延壽里 平和里 延祿里 ?廷里 延吉里,2293,"水災,震災,土石流,海嘯",黃富聰,02-22603451-131,是,是,是,POINT (121.464774 24.988807),sea,141.6838782439216,13.168814876618557,mainland
4967,新北市中和區,景南里,中和區景新街467巷37號,121.515,24.9893,景新國小,安和里、安平里、中安里、泰安里、秀山里、秀成里、秀福里、秀景里、秀明里、秀峰里、秀仁里、秀義里、東南里、崇南里、景南里、景平里、景新里、秀水里、宜安里、安順里、秀士里、興南里、景本里,897,"水災,震災,土石流,海嘯",劉師政,02-22482688＃286,是,是,是,POINT (121.515 24.9893),sea,143.8578624069258,16.63478231724802,mainland
4969,臺北市文山區,,文山區景文街108號,121.5408,24.9895,景美國小,景美里、景行里、景東里,74,"水災,震災",莊琬婷,02-29322151#130,是,否,是,POINT (121.5408 24.9895),sea,145.03987734306045,18.41050906545801,mainland
4970,新北市中和區,中興里,中和區復興路301巷6號,121.5019,24.9896,復興國小,外南里、復興里、和興里、景安里、景文里、福南里、中興里、吉興里,946,"水災,土石流,海嘯",劉師政,02-22482688＃286,是,是,否,POINT (121.5019 24.9896),sea,143.31693849008232,15.768336699974935,mainland
4971,臺北市文山區,,臺北市木柵路3段220號10樓,121.5701,24.9896,行政中心大禮堂,木新里、老泉里,60,"水災,震災",周如倩,29365522#324,是,否,否,POINT (121.5701 24.9896),sea,146.42587919001858,20.415989932404898,mainland
4972,新北市板橋區,溪北里,篤行路二段132號,121.4305,24.9897,沙崙國小,溪北、崑崙、成和、堂春、溪福、溪洲,1692,震災,王亭雅組長,26812764832,是,是,否,POINT (121.4305 24.9897),sea,140.4365551597585,10.911373571235895,mainland
4973,新北市中和區,外南里,南山路236號6樓,121.5065,24.9897,復興大樓圖書館,備用（壽南里、復興里、外南里、和興里、景福里、景文里、景安里、福南里、中興里、吉興里）,25,"水災,震災,土石流,海嘯",劉師政,02-22482688#286,是,否,是,POINT (121.5065 24.9897),sea,143.52640550484074,16.09057658684826,mainland
4977,新北市樹林區,樹東里,鎮前街93號,121.424633,24.989981,樹林區公所,保安、樹德、樹西、樹東、圳福、樹福、文林,215,"水災,震災,土石流",社會人文課長 童冠璋,02-26812106#1606,是,否,是,POINT (121.424633 24.989981),sea,140.24567621634912,10.536173412924901,mainland
4978,新北市樹林區,樹西里,育英街176號,121.418101,24.99003,樹林國小,保安、潭底、樹德、樹西、樹人、坡內、樹興、樹福、文林、育林,304,"水災,震災,土石流,海嘯",事務組長黃奎瑋,26812014轉832,是,是,否,POINT (121.418101 24.99003),sea,140.00879506706482,10.095327829924571,mainland
4979,新北市中和區,錦中里,中和區圓通路292號,121.4893,24.9901,錦和國小,備用,1173,"水災,震災,土石流,海嘯",劉師政,02-22482688#286,是,是,是,POINT (121.4893 24.9901),sea,142.83041186141008,14.953488405977145,mainland
4980,臺北市文山區,,文山區木柵路3段191號,121.5702,24.9903,木柵國小,木新里、木柵里,155,"水災,震災",林光媚,02-29391234#130,是,否,否,POINT (121.5702 24.9903),sea,146.50074738283766,20.484137340505455,mainland
4981,新北市石碇區,石碇里,石碇西街15號,121.659,24.9903,石碇國小,石碇里、潭邊里、隆盛里、烏塗里、彭山里、豐林里、永安里、格頭里,109,"水災,震災,土石流,海嘯",李炳坤/李玳辰,02-26631244#13/#29,是,是,是,POINT (121.659 24.9903),sea,151.02100053929624,26.535627179799718,mainland
4982,臺北市文山區,萬興里,文山區秀明路2段114號,121.5766,24.9904,萬興國小,指南里、政大里、萬興里,125,"水災,震災",錢宜黎,02-29381721#131,是,否,是,POINT (121.5766 24.9904),sea,146.81904668713796,20.929042561959257,mainland
4983,新北市板橋區,華德里,四川路二段245巷60號,121.4528,24.9917,信義國小,華德、信義、華東,1024,震災,郭逸涵組長,89667817122,是,是,否,POINT (121.4528 24.9917),sea,141.5054857252184,12.606296964127218,mainland
4986,新北市中和區,錦中里,中和區錦和路163號,121.4911,24.9925,錦和中學,仁和里、中正里、建和里、力行里、錦和里、錦昌里、灰里、德行里、中山里、碧河里、錦中里、錦盛里、正行里,2543,"水災,震災,土石流,海嘯",劉師政,02-22482688＃286,是,是,是,POINT (121.4911 24.9925),sea,143.1527998421966,15.286437171266497,mainland
4990,臺北市文山區,,文山區景中街27號,121.5429,24.993,景美國中,景行里、景華里、景東里原收容人數101人，修為80人？,80,"水災,震災",張光耀,02-89353130#501,是,否,否,POINT (121.5429 24.993),sea,145.49002550212842,18.860281958918858,mainland
4993,新北市中和區,嘉慶里,中和區連城路460號,121.4783,24.994,中和高中,平河里、信和里、仁和里、灰里、嘉穗里、文元里、民安里、明德里、嘉慶里,2072,"水災,震災,土石流,海嘯",劉師政,02-22482688#286,是,是,否,POINT (121.4783 24.994),sea,142.77236179208504,14.545577491777761,mainland
4994,臺北市文山區,,文山區景福街225號,121.5387,24.9941,溪口國小,景慶里、景仁里,90,"水災,震災",劉家森,29350955＃715,是,否,是,POINT (121.5387 24.9941),sea,145.40883491899672,18.670442750640127,mainland
4996,新北市中和區,秀山里,中和區立人街2號,121.5212,24.9942,秀山國小,安和里、秀山里、秀成里、秀福里、秀景里、秀明里、秀峰里、秀仁里、秀水里、秀義里、秀士里,4228,"水災,震災,土石流,海嘯",劉師政,02-22482688＃286,是,是,是,POINT (121.5212 24.9942),sea,144.6310440696598,17.486624918499402,mainland
4997,新北市板橋區,五權里,廣和街31號,121.4624,24.9945,重慶國小,五權、廣福、和平、重慶、大豐、仁愛、華德,2135,"水災,震災,土石流,海嘯",方素英組長,29565592305,是,是,否,POINT (121.4624 24.9945),sea,142.17726557790442,13.505842751049428,mainland
5001,臺北市文山區,,臺北市文山區景興路與景華街交叉口,121.5446,24.9956,景華公園,全區,1350,震災,高奕翔,2788-4255,否,是,是,POINT (121.5446 24.9956),sea,145.8308740113698,19.203939602623997,mainland
5002,新北市永和區,智光里,永和區智光里中正路100號,121.5143,24.9957,智光商工,智光里、潭墘里、潭安里、民族里、民本里,722,"震災,土石流,海嘯",張傳奇,29432491#220,是,是,否,POINT (121.5143 24.9957),sea,144.47932349156412,17.147834946802345,mainland
5005,臺北市文山區,,文山區木柵路4段77號,121.5719,24.9959,木柵高工,博嘉里、萬美里、萬芳里,169,"水災,震災",蔡明雄,02-22300506#601,是,否,否,POINT (121.5719 24.9959),sea,147.14290040915986,21.090649272596604,mainland
5006,臺北市文山區,興安里,文山區景華街150巷21號,121.5482,24.9961,景興國小,興安里、興福里、景東里,126,"水災,震災",張郁敏,02-29329438#41,是,否,否,POINT (121.5482 24.9961),sea,146.04742271758803,19.493079319848274,mainland
5007,臺北市文山區,,文山區景興路46巷2號,121.5443,24.9962,景興國中,景華里、萬有里,100,"水災,震災",朱美銀,02-29323794#130,是,否,否,POINT (121.5443 24.9962),sea,145.87769032490925,19.236066237871697,mainland
5008,臺北市文山區,興得里,興隆路三段222號,121.5443,24.9962,臺北市文山運動中心,全區,189,震災,劉宜庭,2570-2330轉6423,是,否,否,POINT (121.5443 24.9962),sea,145.87769032490925,19.236066237871697,mainland
5010,桃園市龜山區,大同里,自強東路269號,121.345413,24.997386,自強國小,大同里,700,"水災,震災,土石流,海嘯",陳光華,3590758#51,是,否,是,POINT (121.345413 24.997386),sea,138.32948856152925,5.786347745063547,mainland
5012,新北市樹林區,潭底里,千歲街59號,121.426072,24.997757,文林國小,圳安、保安、潭底、圳福、文林、圳民,1151,"震災,土石流",事務組長安臺興,26812625轉841,是,是,否,POINT (121.426072 24.997757),sea,141.11235686378006,11.315555848678676,mainland
5015,新北市永和區,民族里,永和區民族里民權路60號,121.5199,24.998,民權市民活動中心,民治里、永元里、永安里、民族里、民權里、潭墘里、潭安里、民本里、智光里、民生里、秀得里、民富里、秀元里,125,"水災,震災,土石流,海嘯",王晨燁,29282828#111,是,否,否,POINT (121.5199 24.998),sea,144.9602208304406,17.730982053259627,mainland
5017,新北市板橋區,重慶里,國慶路221號,121.4632,24.9982,重慶國中,鄉雲、廣德、大豐、仁愛、重慶、和平、廣福、五權、華德、信義、華東,2826,"水災,震災,土石流,海嘯",陳冠樺組長,29543001504,是,是,否,POINT (121.4632 24.9982),sea,142.59234197908387,13.884547633206067,mainland
5018,新北市中和區,漳和里,中和區景平路634之2號,121.5002,24.9982,中和區公所,新南里、南山里、瓦里、錦昌里、錦和里、德行里、中山里、碧河里、正行里、連河里、連城里、枋寮里、漳和里,65,"水災,震災,土石流,海嘯",劉師政,02-22482688＃286,是,否,是,POINT (121.5002 24.9982),sea,144.12414056250284,16.40600173291225,mainland
5020,新北市深坑區,阿柔里,阿柔里阿柔洋62號,121.6072,24.9983,阿柔市民活動中心,阿柔、昇高、萬順里,57,"震災,土石流,海嘯",羅定國林進發,2.66E+15,是,否,是,POINT (121.6072 24.9983),sea,149.1129038290452,23.70653620924174,mainland
5021,新北市板橋區,崑崙里,大觀路三段50巷30號,121.4313,24.9984,溪崑國中,崑崙、成和、溪北、溪洲、溪福、堂春,785,"水災,震災",彭素櫻組長,26869729383,是,是,是,POINT (121.4313 24.9984),sea,141.37505968964226,11.728168934036304,mainland
5022,新北市中和區,自強里,中和區莒光路200號,121.4719,24.9985,自強國小,民享里、瑞穗里、明穗里、清穗里、自強里、德穗里、民生里、國光里、壽德里、明德里、民有里、員富里、冠穗里、國華里,562,"水災,震災,土石流,海嘯",劉師政,02-22482688＃286,是,是,是,POINT (121.4719 24.9985),sea,142.9743711546235,14.503715512516303,mainland
5023,臺北市文山區,,文山區景福街21巷5號,121.5388,24.9987,志清國小,景仁里、萬隆里、萬祥里,35,"水災,震災",王信傑,02-29323875#40,是,否,是,POINT (121.5388 24.9987),sea,145.8789656829589,19.080300733641746,mainland
5024,新北市中和區,明穗里,中和區莒光路191號,121.4726,24.9988,自強國中,積穗里、民享里、員山里、嘉新里、民安里、安穗里、瑞穗里、明穗里、清穗里、自強里、德穗里、民生里、國光里、壽德里、明德里、民有里、冠穗里、國華里,936,"水災,震災,土石流,海嘯",劉師政,02-22482688#286,是,是,否,POINT (121.4726 24.9988),sea,143.03383507478208,14.577704127024633,mainland
5025,臺北市文山區,,臺北市文山區興隆路3段125巷6號,121.5587,24.9988,興華國小,興昌、興光、興得、興家、萬芳、萬美、博嘉,30,"水災,震災",呂昌諭,02-22393070#130,是,否,否,POINT (121.5587 24.9988),sea,146.80844767495495,20.445195964448175,mainland
5026,新北市中和區,文元里,中和區員山路154號,121.4814,24.9991,積穗國小,平河里、信和里、仁和里、中正里、建和里、灰里、積穗里、員山里、嘉穗里、文元里、嘉新里、安穗里、錦中里、錦盛里、員富里、嘉慶里,545,"水災,震災,土石流,海嘯",劉師政,02-22482688#286,是,是,是,POINT (121.4814 24.9991),sea,143.42586444979113,15.203686747144141,mainland
5028,新北市永和區,民權里,永和區民權里得和路202號,121.5214,24.9997,秀朗國小,民權里、永元里、民本里、民生里、秀得里、民富里、秀元里、民樂里、民治里、民族里、秀林里、勵行里、得和里、智光里,2124,"水災,震災,土石流,海嘯",劉思亭,02-29420451#5502,是,是,否,POINT (121.5214 24.9997),sea,145.19962780272544,17.982153928828254,mainland
5029,新北市中和區,漳和里,中和區中和路100號,121.5016,24.9999,中和國小,中原里、連和里、連城里、力行里、枋寮里、漳和里、廟美里、福真里、福善里、福美里、福祥里、瓦里、福和里、佳和里、安樂里、新南里、南山里、德行里、中山里、碧河里、正行里,2866,"水災,震災,土石流,海嘯",劉師政,02-22482688＃286,是,是,是,POINT (121.5016 24.9999),sea,144.3581595372078,16.65035886767064,mainland
5032,新北市中和區,嘉新里,中和區民安街66號,121.4798,25.0004,積穗國中,平河里、信和里、積穗里、民享里、員山里、嘉穗里、文元里、嘉新里、民安里、安穗里、瑞穗里、明穗里、清穗里、自強里、德穗里、民生里、國光里、壽德里、民有里、員富里、嘉穗里、冠穗里、國華里,597,"水災,震災,土石流,海嘯",劉師政,02-22482688＃286,是,是,否,POINT (121.4798 25.0004),sea,143.4937747506836,15.208554419151596,mainland
5033,臺北市文山區,,文山區興隆路3段115巷1號,121.5588,25.0005,萬芳高中,興光里、興得里,131,"水災,震災",張盈霏,02-22309585#500,是,否,否,POINT (121.5588 25.0005),sea,146.98419030116816,20.600961468677294,mainland
5034,新北市深坑區,萬順里,萬順里北深路3段107巷26號,121.6041,25.0008,萬順市民活動中心,萬順、萬福、阿柔3里,22,"震災,土石流,海嘯",楊文得-許添丁,26622208-26621959,是,否,否,POINT (121.6041 25.0008),sea,149.20553153770828,23.714324484453066,mainland
5038,新北市中和區,枋寮里,廟美街6巷3號2、4樓,121.5011,25.0014,鶴齡交誼中心,備用（廟美里、新南里、南山里）,82,"水災,震災,土石流,海嘯",劉師政,02-22482688#286,是,否,是,POINT (121.5011 25.0014),sea,144.4904173901159,16.747712307813565,mainland
5039,新北市中和區,枋寮里,中和區廣福路41號,121.5034,25.0016,南山高中,連和里、連城里、力行里、枋寮里、漳和里、廟美里、福真里、福善里、福美里、福祥里、瓦里、福和里、佳和里、安樂里、安平里、中安里、泰安里、宜安里、安順里,2130,"水災,震災,土石流,海嘯",劉師政,02-22482688＃286,是,是,否,POINT (121.5034 25.0016),sea,144.60936350222957,16.921974965669996,mainland
5040,臺北市文山區,,文山區興隆路2段235號,121.5508,25.0017,興德國小,興豐里、興邦里、興業里,30,"水災,震災",朱雅菁,02-29329431#35,是,否,否,POINT (121.5508 25.0017),sea,146.73274397055997,20.160923919229973,mainland
5041,新北市深坑區,深坑里,深坑里文化路41號,121.6183,25.0017,深坑國中,深坑、埔新、昇高、土庫4里,304,"水災,震災,土石流,海嘯",陳春男-林玉葉,2662145510-2662145517,是,是,是,POINT (121.6183 25.0017),sea,150.00933513411772,24.760873965991156,mainland
5042,新北市深坑區,深坑里,深坑里文化路45號,121.6169,25.0018,深坑國小,深坑、埔新、阿柔,632,"水災,震災,土石流,海嘯",張嘉榮-陳佑瑜,02-26624675,是,是,是,POINT (121.6169 25.0018),sea,149.94817611711713,24.67422940426353,mainland
5043,臺北市文山區,萬美里,文山區萬和街1號,121.5673,25.0019,萬芳國小,萬芳里、萬美里,135,"水災,震災",何寶妍,2230-1232#31,是,否,否,POINT (121.5673 25.0019),sea,147.52534331734327,21.30287977210879,mainland
5044,新北市樹林區,金寮里,保安街二段151號,121.415438,25.002028,武林國小,三多、三福、三興、圳安、潭底、?獠、光興、金寮,822,"震災,土石流,海嘯",事務組長陳寶賢,26812475轉831,是,是,否,POINT (121.415438 25.002028),sea,141.16913688856175,10.965093199506843,mainland
5045,臺北市文山區,,文山區木柵路4段159巷14之1號,121.5758,25.0021,博嘉國小,博嘉里,30,"水災,震災",陳逸儒,02-22302585#130,是,否,否,POINT (121.5758 25.0021),sea,147.95055257095174,21.899656360185688,mainland
5046,桃園市龜山區,精忠里,光峰路141號,121.343353,25.002285,精忠集會所,精忠里,114,"水災,震災,土石流,海嘯",吳陳巧珠,03-2134389,是,否,是,POINT (121.343353 25.002285),sea,138.78908886414183,6.075205137312223,mainland
5047,新北市板橋區,中山里,大觀路二段59巷31號,121.4477,25.0023,中山國小,中山、大安、復興、聚安、龍安、福安、浮洲、華中、僑中、大觀、歡園,1136,震災,林柏丞組長,22755313222,是,是,否,POINT (121.4477 25.0023),sea,142.40744470068972,13.187497001781509,mainland
5048,臺北市文山區,興旺里,文山區福興路2號,121.5519,25.0024,興隆國小,興旺里、興泰里,133,"水災,震災",張仁傑,02-29323131#511,是,否,是,POINT (121.5519 25.0024),sea,146.8542740194172,20.29721873543101,mainland
5049,新北市深坑區,深坑里,深坑里北深路2段166號,121.6147,25.0025,深坑市民活動中心,深坑、埔新、萬福里,36,"水災,震災,土石流,海嘯",張松林-張阿免,26622723-26624911,是,否,否,POINT (121.6147 25.0025),sea,149.9059968484917,24.585637773733364,mainland
5050,新北市深坑區,深坑里,深坑里深坑街10號,121.616,25.0025,深坑區公所,深坑、埔新、土庫、賴仲、萬順、萬福、昇高、阿柔8里,100,"水災,震災,土石流,海嘯",陳東梧,02-26623116256,是,否,否,POINT (121.616 25.0025),sea,149.97173194389003,24.6742294042636,mainland
5051,新北市中和區,枋寮里,中和區廣福路39號,121.5055,25.0027,漳和國中,福和里、安樂里、安和里、安平里、中安里、泰安里、秀山里、秀成里、秀福里、秀景里、秀明里、秀峰里、秀仁里、秀水里、宜安里、安順里、秀義里、秀士里,1067,"水災,震災,土石流,海嘯",劉師政,02-22482688＃286,是,是,是,POINT (121.5055 25.0027),sea,144.81214766151345,17.161464428421965,mainland
5052,臺北市文山區,興昌里,興德路55號,121.5571,25.0029,興德里營區,全區,200,"水災,震災",李德龍上尉,02-23140177,是,否,否,POINT (121.5571 25.0029),sea,147.1463502477043,20.695394305616244,mainland
5054,新北市板橋區,福星里,重慶路157號,121.4627,25.0033,後埔國小,廣德、福德、仁愛、福星、大豐、華興、鄉雲、華貴、華福、華東、景星 、重慶、後埔、湳興、國泰、和平、廣福、五權、福星,703,"水災,震災",林淑茹組長,29614142-50,是,是,否,POINT (121.4627 25.0033),sea,143.1005774963188,14.297326219412458,mainland
5055,新北市永和區,得和里,永和區得和里秀朗路一段201號,121.5186,25.0035,復興商工,永安里、大新里、福和里、得和里、店街里、永樂里、永元里、雙和里、安和里、協和里、水源里,827,"水災,震災,土石流,海嘯",羅保羅,02-29262121223,是,是,否,POINT (121.5186 25.0035),sea,145.4632960763987,18.124289951437447,mainland
5056,新北市永和區,潭墘里,永和區潭墘里秀朗路一段120號,121.517,25.0036,永和國小,潭墘里、永安里、潭安里、大新里、雙和里、安和里、水源里、店街里、永樂里、得和里、民治里、民權里、保平里、福和里,1329,"水災,震災,土石流,海嘯",賀仲民,29214615#401,是,是,否,POINT (121.517 25.0036),sea,145.40330425805286,18.02401590808934,mainland
5057,臺北市文山區,,臺北市文山區興隆路1段68號,121.5405,25.0039,武功國小,景美、景行、景東、景華、景慶、景仁、萬有、萬祥、萬隆、萬和、萬年、萬盛、興豐、興邦、興旺、興泰、興業、興安、興福里,50,"水災,震災",陳冠任,02-29314360#19,是,否,否,POINT (121.5405 25.0039),sea,146.4828043923926,19.651765427281784,mainland
5059,新北市永和區,秀和里,永和區秀和里永利路71號,121.5209,25.004,福和國中,福林里、光明里、永貞里、永福里、秀林里、秀朗里、秀成里、大新里、民樂里、福和里、秀和里、河濱里、民生里、秀得里、店街里、民富里、秀元里、永樂里,1401,"水災,震災,土石流,海嘯",黃議賢,02-29289493#261,是,是,否,POINT (121.5209 25.004),sea,145.6154510071304,18.324838038131794,mainland
5061,新北市深坑區,萬福里,萬福里北深路3段152號,121.6047,25.0044,東南科技大學,萬順、萬福、深坑,916,"水災,震災,土石流,海嘯",王辰祉-黃志衡,86625802-86625802-86625800夜,是,是,是,POINT (121.6047 25.0044),sea,149.59248278389492,24.070638075376046,mainland
5063,新北市板橋區,福星里,成都街30號,121.4616,25.0048,忠孝國中,華貴、華興、華福、景星、留侯、流芳、赤松、黃石、挹秀、湳興、新興、福星、廣德、後埔、華福、鄉雲、華東,191,"水災,震災,土石流,海嘯",黃莉晴組長,29631350232,是,是,否,POINT (121.4616 25.0048),sea,143.21226710585938,14.353791214695866,mainland
5064,臺北市文山區,,文山區羅斯福路5段170巷32號,121.5367,25.0048,萬福國小,萬年里、萬和里、萬盛里,32,"水災,震災",呂昌諭,02-22393070#130,是,否,否,POINT (121.5367 25.0048),sea,146.40180165397527,19.471661563017022,mainland
5065,臺北市文山區,,文山區福興路80號,121.5497,25.0049,興福國中,興旺里、興泰里,300,"水災,震災",詹琦斌,02-29322024#400,是,否,否,POINT (121.5497 25.0049),sea,147.00499469779922,20.36633967793226,mainland
5066,新北市深坑區,昇高里,昇高里旺耽路25號,121.6287,25.0049,昇高市民活動中心,昇高、阿柔、賴仲3里,87,"水災,震災,土石流,海嘯",李傳震潘淑妙,2.66E+15,是,否,是,POINT (121.6287 25.0049),sea,150.8558076830318,25.74998491784413,mainland
5067,新北市板橋區,國泰里,實踐路93巷51號,121.4664,25.005,實踐國小,民族、福祿、福德、國泰、後埔、福丘、景興、福星、大豐、重慶、仁愛、和平、廣福、華德,1018,"水災,土石流",黃宜寧組長,29531233142,是,是,否,POINT (121.4664 25.005),sea,143.42445517121504,14.69842239280156,mainland
5068,新北市平溪區,東勢里,竿蓁林62-1號,121.7508,25.0052,東勢市民活動中心,東勢里,25,"水災,震災,土石流",李元裕,02-24951510#151,是,否,否,POINT (121.7508 25.0052),sea,157.61248308836423,34.09706887571195,mainland
5069,新北市平溪區,嶺腳里,嶺腳寮14號,121.7508,25.0052,嶺腳市民活動中心,嶺腳里、東勢里、望古里,47,"水災,震災,土石流",李元裕,02-24951510#151,是,否,是,POINT (121.7508 25.0052),sea,157.61248308836423,34.09706887571195,mainland
5071,新北市新店區,塗潭里,新北市新店區直潭十街2號,121.456585,25.005939,直潭派出所,直潭里、塗潭里,75,"水災,震災,土石流",吳英同,29112281#1209,否,否,否,POINT (121.456585 25.005939),sea,143.13228273505854,14.111828974564416,mainland
5072,新北市中和區,福美里,莊敬路49巷29弄2號,121.5016,25.0061,山北市民活動中心,備用漳和區,92,"水災,震災,土石流,海嘯",劉師政,02-22482688#286,是,否,否,POINT (121.5016 25.0061),sea,144.99335517936655,17.193591063669004,mainland
5074,臺北市文山區,,文山區辛亥路4段103號,121.5585,25.0063,辛亥國小,興昌里、興光里、興泰里,30,"水災,震災",劉正湖,02-29357282#141,是,否,否,POINT (121.5585 25.0063),sea,147.55411408273204,21.088702203793513,mainland
5075,新北市樹林區,?寮里,三多路101號,121.414672,25.006414,三多國中,三多、三福、三興、圳安、?寮、光興、金寮、圳民、圳生、三龍,847,"震災,土石流,海嘯",事務組長林正忠,86881501#502,是,是,否,POINT (121.414672 25.006414),sea,141.60170445866993,11.29718525452303,mainland
5076,新北市永和區,秀和里,永和區秀和里國中路111號,121.5233,25.0067,永和國中,秀和里、河濱里、永福里、福林里、永貞里、秀林里、秀朗里、秀成里、竹林里、豫溪里、光明里、民樂里,1109,"水災,震災,土石流,海嘯",劉康君,29218878#203,是,是,否,POINT (121.5233 25.0067),sea,145.9963459042041,18.7249606771202,mainland
5078,新北市永和區,永貞里,永和區永貞里福和路125巷20號,121.5216,25.0071,育才國小,永貞里、河濱里、福林里、光明里、永福里、秀成里、竹林里、秀和里,207,"水災,震災,土石流,海嘯",詹心儀,29214630#630,是,是,是,POINT (121.5216 25.0071),sea,145.96212874362342,18.6441573218017,mainland
5081,新北市石碇區,永定里,靜安路一段245號,121.688,25.0078,永定國小,豐田里、永定里、中民里、光明里,330,"水災,震災,土石流,海嘯",剛慶嚴/呂洸杰,02-26631288#22/#23,是,是,是,POINT (121.688 25.0078),sea,154.2909918097619,30.045218696957352,mainland
5082,新北市永和區,保安里,永和區保安里保生路25號,121.5057,25.0081,永平國小,保安里、雙和里、安和里、保順里、水源里、保平里、協和里、前溪里、和平里、大同里、中溪里,943,"震災,土石流,海嘯",郭俊尉,29259879#402,是,是,否,POINT (121.5057 25.0081),sea,145.37347980322957,17.64823162913766,mainland
5083,新北市板橋區,浮洲里,大觀路一段30號,121.4493,25.0086,大觀國小,湳興、浮洲、華中、僑中、大觀、歡園,1784,"水災,震災",江勃宏組長,29603373831,是,是,否,POINT (121.4493 25.0086),sea,143.12478125205973,13.848526860352731,mainland
5089,新北市深坑區,土庫里,土庫里北深路1段83巷8弄36號,121.6346,25.01,土庫第1市民活動中心,土庫、賴仲、昇高里,100,"水災,震災,土石流,海嘯",高太郎里長李錫鈞,2.66E+15,是,否,否,POINT (121.6346 25.01),sea,151.6609845291798,26.59890691589275,mainland
5090,新北市石碇區,豐林里,楓子林32-1號,121.6423,25.0101,石碇綜合活動大樓,石碇里、潭邊里、隆盛里、烏塗里、彭山里、豐田里、永定里、中民里、光明里、豐林里、永安里、格頭里,200,"水災,震災,土石流,海嘯",?志明/王俞婷,02-26631080#251#229,是,否,是,POINT (121.6423 25.0101),sea,152.06964755433648,27.132403767876802,mainland
5091,新北市板橋區,深丘里,漢生東路215號,121.4709,25.0102,海山高中,海山、九如、正泰、雙玉、深丘、香丘、長安、東安、東丘、民生、福丘、福祿、民族、國泰、福壽,2122,"水災,震災",王玟婷組長,29517475#300,是,是,否,POINT (121.4709 25.0102),sea,144.14327040430993,15.460699829122563,mainland
5093,桃園市龜山區,龍壽里,龍校街30號,121.387488,25.010772,龍壽國小,龍壽里,100,"水災,震災,海嘯",夏寶珠,03-3296554#51,是,否,是,POINT (121.387488 25.010772),sea,141.11046240758722,9.826505775658163,mainland
5094,新北市板橋區,黃石里,文化路一段23號,121.4582,25.0108,板橋國小,留侯、流芳、赤松、黃石、挹秀、自強、光華、湳興、民權、民安、建國、社後、金華、光榮、漢生、香雅,641,"水災,震災",黃世榮主任,29686834831,是,否,否,POINT (121.4582 25.0108),sea,143.70037364419073,14.647798603928045,mainland
5095,新北市永和區,保安里,永和區保安里永平路205號,121.5086,25.0108,永平高中,豫溪里、保安里、中溪里、協和里、保平里、新生里、大同里、前溪里、和平里、下溪里、信義里、保順里、仁愛里、忠義里、後溪里,5315,"震災,土石流,海嘯",林宛蓉,2231-9670轉232,是,是,否,POINT (121.5086 25.0108),sea,145.77434377351864,18.08242797217564,mainland
5096,新北市板橋區,浮洲里,僑中一街1號,121.4485,25.0112,大觀國中,湳興、浮洲、華中、僑中、大觀、歡園、大安、福安、聚安、龍安、中山、復興,1611,"水災,震災,土石流,海嘯",林鳳穎組長,22725015831,是,是,否,POINT (121.4485 25.0112),sea,143.36446874483892,14.021815983807326,mainland
5097,臺北市大安區,學府里,大安區羅斯福路4段113巷13號,121.5388,25.0112,民族國中,學府里2,139,水災,李培彰,02-27322935#234,是,否,是,POINT (121.5388 25.0112),sea,147.14559916110258,20.17552693525134,mainland
5098,臺北市大安區,臥龍里,辛亥路三段55號,121.5388,25.0112,臺北市大安運動中心,龍淵、臥龍里,389,震災,鄭景中,2570-2330轉6424,是,否,否,POINT (121.5388 25.0112),sea,147.14559916110258,20.17552693525134,mainland
5099,新北市板橋區,黃石里,文化路一段25號,121.4591,25.0117,板橋高中,留侯、流芳、赤松、黃石、挹秀、湳興、社後、金華、自強、光華、建國、光榮、民權、民安、漢生、新興,1136,"水災,震災,土石流,海嘯",柳欽元組長,29602500430,是,是,否,POINT (121.4591 25.0117),sea,143.82917678169505,14.787987557734306,mainland
5101,臺中市大甲區,南陽里,大甲區南陽里中山路一段720號,121.465467,25.012024,大甲高中活動中心,南陽、薰風、中山、大甲、朝陽、順天,598,"水災,震災,海嘯",蕭建華,04-26877165,是,否,是,POINT (121.465467 25.012024),sea,144.11466914640403,15.250270368253464,mainland
5102,臺北市大安區,學府里,臺北市大安區基隆路4段41巷68弄2號,121.5429,25.0124,公館國小,學府里,50,"水災,震災",柯怡安,27351734#230,是,否,否,POINT (121.5429 25.0124),sea,147.452717942295,20.560073023817132,mainland
5103,新北市石碇區,隆盛里,八分寮45號,121.6426,25.0127,石碇高中,石碇里、潭邊里、隆盛里、烏塗里、永定里、中民里、光明里、豐林里,963,"水災,震災,土石流,海嘯",洪瑜堅/蔡育萃,02-26631224#300/301,是,是,是,POINT (121.6426 25.0127),sea,152.34021304977213,27.380655040241145,mainland
5104,新北市永和區,上林里,永和區上林里竹林路79號,121.5193,25.0129,網溪國小,豫溪里、中興里、竹林里、上林里、正興里、永興里、桂林里,853,"水災,震災,土石流,海嘯",林盈宏,8926-4470轉800,是,是,否,POINT (121.5193 25.0129),sea,146.4526655506821,18.995603240717614,mainland
5106,新北市板橋區,東丘里,民生路一段30之1號,121.4768,25.0137,民生公園市民活動中心,東丘、九如、長壽、居仁、正泰、海山、東安、民生、長安,292,"水災,震災,土石流,海嘯",黃素玲,02-29541201,是,否,否,POINT (121.4768 25.0137),sea,144.74357140657386,16.16943287336388,mainland
5107,臺北市中正區,東門里,信義路一段1號,121.535,25.0137,臺北市中正運動中心,東門里、文祥里、三愛里、文北里,250,震災,紀孟祺,02-25702330-6427,是,否,否,POINT (121.535 25.0137),sea,147.22854761726728,20.135612024792913,mainland
5110,臺北市大安區,學府里,大安區羅斯福路4段21號,121.5352,25.0142,銘傳國小,大學里,161,"水災,震災",連瑞琦,02-23639815#16,是,否,否,POINT (121.5352 25.0142),sea,147.28828703695345,20.19305055447768,mainland
5111,新北市永和區,勵行里,永和區勵行里竹林路34號,121.5173,25.0145,竹林小學,中興里、勵行里、光復里、復興里、上林里、網溪里、正興里、永興里、桂林里、後溪里,58,"水災,震災,土石流,海嘯",陳兆玉,3233-0272,是,是,是,POINT (121.5173 25.0145),sea,146.52880993968424,18.99949737832395,mainland
5112,新北市中和區,中原里,中和區光環路2段1號,121.4829,25.0148,光復國小,中原里,855,"水災,震災,土石流,海嘯",劉師政,02-22482688#286,是,是,否,POINT (121.4829 25.0148),sea,145.10597642912583,16.681511968516812,mainland
5114,新北市雙溪區,長源里,9鄰柑腳3號,121.804558,25.01513,柑林國小,長源里、外柑里,133,"水災,震災,土石流",宋翔怡,02-24931111#124,否,否,否,POINT (121.804558 25.01513),sea,161.76529664666865,38.63058493491904,mainland
5115,新北市貢寮區,福隆里,虎子山街,121.944391,25.015188,虎子山,福隆里,50,海嘯,吳憲彰、吳珮羽,02-24941601#255,否,是,否,POINT (121.944391 25.015188),sea,170.8302706973447,48.16492330136325,mainland
5116,新北市永和區,文化里,永和區文化里文化路133號,121.5116,25.0155,頂溪國小,文化里、仁愛里、永成里、忠義里、中溪里、上溪里、新生里、大同里、新?里、下溪里、信義里、後溪里,888,"震災,土石流,海嘯",廖嘉民,2921-2058#401,是,是,否,POINT (121.5116 25.0155),sea,146.3843326111438,18.698675248281326,mainland
5117,新北市永和區,新?里,永和區新?里文化路172號,121.512,25.0157,及人國小,新?里、文化里、仁愛里、永成里、忠義里、河堤里、頂溪里、上溪里、新生里、下溪里、信義里,1041,"水災,震災,土石流,海嘯",陳浙雲,29212145#11,是,是,否,POINT (121.512 25.0157),sea,146.42202193416793,18.743457830747033,mainland
5118,新北市雙溪區,長源里,柑腳19號,121.8028,25.0157,長源社區活動中心,長源里、外柑里,172,"水災,震災,土石流",宋翔怡,02-24931111#124,是,否,否,POINT (121.8028 25.0157),sea,161.71044171583367,38.56072410627266,mainland
5119,新北市永和區,復興里,永和區復興里博愛街36號,121.5193,25.0158,金甌女中,光復里、復興里、中興里、網溪里、勵行里、上林里、桂林里、正興里、永興里,239,"水災,震災,土石流,海嘯",蘇柳村,23214765,是,是,是,POINT (121.5193 25.0158),sea,146.7486384391009,19.249695719491083,mainland
5120,新北市貢寮區,福連里,福連街1號,121.9888,25.0162,福連國小,福連里,300,"水災,震災,土石流",李煥榮,02-24991194#103,是,是,是,POINT (121.9888 25.0162),sea,173.98583031235606,51.27995106096576,mainland
5122,新北市貢寮區,龍崗里,嵩陽路42號,121.9071,25.0164,貢寮國中,貢寮里、雙玉里、龍崗里、吉林里,661,"水災,震災,土石流,海嘯",陳致棋,02-24941941#130,是,是,否,POINT (121.9071 25.0164),sea,168.42981297196172,45.72983143840889,mainland
5123,新北市樹林區,三福里,三福街52號,121.4059,25.016651,三多國小,三多、三福、三興、圳安、?獠、光興、金寮、圳生、三龍,807,"震災,土石流,海嘯",事務組長董俊良,26880689#145,是,是,否,POINT (121.4059 25.016651),sea,142.36564477827545,11.596342640739161,mainland
5125,新北市板橋區,富貴里,光環路一段7號,121.4828,25.0168,光復高中,港嘴、振義、振興、光復、埔墘、富貴、長壽、居仁、福壽、福翠、龍翠、九如、正泰、雙玉,416,土石流,黃建國組長,29582366141,是,是,否,POINT (121.4828 25.0168),sea,145.30820363516972,16.849933419964017,mainland
5126,新北市永和區,頂溪里,忠孝街26巷8號,121.5153,25.0169,忠孝市民活動中心,文化里、永成里、勵行里、上溪里、河堤里、頂溪里、光復里、復興里、新?里、網溪里,85,"水災,震災,土石流,海嘯",陳威光,29249622,是,否,否,POINT (121.5153 25.0169),sea,146.68723285855495,19.07348599283186,mainland
5127,新北市貢寮區,福隆里,東興街35號,121.9487,25.0171,福隆國小,福隆里,430,"水災,震災,土石流,海嘯",林琪濟,02-24991449#12,是,是,否,POINT (121.9487 25.0171),sea,171.29152657414204,48.626096282665536,mainland
5128,桃園市龜山區,龍華里,萬壽路一段422巷22弄43-1號,121.400544,25.017485,龍華社區活動中心,龍華里,150,"水災,震災,海嘯",許森能,02-82001127,是,否,是,POINT (121.400544 25.017485),sea,142.26654923039584,11.3044186151258,mainland
5129,新北市新莊區,雙鳳里,新北大道七段437號,121.4257,25.0175,丹鳳國小,雙鳳里,297,"震災,土石流,海嘯",邱雋弘,02-29929891,是,是,否,POINT (121.4257 25.0175),sea,143.16533436394437,13.020049084735712,mainland
5130,新北市板橋區,歡園里,中和區中原里光環路二段1號,121.484,25.0177,光復國小,福壽、居仁、富貴、長壽、光復、埔墘、久如、正泰,855,"水災,震災,土石流",吳麥生組長,32348645661,是,是,否,POINT (121.484 25.0177),sea,145.45021245116817,17.010566596200036,mainland
5131,新北市貢寮區,福連里,香蘭街7-1號,121.9729,25.0177,靈鷲山無生道場,福連、福隆,100,"水災,震災,土石流,海嘯",釋法藏,02-24991100,是,否,否,POINT (121.9729 25.0177),sea,173.00793794418774,50.3278344163663,mainland
5133,新北市板橋區,光仁里,永豐街42之8號,121.4741,25.0181,埔墘國小,介壽、埔墘、雙玉、振興、振義、廣新、玉光、光仁、西安、東丘、民生、九如、正泰、港嘴、埤墘、莊敬、華江、永安、光復,628,"水災,震災",顧琪芳組長,29616690311,是,是,否,POINT (121.4741 25.0181),sea,145.08928931116893,16.370954494460765,mainland
5136,新北市貢寮區,福隆里,福隆里福隆街60號,121.9457,25.0184,福隆青少年活動中心,福隆里,403,"震災,土石流",吳憲彰,02-24991456,是,否,否,POINT (121.9457 25.0184),sea,171.2009769336905,48.53555758333251,mainland
5137,桃園市龜山區,迴龍里,宏慶街34巷48-1號,121.410691,25.018416,迴龍社區活動中心,迴龍里,93,"水災,震災,土石流,海嘯",林天章,02-82009283,是,否,是,POINT (121.410691 25.018416),sea,142.72047663170937,12.077482812614015,mainland
5138,新北市板橋區,新民里,文化路一段188巷56號,121.4676,25.0185,中山國中,民權、民安、新民、漢生、公館、忠誠、介壽、百壽、華江、玉光、光仁、廣新、埤墘、莊敬、雙玉、香丘、西安、幸福、海山,2280,"震災,土石流,海嘯",何秀滿組長,22508250232,是,是,否,POINT (121.4676 25.0185),sea,144.87060763043004,15.963043580261003,mainland
5139,新北市雙溪區,外柑里,外柑腳49號,121.807814,25.018517,外柑市民活動中心,外柑里、長源里、上林里。,72,"水災,震災,土石流",宋翔怡,02-24931111#124,否,否,否,POINT (121.807814 25.018517),sea,162.27832290814726,39.14923538728085,mainland
5140,桃園市桃園區,會稽里,大有路789號,121.3154,25.0187,快樂國小,本市會稽區各里,70,"水災,震災,土石流",陳毓梅,03-3580001#137,是,是,否,POINT (121.3154 25.0187),sea,139.73250551983216,5.608531686642471,mainland
5141,臺北市大安區,芳和里,臺北市大安區臥龍街170號,121.5503,25.0187,芳和國中,芳和、黎孝里,30,"水災,震災",何孟蒔,02-27321961#501,是,否,是,POINT (121.5503 25.0187),sea,148.42737129444777,21.61635784936882,mainland
5142,臺北市中正區,,中正區汀州路3段四號,121.5265,25.019,螢橋國中,林興里、文盛里、富水里、水源里,52,水災,陳正泰,02-23688667#230,是,否,否,POINT (121.5265 25.019),sea,147.39041489611836,20.02073496542407,mainland
5143,桃園市龜山區,迴龍里,萬壽路一段168號,121.405433,25.019376,迴龍國中小學,迴龍里,500,"水災,震災,海嘯",林立人,02-82096088#512,是,否,是,POINT (121.405433 25.019376),sea,142.63624159071108,11.803277113107404,mainland
5145,新北市板橋區,香社里,中正路325巷30號,121.4533,25.0194,國光國小,社後、香社、香雅、中正、自立、光榮、國光、港尾、港德、金華,1211,"水災,震災",陳金鶴組長,29680611702,是,是,否,POINT (121.4533 25.0194),sea,144.40316110546195,15.067391930944405,mainland
5146,臺北市大安區,芳和里,臺北市大安區臥龍街129號,121.5496,25.0195,大安國小,黎和、黎元里,60,水災,楊金龍,02-27322332#831,是,否,否,POINT (121.5496 25.0195),sea,148.47636543103408,21.63874914060223,mainland
5147,臺北市大安區,芳和里,大安區臥龍街100號,121.5491,25.0196,和平高中,臥龍、虎嘯里,300,"水災,震災",楊廣銓,02-27324300#151,是,否,否,POINT (121.5491 25.0196),sea,148.46369174101102,21.61343724616485,mainland
5148,新北市板橋區,莊敬里,民生路二段120號,121.4708,25.0197,板橋莊敬市民活動中心,莊敬、埤墘、華江、介壽、百壽,188,"水災,震災,土石流,海嘯",高惠華,02-22514289,是,否,否,POINT (121.4708 25.0197),sea,145.12250243959394,16.28625700153559,mainland
5150,新北市貢寮區,貢寮里,長泰路18-2號,121.9075,25.0206,貢寮市民活動中心,貢寮里、雙玉里、龍崗里、吉林里,176,"水災,震災,土石流,海嘯",吳珮羽,02-24941601#255,是,否,是,POINT (121.9075 25.0206),sea,168.83025598455393,46.125086405389794,mainland
5151,臺北市大安區,古風里,大安區羅斯福路3段,121.5285,25.0207,古亭國小,古風、古莊、龍泉里,62,"水災,震災",林勝和,02-23639795#831,是,否,否,POINT (121.5285 25.0207),sea,147.65172852879152,20.30598054504325,mainland
5153,新北市新莊區,南港里,四維路186巷2號,121.421825,25.021171,四維市民活動中心,福營區瓊林.營盤.丹鳳.雙鳳.和鳳.富國.國泰.豐年.福營.龍鳳.裕民.祥鳳.富民.泰豐.龍福里,300,"水災,震災",邱雋弘,02-29929891#135,是,否,是,POINT (121.421825 25.021171),sea,143.40903346278753,13.07762390923585,mainland
5154,新北市新莊區,裕民里,裕民路136號,121.4162,25.0212,裕民行政大樓,福營區瓊林.營盤.丹鳳.雙鳳.和鳳.富國.國泰.豐年.福營.龍鳳.裕民.祥鳳.富民.泰豐.龍福里,300,水災,邱雋弘,02-29929891#135,是,否,是,POINT (121.4162 25.0212),sea,143.20944002921044,12.696835663460677,mainland
5155,桃園市桃園區,春日里,至善街133號,121.3126,25.0216,春日里活動中心,春日、大興,28,"水災,震災,土石流",許美玉,3348058#1218,是,否,否,POINT (121.3126 25.0216),sea,139.96678880262982,5.671811422735949,mainland
5156,新北市新莊區,立廷里,中平路385號,121.4278,25.0216,中平國中,立廷.中港.中原.中信.中平.中隆里,1384,"震災,土石流,海嘯",邱雋弘,02-29929891,是,是,否,POINT (121.4278 25.0216),sea,143.6718842620226,13.522392835874014,mainland
5158,新北市新莊區,中平里,中和街193號,121.418,25.0219,榮富國小,中信里.中平里.中港里＆中隆里,2819,"水災,土石流,海嘯",邱雋弘,02-29929891,是,是,否,POINT (121.418 25.0219),sea,143.3475337730301,12.880833665331156,mainland
5159,新北市貢寮區,雙玉里,學苑街7號,121.9151,25.022,貢寮國小,貢寮里、雙玉里、龍崗里、吉林里,633,"震災,土石流,海嘯",莊金坤,02-24941274#213,是,是,否,POINT (121.9151 25.022),sea,169.45930560228857,46.76567204153074,mainland
5160,臺北市萬華區,騰雲里,臺北市萬華區水源路199號,121.507,25.0221,青年公園,全區,33756,震災,呂芳金,2303-2451,否,是,是,POINT (121.507 25.0221),sea,146.8634204579547,18.96347660547065,mainland
5161,新北市平溪區,白石里,9鄰靜安路2段241號,121.7247,25.0221,白石市民活動中心,白石里、薯榔里,49,"水災,震災,土石流",李元裕,02-24951510#151,是,否,否,POINT (121.7247 25.0221),sea,157.71059139607556,33.79916734887414,mainland
5162,新北市板橋區,幸福里,英士路179號,121.4585,25.0225,文德國小,新翠、德翠、新海、公館、幸福、文德、新生、金華、港德、國光、漢生、港尾、忠誠、新埔、吉翠、滿翠、明翠、陽明、朝陽,1207,震災,許文浩組長,2257719363,是,是,否,POINT (121.4585 25.0225),sea,144.92742959322783,15.693374551064542,mainland
5163,新北市平溪區,薯榔里,靜安路二段63號,121.728154,25.022689,薯榔市民活動中心,薯榔里、菁桐里、白石里,61,"水災,震災,土石流",李元裕,02-24951510#151,是,否,是,POINT (121.728154 25.022689),sea,157.96265812584414,34.086155555072395,mainland
5165,臺北市萬華區,全德里,大同區萬大路346號,121.4993,25.023,萬大國小,壽德里、日祥里、興德里,66,"水災,震災",李惠怡,02-23037654#312,是,否,否,POINT (121.4993 25.023),sea,146.63051642236698,18.517597849615484,mainland
5167,臺北市萬華區,騰雲里,水源路199號,121.4978,25.0231,青年公園棒球場,全區,68,震災,楊璟嘉,02-25702330#6507,是,否,否,POINT (121.4978 25.0231),sea,146.57794609848352,18.42413854707762,mainland
5168,臺北市萬華區,全德里,臺北市萬華區東園街195號,121.4978,25.0231,東園國小,保德里、華中里、全德里、銘德里、榮德里,102,震災,張瑞庭,02-23034803#1501,是,否,否,POINT (121.4978 25.0231),sea,146.57794609848352,18.42413854707762,mainland
5169,臺北市萬華區,福星里,西寧南路6之1號,121.4978,25.0231,臺北市萬華運動中心,福興里、萬壽里、西門里,226,震災,莊耘,2570-2330轉6429,是,否,否,POINT (121.4978 25.0231),sea,146.57794609848352,18.42413854707762,mainland
5170,臺北市中正區,河堤里,中正區汀州路2段180號,121.5226,25.0232,河堤國小,河堤里、頂東里、板溪里,30,"水災,震災",陳昱至,02-23677144#831,是,否,否,POINT (121.5226 25.0232),sea,147.6479007944235,20.122956077574276,mainland
5171,桃園市龜山區,長庚里,80號B1,121.357412,25.023311,長庚醫護社區活動文康中心,長庚里,200,"水災,震災,土石流,海嘯,坡地災害",鄭順隆,03-3282426,是,否,是,POINT (121.357412 25.023311),sea,141.46440019902252,8.875547636996023,mainland
5172,新北市平溪區,菁桐里,菁桐街65-1號,121.7262,25.0235,菁桐市民活動中心,菁桐里、薯榔里,104,"水災,震災,土石流",李元裕,02-24951510#151,是,否,是,POINT (121.7262 25.0235),sea,157.92919482948693,34.02405379560516,mainland
5173,新北市平溪區,石底里,靜安路二段295號,121.7336,25.0235,平溪國中,石底里、平溪里、嶺腳里,710,"水災,震災,土石流",李元裕,02-24951510#151,是,是,是,POINT (121.7336 25.0235),sea,158.35001871932272,34.528344615545635,mainland
5174,新北市平溪區,菁桐里,菁桐街45號,121.7266,25.0236,菁桐國小,菁桐里、白石里,310,"水災,震災,土石流",李元裕,02-24951510#151,是,是,否,POINT (121.7266 25.0236),sea,157.96140551071332,34.06007456845803,mainland
5175,桃園市龜山區,大崗里,忠義路二段491號,121.353653,25.023863,大崗社區活動中心,大崗里、大湖里、大華里,272,"水災,震災,土石流,海嘯",陳清華,03-3282434,是,否,是,POINT (121.353653 25.023863),sea,141.40681562470752,8.667746719010374,mainland
5176,臺北市大安區,龍門里,大安區新生南路3段33號,121.5348,25.0239,龍安國小,龍門、龍坡里,120,"水災,震災",張振茂,02-23632077#730,是,否,是,POINT (121.5348 25.0239),sea,148.25637410327445,21.01568712368697,mainland
5178,新北市板橋區,中正里,中正路437號,121.4542,25.024,板橋國中,新生、社後、香社、香雅、中正、自立、自強、光華、建國、光榮、國光、港尾、金華、港德、民權、宏翠、仁翠,1628,"震災,土石流",蕭麗真主任,2.97E+11,是,是,否,POINT (121.4542 25.024),sea,144.91659573161388,15.531767840426992,mainland
5179,新北市新莊區,立志里,中港一街142號,121.4138,25.0242,中港國小,中泰.立志.立基.立廷.中宏.中全.中和.中港.立功.中誠里,695,"水災,土石流,海嘯",邱雋弘,02-29929891,是,是,否,POINT (121.4138 25.0242),sea,143.43914947349606,12.796136172406046,mainland
5180,桃園市龜山區,長庚里,345號B1,121.356905,25.024279,長庚里345號地下一樓,長庚里,200,"水災,震災,土石流,海嘯,坡地災害",鄭順隆,03-3282426,是,否,是,POINT (121.356905 25.024279),sea,141.55177888771988,8.925811218141991,mainland
5181,新北市新莊區,昌平里,昌平街200號,121.4238,25.0243,昌平國小,昌平里.昌信里.昌明里,635,"水災,震災,土石流,海嘯",邱雋弘,02-29929891,是,否,否,POINT (121.4238 25.0243),sea,143.80892564277778,13.48637206302081,mainland
5182,臺北市中正區,永功里,中正區中華路2段465號,121.5106,25.0246,古亭國中,永功里、永昌里,66,"水災,震災",顏錦江,02-23090986#510,是,否,是,POINT (121.5106 25.0246),sea,147.27309667390008,19.42785251495268,mainland
5183,新北市平溪區,石底里,公園街17號2樓,121.7371,25.0247,平溪市民活動中心,石底里、平溪里、嶺腳里、東勢里,106,"水災,震災,土石流",李元裕,02-24951510#151,是,是,是,POINT (121.7371 25.0247),sea,158.66425963807956,34.87200225925094,mainland
5185,新北市板橋區,新海里,新海路181號,121.4597,25.0249,新埔國中,新生、金華、港德、公館、幸福、文德、陽明、新埔、宏翠、仁翠、新翠、朝陽、吉翠、滿翠、明翠、德翠、新海、中正、國光、忠誠,3276,"水災,震災",吳國菁組長,22572275512,是,是,否,POINT (121.4597 25.0249),sea,145.22364207008417,15.985434871493418,mainland
5186,臺北市中正區,螢雪里,中正區詔安街29號,121.5144,25.0249,螢橋國小,螢雪里、螢圃里、網溪里,63,"水災,震災",王昭傑,23054620109,是,否,否,POINT (121.5144 25.0249),sea,147.46663821274925,19.713098094571723,mainland
5187,臺北市大安區,龍門里,大安區建國南路2段269號,121.538,25.0249,龍門國中,龍生、龍陣、龍淵里,300,震災,金多齊,02-27330299#1402,是,否,否,POINT (121.538 25.0249),sea,148.50057786826926,21.32137692573553,mainland
5188,新北市新莊區,興漢里,中正路211號,121.4225,25.0253,新莊國中,榮和里.興漢里,1370,"震災,土石流,海嘯",邱雋弘,02-29929891,是,是,否,POINT (121.4225 25.0253),sea,143.86672017926875,13.485398528619452,mainland
5189,新北市平溪區,平湖里,大湖10號,121.7813,25.0256,平湖市民活動中心,平湖里、南山里、十分里、新寮里,71,"水災,震災,土石流",李元裕,02-24951510#151,是,否,否,POINT (121.7813 25.0256),sea,161.3332611120535,37.9629739837941,mainland
5191,新北市新莊區,泰豐里,豐年街57號之5,121.4283,25.0258,豐年市民活動中心,福營區瓊林.營盤.丹鳳.雙鳳.和鳳.富國.國泰.豐年.福營.龍鳳.裕民.祥鳳.富民.泰豐.龍福里,100,"水災,震災",邱雋弘,02-29929891#135,是,否,是,POINT (121.4283 25.0258),sea,144.13026356782225,13.924462543664202,mainland
5192,臺北市萬華區,新安里,萬華區西藏路125巷31號,121.5033,25.026,新和國小,新忠里、新和里、忠貞里、凌霄里、騰雲里,79,震災,梁世建,02-23038298#31,是,否,是,POINT (121.5033 25.026),sea,147.10690966671118,19.0530417704018,mainland
5193,臺北市信義區,三張里,臺北市信義區松仁路226號,121.5686,25.026,吳興國小,三張里,60,土石流,吳次寶,27200226#50,是,否,否,POINT (121.5686 25.026),sea,150.00950679593618,23.503067519342505,mainland
5194,新北市板橋區,華翠里,莒光路163號,121.4736,25.0261,莒光國小,華江、華翠、莒光、忠翠、港嘴、永安、埤墘、松翠、龍翠、江翠、純翠、溪頭、聯翠、柏翠、嵐翠、文翠、青翠、溪頭、福翠、振興、雙玉、廣新、莊敬、文聖、文化、松柏、懷翠,428,"水災,震災",蘇賢龍組長,22517272109,是,是,否,POINT (121.4736 25.0261),sea,145.8971674590361,17.037825559440627,mainland
5196,桃園市龜山區,舊路里,振興路1278巷29號-振天宮,121.36753,25.02646,舊路社區活動中心,舊路里,60,"水災,震災,土石流,海嘯",李松鶴,03-3298813,是,否,是,POINT (121.36753 25.02646),sea,142.11825657118266,9.840972496863333,mainland
5197,臺北市萬華區,日善里,萬華區東園街73巷23號6樓,121.4988,25.0266,西園國小,日善里,30,"水災,震災",林淑華,02-23030257#125,是,否,否,POINT (121.4988 25.0266),sea,146.97963474236818,18.79894929162871,mainland
5198,新北市平溪區,平溪里,平溪街56號,121.7376,25.0272,平溪國小,平溪里,525,"水災,震災,土石流",李元裕,02-24951510#151,是,是,是,POINT (121.7376 25.0272),sea,158.9306667248332,35.125121203623216,mainland
5199,新北市貢寮區,龍門里,龍門街74-1號,121.9316,25.0273,昭惠廟,龍門里,50,"水災,震災,土石流,海嘯",吳世揚,02-24941556,是,否,否,POINT (121.9316 25.0273),sea,171.03165314014262,48.35448018466649,mainland
5200,臺北市萬華區,和德里,萬華區興義街2號,121.4927,25.0276,雙園國中,孝德里、銘德里、和德里、錦德里、和平里、榮德里、華中里、頂碩里、新忠里、新安里、忠貞里、雙園里、新和里，日祥里,30,"水災,震災",章譽鐘,02-23030827#140,是,否,是,POINT (121.4927 25.0276),sea,146.8289207583096,18.470868198346402,mainland
5201,臺北市萬華區,日善里,萬華區西藏路213號,121.4962,25.0285,華江高中,日善里、忠德里,300,"水災,震災",陳昭葳,02-23019946#105,是,否,否,POINT (121.4962 25.0285),sea,147.06669319560442,18.788240413213135,mainland
5202,臺北市信義區,三張里,信義區松仁路158巷1號,121.5679,25.0286,信義國中,三張里,361,水災,劉志賢,02-27236771#511,是,否,是,POINT (121.5679 25.0286),sea,150.23875094918066,23.68317138360668,mainland
5204,新北市板橋區,文化里,松江街63號,121.4684,25.0289,江翠國中,明翠、宏翠、滿翠、朝陽、吉翠、仁翠、江翠、純翠、溪頭、聯翠、文化、華江、松翠、柏翠、龍翠、華翠、莒光、忠翠、松柏、嵐翠、文聖、懷翠、文翠、青翠、埤墘、莊敬、永安,2895,"水災,震災,土石流,海嘯",賴建男組長,22568560/2251800761,是,是,否,POINT (121.4684 25.0289),sea,145.9805632273352,16.92878970648029,mainland
5205,新北市雙溪區,上林里,內平林60號,121.832,25.029,上林國小,上林里、平林里、外柑里、長源里。,1309,"水災,震災,土石流",宋翔怡,02-24931111轉124,是,是,否,POINT (121.832 25.029),sea,164.73929544889964,41.71594910130921,mainland
5206,臺北市萬華區,,萬華區西藏路201號,121.4987,25.0291,萬華國中,新安里,50,"水災,震災",張幸愉,02-23394567#130,是,否,否,POINT (121.4987 25.0291),sea,147.23255655085242,19.011179791140513,mainland
5207,新北市新莊區,雙鳳里,雙鳳路75號5樓,121.4431,25.0294,牡丹心市民活動中心,福營區瓊林.營盤.丹鳳.雙鳳.和鳳.富國.國泰.豐年.福營.龍鳳.裕民.祥鳳.富民.泰豐.龍福里,300,"水災,土石流",邱雋弘,02-29929891#135,是,否,是,POINT (121.4431 25.0294),sea,145.05631745074035,15.248469329610531,mainland
5208,臺北市大安區,龍雲里,大安區大安路2段99號,121.5461,25.0294,建安國小,群英、群賢、全安、法治里,30,"水災,震災",李昀容,02-27077719#140,是,否,否,POINT (121.5461 25.0294),sea,149.32076999523505,22.267652363926203,mainland
5209,新北市板橋區,龍翠里,文聖街86號,121.4772,25.0295,文聖國小,嵐翠、文聖、福翠、懷翠、龍翠、松柏、港嘴、松翠、柏翠、華翠、忠翠、文翠、青翠,1023,震災,楊吉文組長,22530782813,是,是,否,POINT (121.4772 25.0295),sea,146.39339226512203,17.581057755438376,mainland
5210,臺北市中正區,忠勤里,中正區中華路2段307巷17號,121.5062,25.0296,忠義國小,忠勤里、廈安里,100,水災,范綱發,02-23038752#230,是,否,否,POINT (121.5062 25.0296),sea,147.59889168486336,19.56609439995647,mainland
5211,臺北市中正區,,中華路2段291號地下室,121.5045,25.0297,中華區民活動中心,廈安里、忠勤里,35,"水災,震災",張為閔,02-23416721,是,否,否,POINT (121.5045 25.0297),sea,147.53742952600143,19.459005615798123,mainland
5212,臺北市信義區,景聯里,信義區基隆路2段99號,121.558,25.0297,三興國小,景聯里、嘉興里、景勤里,77,"水災,震災",蘇雪玲,27364687#51,是,否,否,POINT (121.558 25.0297),sea,149.89217776418496,23.104891949157405,mainland
5213,臺北市大安區,龍門里,臺北市大安區新生南路以東、信義路3段以南,121.5354,25.0301,大安森林公園,全區,47436,震災,呂芳金,2303-2451,否,是,是,POINT (121.5354 25.0301),sea,148.9138192834028,21.599807764544853,mainland
5214,臺北市大安區,龍安里,大安區新生南路2段36號,121.5335,25.0304,新生國小,龍安、錦安里,35,"水災,震災",吳盈瑩,02-23913122#230,是,否,否,POINT (121.5335 25.0304),sea,148.86032875689222,21.49661311799367,mainland
5215,新北市新莊區,瓊林里,瓊泰路85號,121.4467,25.0306,瓊泰市民活動中心,福營區瓊林.營盤.丹鳳.雙鳳.和鳳.富國.國泰.豐年.福營.龍鳳.裕民.祥鳳.富民.泰豐.龍福里,150,震災,邱雋弘,02-29929891#135,是,否,是,POINT (121.4467 25.0306),sea,145.3174952896245,15.598941714126083,mainland
5216,臺北市大安區,龍雲里,大安區大安路2段63號,121.5462,25.0307,大安國中,龍雲、義安、德安、臨江里,274,"水災,震災",林志豪,02-27557131#103,是,否,否,POINT (121.5462 25.0307),sea,149.4571588600892,22.3883706297039,mainland
5217,臺北市萬華區,綠堤里,萬華區長順街2號,121.4913,25.0308,大理高中,綠堤里,300,"水災,震災",洪焌維,02-23026959#141,是,否,是,POINT (121.4913 25.0308),sea,147.10093945971215,18.655839734617963,mainland
5218,新北市新莊區,自立里,自立街229號,121.4433,25.0309,思賢國小,自立.仁愛.思賢.自強.仁義.中美.自信.思源.中華里,285,"水災,震災,土石流,海嘯",邱雋弘,02-29929891,是,是,否,POINT (121.4433 25.0309),sea,145.2204859298435,15.393525955423211,mainland
5219,臺北市萬華區,雙園里,萬華區莒光路315號,121.4975,25.0309,雙園國小,雙園里、頂碩里,109,水災,魯俊賢,02-23061893#131,是,否,是,POINT (121.4975 25.0309),sea,147.3677511542467,19.08711547445225,mainland
5220,臺北市中正區,龍光里,中正區南海路58號,121.511,25.0309,國語實小,龍光里、龍興里、南福里,49,"水災,震災",匡秀蘭,23033555轉600,是,否,是,POINT (121.511 25.0309),sea,147.93580166751352,20.007105483803908,mainland
5221,臺北市萬華區,綠堤里,萬華區艋舺大道389號,121.4938,25.0312,大理國小,綠堤里、和平里、糖部里,84,"水災,震災",郭渝葶,23064311#1400,是,否,否,POINT (121.4938 25.0312),sea,147.2452500200935,18.861255493319625,mainland
5222,臺北市中正區,龍光里,中正區南海路56號,121.5122,25.0312,建國中學,龍光里、龍興里、南福里,300,"水災,震災",王鼎中,02-23034381#501,是,否,否,POINT (121.5122 25.0312),sea,148.01766885030995,20.115167802363437,mainland
5223,臺北市大安區,福住里,大安區新生南路2段32號,121.5331,25.0312,金華國中,福住、新龍里,300,"水災,震災",侯姿吟,02-33931799#501,是,否,是,POINT (121.5331 25.0312),sea,148.92415635164764,21.53944863165653,mainland
5224,臺北市信義區,景新里,信義區松勤街60號,121.5632,25.0318,信義國小,三張、景新、西村里,150,水災,蔡育婷,02-27204005#832,是,否,否,POINT (121.5632 25.0318),sea,150.3435680003635,23.643256473148007,mainland
5225,新北市雙溪區,共和里,中山路41巷6號,121.8661,25.0318,共和社區活動中心,共和里、魚行里、雙溪里、新基里。,100,"水災,震災,土石流",宋翔怡,02-24931111#124,是,否,是,POINT (121.8661 25.0318),sea,167.1447881462358,44.285106386685776,mainland
5226,臺北市大安區,龍圖里,大安區復興南路2段52號,121.5432,25.0319,大安高工,龍圖、仁慈、住安里,100,"水災,震災",劉家豪,02-27091630#1401,是,否,否,POINT (121.5432 25.0319),sea,149.44425340524128,22.289070120758012,mainland
5227,臺北市大安區,永康里,大安區愛國東路79巷11號,121.5277,25.0322,金華國小,永康、光明、錦泰、錦華里,56,"水災,震災",游秀靜,02-23917402#830,是,否,是,POINT (121.5277 25.0322),sea,148.78903610726803,21.25907072404397,mainland
5228,臺北市中正區,新營里,中正區愛國東路158號,121.5221,25.0323,中正國中,新營里、龍福里,300,"水災,震災",朱文源,02-23916697#501,是,否,是,POINT (121.5221 25.0323),sea,148.5556464618558,20.886207048295873,mainland
5229,新北市板橋區,柏翠里,文化路二段413號,121.4742,25.0324,江翠國小,江翠、純翠、溪頭、聯翠、松翠、柏翠、文翠、青翠、懷翠、福翠、港嘴、龍翠、華翠、忠翠、文化、松柏、文聖、嵐翠,784,"震災,土石流,海嘯",蔡瓊如組長,22526880231,是,是,否,POINT (121.4742 25.0324),sea,146.57361496326652,17.63070800991137,mainland
5230,臺北市信義區,松隆里,信義區松山路654號,121.5786,25.0327,永春高中,松光、國業、廣居里,300,"水災,震災",劉育成,27272983#501,是,否,否,POINT (121.5786 25.0327),sea,151.15279040510583,24.771582844406094,mainland
5231,新北市新莊區,營盤里,中正路510號,121.4341,25.0329,輔仁大學,營盤里,705,"震災,土石流,海嘯",邱雋弘,02-29929891,是,是,否,POINT (121.4341 25.0329),sea,145.0870304183666,14.941805993160028,mainland
5232,基隆市中正區,中正里,台北市信義區信義路五段5號,121.56234,25.033152,台北世貿一館,基隆市安樂區新崙理、武崙里、中崙里、內寮里,4245,,張聞松,27255200分機2247,否,否,否,POINT (121.56234 25.033152),sea,150.4404310695901,23.703109368148798,mainland
5233,新北市雙溪區,共和里,東榮街54號,121.8672,25.0334,雙溪國小,魚行里、共和里、雙溪里。,1013,"震災,土石流",宋翔怡,02-24931111-124,是,是,否,POINT (121.8672 25.0334),sea,167.36029923312134,44.50025748940155,mainland
5234,臺北市萬華區,華江里,萬華區環河南路2段250巷42弄2號,121.4912,25.0341,華江國小,華江里,37,"水災,震災",吳瓊慧,02-23064352#14,是,否,否,POINT (121.4912 25.0341),sea,147.43709492610745,18.938164711033586,mainland
5235,新北市新莊區,立人里,中正路86號,121.4417,25.0342,新莊國小,立人.思源.文衡.文聖.興漢.榮和.文德.文明.恆安.立德里,1029,"水災,震災,土石流,海嘯",邱雋弘,02-29929891,是,是,是,POINT (121.4417 25.0342),sea,145.50523096483474,15.573629819688113,mainland
5236,臺北市信義區,松隆里,信義區松山路655號,121.5801,25.0348,松山家商,松隆、松友、國業里,116,"水災,震災",唐培培,02-27261118#411,是,否,是,POINT (121.5801 25.0348),sea,151.43455650230572,25.05780195842743,mainland
5237,新北市雙溪區,平林里,梅竹蹊3號,121.8632,25.0349,雙溪高中,平林里、雙溪里、新基里、共和里、魚行里、三港里、三貂里、牡丹里、泰平里,1376,"水災,震災,土石流",宋翔怡,02-24931111-124,是,是,否,POINT (121.8632 25.0349),sea,167.24176096971152,44.35909500119472,mainland
5238,臺北市中正區,南門里,中正區廣州街6號,121.5091,25.0352,南門國小,南門里、愛國里,30,"水災,震災",林育農,02-23715052#401,是,否,否,POINT (121.5091 25.0352),sea,148.2962430200105,20.254383221767927,mainland
5239,臺北市中正區,南門里,中正區廣州街6號,121.5091,25.0352,南門國中,南門里、愛國里,151,"水災,震災",楊啟明,02-23142775#61,是,否,否,POINT (121.5091 25.0352),sea,148.2962430200105,20.254383221767927,mainland
5240,新北市雙溪區,平林里,外平林52號,121.849136,25.035598,平林市民活動中心,平林里、上林里、泰平里,79,"水災,震災,土石流",宋翔怡,02-24931111#124,否,否,否,POINT (121.849136 25.035598),sea,166.4161503582994,43.46182728477169,mainland
5241,臺北市萬華區,青山里,萬華區和平西路3段235號,121.4962,25.0356,龍山國小,柳鄉里、青山里,50,"水災,震災",李志強,02-23082977#730,是,否,是,POINT (121.4962 25.0356),sea,147.79773170722194,19.41032889572722,mainland
5242,臺北市信義區,三張里,松勤路100號,121.5733,25.0356,臺北市信義運動中心,三張、景新、安康、三犁、西村里,200,震災,莊耘,2570-2330轉6429,是,否,否,POINT (121.5733 25.0356),sea,151.19570119633028,24.664494060249343,mainland
5243,臺北市信義區,安康里,臺北市信義區松德路180巷興雅國中西側,121.5733,25.0356,松德公園,全區,1346,震災,高奕翔,02-27884255,否,是,是,POINT (121.5733 25.0356),sea,151.19570119633028,24.664494060249343,mainland
5244,基隆市中正區,中正里,台北市信義區松壽路6號,121.563833,25.035701,台北市世貿三館,基隆市安樂區內寮里,1000,,紀家鈺,02-277181211分機1336,是,否,否,POINT (121.563833 25.035701),sea,150.76663059293355,24.028191975474186,mainland
5245,新北市新莊區,中原里,中信街168號,121.4505,25.0358,中信國小,中原里.中信里.中榮里,1084,"水災,震災,土石流,海嘯",邱雋弘,02-29929891,是,否,否,POINT (121.4505 25.0358),sea,146.00411445123723,16.313515964776045,mainland
5246,臺北市大安區,敦安里,大安區安和路1段60號,121.5524,25.0358,仁愛國小,敦安、敦煌、光信、通化、通安里,53,"水災,震災",林宜靜,02-27095010#401,是,否,否,POINT (121.5524 25.0358),sea,150.25429216964153,23.257736850181963,mainland
5247,新北市新莊區,文衡里,中正路176號,121.450558,25.035834,新莊區公所,新莊區海山.全安.榮和.興漢.文德.文明.文聖.文衡.全泰.忠孝里,200,"水災,震災",邱雋弘,02-29929891#135,是,否,是,POINT (121.450558 25.035834),sea,146.00986525245938,16.320447529714194,mainland
5248,新北市新莊區,立基里,中平路135號,121.4525,25.0359,新莊高中,立基里,933,"水災,震災,土石流,海嘯",邱雋弘,02-29929891,是,是,否,POINT (121.4525 25.0359),sea,146.09072025375204,16.45857259058921,mainland
5249,臺北市萬華區,富福里,臺北市萬華區南寧路46號,121.5046,25.036,龍山國中,富福里,367,水災,楊炳煌,23362789#500,是,否,是,POINT (121.5046 25.036),sea,148.18883132125706,20.017814362219898,mainland
5250,臺北市信義區,安康里,信義區松仁路95巷20號,121.5711,25.0364,博愛國小,安康里,80,震災,朱榮富,23450616#400,是,否,否,POINT (121.5711 25.0364),sea,151.17369392381073,24.584664239332024,mainland
5251,臺北市信義區,安康里,信義區松德路168巷15號,121.5723,25.0364,興雅國中,安康里,151,震災,柯景煌,02-27232771#500,是,否,是,POINT (121.5723 25.0364),sea,151.22959740821227,24.666441129052025,mainland
5252,新北市新莊區,立人里,中正路108號,121.453731,25.036593,私立恆毅高級中學,恆安里、立仁里、榮和里,604,"水災,震災,土石流,海嘯",邱雋弘,02-29929891,是,是,否,POINT (121.453731 25.036593),sea,146.20996803211207,16.603181390577873,mainland
5253,新北市新莊區,忠孝里,建中街116巷3弄2號,121.4451,25.0369,新泰市民活動中心,新莊區海山.全安.榮和.興漢.文德.文明.文聖.文衡.全泰.忠孝里,250,"水災,震災",邱雋弘,02-29929891#135,是,否,是,POINT (121.4451 25.0369),sea,145.9147931980165,16.041899866776347,mainland
5254,新北市新莊區,和平里,思源路485號,121.4564,25.037,頭前國中,思源.幸福.昌平.昌隆.仁愛.仁義.信義.和平.昌明.昌信.自信.福基.福興.頭前.化成里,2352,"水災,震災,土石流,海嘯",邱雋弘,02-29929891,是,是,否,POINT (121.4564 25.037),sea,146.35466640035762,16.820727387921345,mainland
5255,臺北市信義區,中行里,臺北市信義區福德街221巷15號,121.5853,25.0371,?公國中,中行,30,"水災,震災",黃福全,02-27261481#400,是,否,否,POINT (121.5853 25.0371),sea,151.911620992273,25.613690101644398,mainland
5256,臺北市中正區,建國里,中正區公園路21號,121.5153,25.0375,弘道國中,建國里、黎明里、光復里,87,震災,林鴻儒,02-23715520#500,是,否,否,POINT (121.5153 25.0375),sea,148.79550372622143,20.878418773084725,mainland
5257,臺北市大安區,敦安里,大安區仁愛路4段130號,121.5507,25.0375,仁愛國中,建安、建倫、華聲、車層、正聲里,125,"水災,震災",廖志偉,02-23255823#168,是,否,否,POINT (121.5507 25.0375),sea,150.34976592446066,23.29083701983092,mainland
5258,臺北市大安區,民炤里,大安區仁愛路3段22號,121.535,25.0376,幸安國小,民炤、民輝、和安里,200,震災,林冠廷,02-27074191#3300,是,否,是,POINT (121.535 25.0376),sea,149.65989510206123,22.229684522270674,mainland
5259,新北市新莊區,光明里,龍安路452號,121.4438,25.0378,光華國小,光華.光明.民安.光和.光正.光榮.西盛里,963,"水災,震災,土石流,海嘯",邱雋弘,02-29929891,是,是,否,POINT (121.4438 25.0378),sea,145.96003150479228,16.03216452276213,mainland
5260,臺北市萬華區,福音里,臺北市萬華區桂林路64號,121.5027,25.038,老松國小,福音里、富民里、仁德里,50,"水災,震災",湯順禎,02-23361266#130,是,否,否,POINT (121.5027 25.038),sea,148.31491241304778,20.063570479087595,mainland
5261,臺北市中正區,光復里,臺北市中正區重慶南路1段 165 號,121.513,25.0386,北一女中,光復里、黎明里、建國里,60,"水災,震災",鄭鈺樺,23820484#600,是,否,是,POINT (121.513 25.0386),sea,148.81035073596195,20.818059640196402,mainland
5262,臺北市中正區,東門里,中正區仁愛路1段2-4號,121.5209,25.0387,東門國小,東門里、文祥里、三愛里,100,"水災,震災",林郁玲,02-23413542#23,是,否,否,POINT (121.5209 25.0387),sea,149.158333171499,21.365185973799957,mainland
5263,臺北市信義區,中行里,信義區福德街253號,121.5865,25.0389,福德國小,中行里、中坡里、大道里,105,"水災,震災",林君豪,02-27277992#21,是,否,否,POINT (121.5865 25.0389),sea,152.14919691756523,25.85317956439644,mainland
5264,新北市泰山區,貴和里,明志路三段365號,121.4266,25.0394,貴和市民活動中心,貴賢里、貴子里、貴和里,76,"水災,土石流,海嘯,核子事故",詹淑美,02-29099551#1402,是,否,否,POINT (121.4266 25.0394),sea,145.49470476385017,15.000218057245299,mainland
5265,臺北市中正區,東門里,仁愛路一段21-33號,121.5225,25.0394,財團法人臺北市東和禪寺,東門里,30,"水災,震災",釋修慧,23934598,是,否,否,POINT (121.5225 25.0394),sea,149.298862667503,21.535554494050267,mainland
5266,臺北市信義區,安康里,臺北市信義區忠孝東路5段236巷15號,121.572,25.0398,松山工農,六藝、雅祥、五常、五全、永吉、長春、四育、四維、永春、富台,50,"水災,震災",鄭才新,27226616#601,是,否,否,POINT (121.572 25.0398),sea,151.558216342236,24.94389843346002,mainland
5267,臺北市信義區,興隆里,臺北市信義區光復南路271號,121.5578,25.0402,光復國小,西村、正和、興隆、中興、景新、新仁、興雅、敦厚、廣居、安康,40,"水災,震災",吳建億,27585076#830,是,否,是,POINT (121.5578 25.0402),sea,150.94518077262336,24.011252476889066,mainland
5268,臺北市南港區,舊莊里,舊莊街一段100號,121.61735,25.040245,舊庄國小,舊莊里、中研里、九如里,92,,林思瀅,922424372,否,否,否,POINT (121.61735 25.040245),sea,153.77922062941565,28.073373443579253,mainland
5269,臺北市中正區,黎明里,臺北市中正區-凱達格蘭大道3號,121.5156,25.0403,二二八和平公園,全區,7909,震災,呂芳金,2303-2451,否,是,是,POINT (121.5156 25.0403),sea,149.0952499962692,21.144193664675754,mainland
5270,臺北市大安區,義村里,大安區忠孝東路3段248巷30號,121.5412,25.0403,懷生國中,義村、昌隆、誠安、仁愛、光武里,300,"水災,震災",謝淑慧,02-27215078#330,是,否,否,POINT (121.5412 25.0403),sea,150.20894411162732,22.88876731203955,mainland
5271,桃園市龜山區,南上里,民生北路一段356巷386-1號,121.300096,25.040457,南上社區活動中心,南上里、南美里,60,"水災,震災,土石流,海嘯",詹有銘,03-3252390,是,否,是,POINT (121.300096 25.040457),sea,141.6627548261674,6.4719106705514395,mainland
5272,桃園市蘆竹區,南興里,南順二街,121.287732,25.04135998,南興公園,南興里、錦興里等震災,0,震災,趙文峰,03-3520000ext.176,否,是,否,POINT (121.287732 25.04135998),sea,141.44398179754853,5.708453505244032,mainland
5273,新北市泰山區,貴子里,工專路84號,121.4206,25.0417,明志科技大學,貴子里、貴賢里、貴和里,1803,"水災,震災,土石流,海嘯,核子事故",詹淑美,02-29099551#1402,是,是,是,POINT (121.4206 25.0417),sea,145.5210952516846,14.792855229740365,mainland
5274,新北市新莊區,中美里,中港路172號,121.455157,25.041825,中港第一市民活動中心,頭前區和平、幸福、頭前、福基、昌明、昌平、化成、信義、仁義、仁愛、思賢、思源、自強、自立、自信、福興、昌隆、昌信,75,"水災,震災",邱雋弘,02-29929891#135,是,否,是,POINT (121.455157 25.041825),sea,146.80971055281358,17.158777473474053,mainland
5275,新北市平溪區,十分里,十分街66巷1號,121.775807,25.04193,老人文康活動中心,十分里、望古里、南山里、平湖里、新寮里,127,"水災,震災,土石流",李元裕,02-24951510#151,是,否,是,POINT (121.775807 25.04193),sea,162.54079211318566,39.01944378088271,mainland
5276,新北市新莊區,全安里,新莊路527號,121.4565,25.0423,全安市民活動中心,新莊區海山.全安.榮和.興漢.文德.文明.文聖.文衡.全泰.忠孝里,200,"水災,震災",邱雋弘,02-29929891#135,是,否,是,POINT (121.4565 25.0423),sea,146.91056692539198,17.291918038214245,mainland
5277,苗栗縣三義鄉,龍騰村,4鄰外庄10號,121.533012,25.042385,龍騰活動中心,龍騰村、西湖村,20,"水災,震災,土石流",吳陳貞蓉.李明華,037-881418,是,否,是,POINT (121.533012 25.042385),sea,150.0604348801722,22.513460064943775,mainland
5278,苗栗縣三義鄉,雙潭村,2鄰雙連潭40-1號,121.533012,25.042385,雙潭活動中心,雙潭村,20,"水災,震災,土石流",魏勝男.吳建宣,037-871023,是,否,是,POINT (121.533012 25.042385),sea,150.0604348801722,22.513460064943775,mainland
5279,苗栗縣三義鄉,鯉魚潭村,鯉魚口2鄰47-2號,121.533012,25.042385,鯉魚潭活動中心室內,"鯉魚潭村,西湖村,龍騰村",50,"水災,震災,土石流",李明華,037-881002,是,否,是,POINT (121.533012 25.042385),sea,150.0604348801722,22.513460064943775,mainland
5280,苗栗縣三義鄉,廣盛村,6鄰廣盛80號,121.533012,25.042385,建中國民小學活動中心室內,廣盛村、雙潭村、雙湖村,50,"水災,震災,土石流,海嘯",林芳玉,037-872007,是,否,是,POINT (121.533012 25.042385),sea,150.0604348801722,22.513460064943775,mainland
5281,苗栗縣三義鄉,西湖村,4鄰上湖64號,121.533012,25.042385,西湖村活動中心室內,西湖村,50,"水災,土石流,海嘯",賴水木,037-874307,是,否,是,POINT (121.533012 25.042385),sea,150.0604348801722,22.513460064943775,mainland
5282,苗栗縣苑裡鎮,上館里,4鄰62-7號,121.533012,25.042385,上?里民眾活動中心,玉田里 南勢里 泰田里 上?里,50,"水災,震災,土石流",解振昌,037-743028,是,否,否,POINT (121.533012 25.042385),sea,150.0604348801722,22.513460064943775,mainland
5283,苗栗縣三灣鄉,銅鏡村,1鄰小銅鑼圈9之11號,121.533012,25.042385,銅鏡社區活動中心,銅鏡村,50,"水災,土石流,海嘯",徐盛發,037-831653,是,否,是,POINT (121.533012 25.042385),sea,150.0604348801722,22.513460064943775,mainland
5284,苗栗縣三義鄉,西湖村,4鄰上湖64號,121.533012,25.042385,西湖村活動中心室外,西湖村,150,"震災,海嘯",賴水木,037-874307,否,是,是,POINT (121.533012 25.042385),sea,150.0604348801722,22.513460064943775,mainland
5285,苗栗縣三義鄉,鯉魚潭村,1鄰鯉魚口10-1號,121.533012,25.042385,鯉魚潭村活動中心室外,西湖村 龍騰村 鯉魚潭村,150,震災,李明華,037-881002,否,是,是,POINT (121.533012 25.042385),sea,150.0604348801722,22.513460064943775,mainland
5286,苗栗縣三義鄉,廣盛村,6鄰廣盛80號,121.533012,25.042385,建中國民小學操場室外,廣盛村 雙湖村 雙潭村 勝興村,300,震災,林芳玉,037-872007#132,否,是,是,POINT (121.533012 25.042385),sea,150.0604348801722,22.513460064943775,mainland
5287,苗栗縣苑裡鎮,舊社里,10鄰110-1號2樓,121.533012,25.042385,苑裡鎮立托兒所,社苓里 舊社里 山腳里 泰田里,300,"水災,震災",陳海琪,037-744224,是,否,是,POINT (121.533012 25.042385),sea,150.0604348801722,22.513460064943775,mainland
5288,苗栗縣苑裡鎮,苑東里,13鄰興隆2-1號,121.533012,25.042385,苑裡鎮老人文康中心,苑東里 苑坑里 中正里 福田里,300,"水災,震災,海嘯",傅金鳳,869599,是,否,是,POINT (121.533012 25.042385),sea,150.0604348801722,22.513460064943775,mainland
5289,苗栗縣苑裡鎮,苑北里,13鄰中山路312號,121.533012,25.042385,苑裡鎮苑東苑南苑北社區聯合活動中,苑東里 苑南里 苑北里,500,"水災,震災,海嘯",何宜臻,037-854073,是,否,是,POINT (121.533012 25.042385),sea,150.0604348801722,22.513460064943775,mainland
5290,苗栗縣苑裡鎮,客庄里,1鄰2號,121.533012,25.042385,苗栗縣立苑裡高中操場,客庄里,1000,震災,洪溫惠,037-861042-623,否,是,否,POINT (121.533012 25.042385),sea,150.0604348801722,22.513460064943775,mainland
5291,苗栗縣苑裡鎮,舊社里,10鄰47號,121.533012,25.042385,山腳國小田徑場,山腳里、舊社里、福田里1-9鄰、南勢里5-14鄰、社苓里13.14鄰石鎮里、泰田里10鄰,1000,震災,陳明助,037-745024,否,是,否,POINT (121.533012 25.042385),sea,150.0604348801722,22.513460064943775,mainland
5292,苗栗縣苑裡鎮,社苓里,51-1號,121.533012,25.042385,苑裡鎮中山國小操場,山柑里、社苓里,1000,震災,鍾國鼎,037-743564,否,是,否,POINT (121.533012 25.042385),sea,150.0604348801722,22.513460064943775,mainland
5293,苗栗縣苑裡鎮,客庄里,中正路10鄰1段32號鎮立游泳池旁,121.533012,25.042385,苑裡鎮立體育場,客庄里、苑南里、苑北里、中正里、房裡里,2000,震災,陳梅如,869299,否,是,否,POINT (121.533012 25.042385),sea,150.0604348801722,22.513460064943775,mainland
5294,雲林縣土庫鎮,奮起里,綺湖96號,121.533012,25.042385,綺湖社區活動中心,奮起里,78,"水災,震災",吳義正,05-6623430,是,否,是,POINT (121.533012 25.042385),sea,150.0604348801722,22.513460064943775,mainland
5295,新北市三峽區,插角里,插角25-1號,121.533012,25.042385,大有市民活動中心,有木里、插角里,148,"水災,震災,土石流",吳香其,02-26711017分機207,是,否,否,POINT (121.533012 25.042385),sea,150.0604348801722,22.513460064943775,mainland
5296,新北市貢寮區,美豐里,雞母嶺街6-6號,121.533012,25.042385,豐珠國中小活動中心,美豐、真理、仁里,369,"水災,海嘯",黃士綺,02-24903727,是,是,否,POINT (121.533012 25.042385),sea,150.0604348801722,22.513460064943775,mainland
5297,嘉義縣大林鎮,三和里,中興路二段239號,121.533012,25.042385,大林鎮公所,大林鎮,50,水災,吳淑芸,05-2653211,是,否,是,POINT (121.533012 25.042385),sea,150.0604348801722,22.513460064943775,mainland
5298,嘉義縣大埔鄉,西興村,菜瓜坪4號之1,121.533012,25.042385,西興村活動中心前廣場,西興村,50,"水災,震災",茄苳村幹事,05-2521310-28,否,是,否,POINT (121.533012 25.042385),sea,150.0604348801722,22.513460064943775,mainland
5299,嘉義縣大埔鄉,大埔村,54號,121.533012,25.042385,大埔鄉公所,大埔村,50,水災,黃國明,05-2521310-29,是,否,是,POINT (121.533012 25.042385),sea,150.0604348801722,22.513460064943775,mainland
5300,嘉義縣竹崎鄉,緞繻村,外埔5號,121.533012,25.042385,文光國際英語村[室內],緞繻村,80,"水災,土石流",翁俊忠,05-2630537,否,否,否,POINT (121.533012 25.042385),sea,150.0604348801722,22.513460064943775,mainland
5301,嘉義縣竹崎鄉,灣橋村,4鄰朴子埔32號之2,121.533012,25.042385,嘉義縣竹崎鄉灣橋村朴子埔收容所暨防災物資整備所,灣橋村,90,,林印筒,05-2790392,否,否,否,POINT (121.533012 25.042385),sea,150.0604348801722,22.513460064943775,mainland
5302,嘉義縣溪口鄉,坪頂村,中正東路103號,121.533012,25.042385,溪口國中室外,溪東村等14村,300,震災,簡淑玲校長,2691050#112,否,是,否,POINT (121.533012 25.042385),sea,150.0604348801722,22.513460064943775,mainland
5303,嘉義縣鹿草鄉,松竹村,69號,121.533012,25.042385,竹園國小室外,松竹村,400,震災,涂慶波,05-3650524-12,否,是,否,POINT (121.533012 25.042385),sea,150.0604348801722,22.513460064943775,mainland
5304,嘉義縣鹿草鄉,三角村,毛蟹行11號,121.533012,25.042385,後塘國小室外,三角村,500,震災,何雪鳳,05-375254812,否,是,否,POINT (121.533012 25.042385),sea,150.0604348801722,22.513460064943775,mainland
5305,彰化縣永靖鄉,港西村,彰化縣永靖鄉永社路266號,121.533012,25.042385,老人文康活動中心,全鄉,50,"水災,震災,土石流,海嘯",呂美玲,048-8221191-21,是,否,是,POINT (121.533012 25.042385),sea,150.0604348801722,22.513460064943775,mainland
5306,彰化縣永靖鄉,港西村,彰化縣永靖鄉永社路267號,121.533012,25.042385,永靖鄉立托兒所,全鄉,200,"水災,震災,土石流,海嘯",林宗憶,048-8238746,是,否,是,POINT (121.533012 25.042385),sea,150.0604348801722,22.513460064943775,mainland
5307,臺中市梧棲區,安仁里,民生街15之89巷1號,121.533012,25.042385,梧棲國小活動中心,安仁,200,"水災,震災,土石流",蔡宗名,04-26562834#1731,是,是,是,POINT (121.533012 25.042385),sea,150.0604348801722,22.513460064943775,mainland
5308,臺東縣長濱鄉,樟原村,1鄰6號,121.533012,25.042385,樟原社區活動中心,樟原村,40,"水災,震災,土石流,海嘯",江金安,089-881069,是,是,是,POINT (121.533012 25.042385),sea,150.0604348801722,22.513460064943775,mainland
5309,臺東縣長濱鄉,三間村,7鄰11號,121.533012,25.042385,三間社區活動中心,三間村,80,"水災,震災,土石流,海嘯",王蘊萍,089-831640,是,是,是,POINT (121.533012 25.042385),sea,150.0604348801722,22.513460064943775,mainland
5310,臺東縣長濱鄉,三間村,南溪16鄰5-7號,121.533012,25.042385,三間村南溪國小,三間村,180,"水災,震災,土石流",高蓮妹,089-881253,是,是,是,POINT (121.533012 25.042385),sea,150.0604348801722,22.513460064943775,mainland
5311,臺南市新化區,知義里,口埤7號,121.533012,25.042385,同義宮,視需要開設不分里,150,水災,黃育彥,06-5903219,是,否,是,POINT (121.533012 25.042385),sea,150.0604348801722,22.513460064943775,mainland
5312,臺南市新化區,太平里,民生路269號,121.533012,25.042385,新化區聯合活動中心,視需要開設不分里,490,"水災,震災",林景昌,06-5905356,否,否,否,POINT (121.533012 25.042385),sea,150.0604348801722,22.513460064943775,mainland
5313,臺北市中正區,幸福里,臺北市中正區濟南路1段71號,121.5238,25.0424,成功高中,幸福里、文北里,30,"水災,震災",鄭隆傑,23216256#231,是,否,否,POINT (121.5238 25.0424),sea,149.66176555219414,21.88700041296683,mainland
5314,臺北市南港區,,南港區舊莊街1段1號,121.6172,25.0424,胡適國小,中研里、九如里,30,"水災,震災",陳谷易,02-27824949#930,是,否,是,POINT (121.6172 25.0424),sea,153.9859917187273,28.251968329521564,mainland
5315,新北市新莊區,龍鳳里,龍安路72號,121.4444,25.0426,丹鳳高中,民有里.光正里.光明里.成德里.龍安里.龍?里.民安里,1337,"水災,震災,土石流,海嘯",邱雋弘,02-29929891,是,是,否,POINT (121.4444 25.0426),sea,146.48409382769174,16.49361982904067,mainland
5316,臺北市中正區,梅花里,中正區忠孝東路2段101號,121.5317,25.0428,忠孝國小,梅花里、幸市里,30,"水災,震災",林瑞慧,02-23918170#832,是,否,否,POINT (121.5317 25.0428),sea,150.0454270223854,22.46041217540993,mainland
5317,新北市泰山區,新明里,新生路2號,121.4317,25.043,明志國小,泰友里、明志里、新明里、貴子里、貴和里、貴賢里,1024,"土石流,海嘯,核子事故",詹淑美,02-29099551#1402,是,是,是,POINT (121.4317 25.043),sea,146.05735359334025,15.663194984620443,mainland
5318,臺北市信義區,永春里,信義區松山路287巷5號,121.5791,25.043,永吉國小,永春里、永吉里、大道里、松光里,53,"水災,震災",宋宏毅,87858111#700,是,否,否,POINT (121.5791 25.043),sea,152.21195743110957,25.70812293858277,mainland
5319,新北市三重區,中興里,三重區忠孝路三段93巷12號,121.467,25.0431,私立金陵女中,頂崁里、谷王里、中興里、德厚里、五谷里,913,"水災,震災,土石流,海嘯",許明枝,02-29862345#493,是,是,否,POINT (121.467 25.0431),sea,147.39975041298385,18.07756030016828,mainland
5320,臺北市萬華區,西門里,萬華區成都路98號,121.5035,25.0432,西門國小,西門里、菜園里、新起里,95,"水災,震災",籃玉君,02-23113519#1131,是,否,是,POINT (121.5035 25.0432),sea,148.88317452046076,20.57370250543708,mainland
5321,桃園市蘆竹區,南興里,忠孝西路忠孝西橋旁,121.287732,25.04345895,第一河濱公園,錦興里、錦中里震災,100,震災,趙文峰,03-3520000ext.176,否,是,否,POINT (121.287732 25.04345895),sea,141.67095999640986,5.892361260475639,mainland
5322,臺北市信義區,新仁里,信義區基隆路1段156號,121.5658,25.0439,松山高中,新仁、六藝、敦厚、雅祥里,300,"水災,震災",莊明煌,27535968-268,是,否,是,POINT (121.5658 25.0439),sea,151.68534210282132,24.880618697366646,mainland
5323,新北市平溪區,十分里,十分街157號,121.7774,25.0439,十分國小,十分里、南山里、新寮里、望古里、平湖里,175,"水災,震災,土石流",李元裕,02-24951510#151,是,是,是,POINT (121.7774 25.0439),sea,162.81993559871592,39.30061025135992,mainland
5324,桃園市蘆竹區,興榮里,光明路一段123號,121.288977,25.04435395,光明國中操場,南崁區,200,"水災,震災,土石流",陳春發,03-311-4355,否,是,是,POINT (121.288977 25.04435395),sea,141.79894662650267,6.055622979595386,mainland
5325,臺北市信義區,永春里,信義區松山路225巷48號,121.5789,25.0447,永春國小,永春里、永吉里、大道里、松光里,115,"水災,震災",朱榮富,02-27641314#630,是,否,否,POINT (121.5789 25.0447),sea,152.37366261693654,25.84344422038213,mainland
5326,臺北市松山區,中正里,臺北市松山區敦化北路3號,121.5509,25.0449,臺北田徑場,美仁里、中正里、中華里、敦化里、東勢里,440,"水災,震災",陳亭孜,02-25702330#6513,否,是,否,POINT (121.5509 25.0449),sea,151.10956451932455,23.952840412803084,mainland
5327,臺北市南港區,成福里,臺北市南港區東新街108巷23號,121.587751,25.045069,成德國中,聯成里、合成里、成福里、萬福里、鴻福里、新光里、百福里,300,,陳章玄,02-26515636#401,否,否,否,POINT (121.587751 25.045069),sea,152.82761418696748,26.47894800694788,mainland
5328,新北市新莊區,營盤里,中正路386號,121.4472,25.0451,國泰國小,忠孝.國泰.海山.福營.營盤里,1036,"水災,震災,土石流,海嘯",邱雋弘,02-29929891,是,是,否,POINT (121.4472 25.0451),sea,146.85018302286846,16.903477812042706,mainland
5329,臺北市中山區,埤頭里,中山區安東街16巷2號,121.5417,25.0453,懷生國小,埤頭里、朱園里、朱崙里,30,"水災,震災",曾韻任,02-27710846#510,是,否,否,POINT (121.5417 25.0453),sea,150.73992000986362,23.36093149673388,mainland
5330,桃園市蘆竹區,錦興里,光明路二段,121.287217,25.04544138,光明河濱公園,南榮里、南興里、興榮里震災,0,震災,趙文峰,03-3520000ext.173,否,是,否,POINT (121.287217 25.04544138),sea,141.87249683660824,6.030962087611974,mainland
5331,臺北市南港區,成福里,東新街118巷86號,121.5896,25.0455,修德國小,百福里、仁福里、合成里、成福里、聯成里、萬福里、鴻福里、玉成里,95,"水災,震災",張雅祺,02-27880500#151,是,否,否,POINT (121.5896 25.0455),sea,152.95858037262917,26.642715963956956,mainland
5332,新北市新莊區,頭前里,化成路231號,121.4566,25.0456,頭前國小,化成里、頭前里＆福基里,610,"震災,土石流,海嘯",邱雋弘,02-29929891,是,是,否,POINT (121.4566 25.0456),sea,147.25826284905008,17.587872496248416,mainland
5333,臺北市南港區,成福里,東新街170-1號,121.5912,25.0458,南港公園,全區,8661,震災,高奕翔,02-27884255,否,是,是,POINT (121.5912 25.0458),sea,153.0647370254821,26.778037245755524,mainland
5334,高雄市林園區,北汕里,北汕路58巷2號,121.517414,25.046238,高雄市林園區汕尾國民小學,全區,400,"水災,震災",陳谷庭,07-3719971,否,否,是,POINT (121.517414 25.046238),sea,149.78118064327313,21.788089317781854,mainland
5335,臺北市萬華區,福星里,萬華區中華路1段66號,121.5089,25.0463,福星國小,福星里、萬壽里,50,"水災,震災",蘇鈺琇,02-23144668#106,是,否,否,POINT (121.5089 25.0463),sea,149.4277242378398,21.213314607176734,mainland
5336,臺北市南港區,玉成里,臺北市南港區玉成街69號,121.5822,25.0466,臺北市南港運動中心,合成里、玉成里、萬福里,240,"水災,震災",林美如,25702330#6425,是,否,否,POINT (121.5822 25.0466),sea,152.71955885347504,26.234805049757263,mainland
5337,臺北市信義區,雅祥里,信義區基隆路1段83巷9號,121.5701,25.0467,興雅國小,雅祥、敦厚、六藝里,198,"水災,震災",吳杏惠,02-27618156~611,是,否,否,POINT (121.5701 25.0467),sea,152.16617903759024,25.41898322135798,mainland
5338,臺北市南港區,,南港區東新街65號,121.5869,25.0469,成德國小,聯成里、萬福里、成福里、鴻福里,200,"水災,震災",吳錫賓,02-27851376#151,是,否,否,POINT (121.5869 25.0469),sea,152.97117846712172,26.581383296666544,mainland
5339,桃園市蘆竹區,南崁里,南崁路150號,121.295049,25.046998,蘆竹區公所三樓禮堂,南崁里、南興里、南榮里、錦中里,0,水災,趙文峰,03-3520000ext.176,是,否,是,POINT (121.295049 25.046998),sea,142.2385168883379,6.701080668648779,mainland
5340,新北市泰山區,義學里,民生路30號,121.4347,25.0472,義學國中,義學里、義仁里、泰友里、全興里、泰友里,606,"震災,土石流,海嘯",詹淑美,02-29099551#1402,是,是,是,POINT (121.4347 25.0472),sea,146.60708935631337,16.235633212661842,mainland
5341,新北市泰山區,義學里,民生路33號,121.4347,25.0472,義學國小,義學里、義仁里、同榮里、全興里、泰友里,952,"水災,土石流,海嘯,核子事故",詹淑美,02-29099551#1402,是,是,是,POINT (121.4347 25.0472),sea,146.60708935631337,16.235633212661842,mainland
5342,新北市汐止區,福山里,民權街2段90號,121.618882,25.047641,白雲國小,福山里、宜興里、東勢里、橫科里,96,"水災,震災,土石流,海嘯",宋怡穎,02-26411111#120,是,是,是,POINT (121.618882 25.047641),sea,154.5900867423016,28.825798711756917,mainland
5343,桃園市龜山區,南美里,南上路99號,121.297367,25.047711,南美國小,南美里,60,"水災,震災,土石流,海嘯",蔡本元,3126250#512,是,否,是,POINT (121.297367 25.047711),sea,142.37496562071343,6.92151806316405,mainland
5344,新北市新莊區,四維里,四維路9號,121.4447,25.0482,福營行政大樓,福營區瓊林.營盤.丹鳳.雙鳳.和鳳.富國.國泰.豐年.福營.龍鳳.裕民.祥鳳.富民.泰豐.龍福里,200,"水災,震災",邱雋弘,02-29929891#135,是,是,是,POINT (121.4447 25.0482),sea,147.08071031556108,17.004725389791663,mainland
5345,臺北市信義區,四育里,信義區松隆路161號,121.5741,25.0483,永吉國中,五常里、五權里、富台里,97,"水災,震災",黃獻司,02-27649066#120,是,否,是,POINT (121.5741 25.0483),sea,152.51269530009637,25.831761807564956,mainland
5346,臺北市中山區,力行里,中山區長安東路2段141號,121.5371,25.0485,中山女中,朱園里、埤頭里、朱崙里、力行里、復華里,135,"水災,震災",陳倉翊,2507-3148#241,是,否,否,POINT (121.5371 25.0485),sea,150.86319736721723,23.327831327084485,mainland
5347,新北市泰山區,義仁里,明志路二段185號,121.4273,25.0487,義仁市民活動中心,明志里、義學里、義仁里、泰友里、新明里,55,"水災,震災,土石流,海嘯,核子事故",詹淑美,02-29099551#1402,是,否,否,POINT (121.4273 25.0487),sea,146.4963256555604,15.862769536913577,mainland
5348,臺北市松山區,吉祥里,松山區八德路4段101號,121.5611,25.0487,中崙高中,吉祥里、復盛里、新聚里、東光里,300,"水災,震災",呂虹毅,02-27535316#400,是,否,否,POINT (121.5611 25.0487),sea,151.95591483354616,24.980892740713994,mainland
5349,臺北市松山區,中正里,臺北市松山區敦化北路1號,121.5501,25.049,臺北市松山運動中心,美仁里、中正里、中華里、敦化里,180,"水災,震災",劉宜庭,02-25702330#6423,是,否,否,POINT (121.5501 25.049),sea,151.4900335144526,24.25755668045115,mainland
5350,臺北市松山區,中正里,松山區敦化北路2號,121.5485,25.0491,敦化國小,中正里、美仁里、敦化里,56,"水災,震災",王培成,2741-4065#130,是,否,否,POINT (121.5485 25.0491),sea,151.42869874056242,24.15728263710401,mainland
5351,臺北市中山區,興亞里,中山區松江路70巷11號,121.5319,25.0494,長安國中,正守里、正義里、中原里、興亞里、朱園里、埤頭里、朱崙里、力行里,41,"水災,震災",張吉元,02-25112382#106,是,否,否,POINT (121.5319 25.0494),sea,150.72794468302766,23.052321091479236,mainland
5352,臺北市中山區,興亞里,中山區吉林路15號,121.5302,25.0497,長安國小,正守里、正義里、正得里、民安里、中吉里、興亞里、朱園里,300,"水災,震災",?泰安,25617600#130,是,否,否,POINT (121.5302 25.0497),sea,150.68478457936598,22.96275592654789,mainland
5353,臺北市大同區,玉泉里,臺北市大同區西寧北路28號,121.5077,25.0498,玉泉公園,全區,2183,震災,林瑞清,25850192#222,否,是,是,POINT (121.5077 25.0498),sea,149.73728562028234,21.43820105390766,mainland
5354,新北市三重區,五谷里,三重區五谷王北街46號,121.4755,25.0502,興穀國民小學,谷王里、頂崁里、中興里、德厚里、五谷里,299,"水災,震災,土石流,海嘯",許明枝,02-29862345#493,是,是,否,POINT (121.4755 25.0502),sea,148.47055153494227,19.278901751533855,mainland
5355,臺北市大同區,建泰里,臺北市大同區長安西路37之1號,121.5197,25.0503,建成國中,建泰里、光能里、建明里、建功里,55,"水災,震災",鄭惠文,25587042#650,是,否,否,POINT (121.5197 25.0503),sea,150.29490914791484,22.299778999173846,mainland
5356,新北市汐止區,橫科里,橫科路119號,121.620181,25.05045,橫科里活動中心,橫科里、福山里、宜興里、東勢里,74,"水災,震災,土石流,海嘯",宋怡穎,02-26411111#120,是,否,是,POINT (121.620181 25.05045),sea,154.93348330458088,29.16044142690519,mainland
5357,臺北市中山區,力行里,中山區龍江路62號,121.5402,25.0506,中正國小,朱園里、埤頭里、朱崙里、力行里、復華里,76,"水災,震災",鄭博仁,02-25070932#105,是,否,否,POINT (121.5402 25.0506),sea,151.21347117370178,23.723086294065503,mainland
5358,桃園市蘆竹區,吉祥里,吉林路160號,121.300993,25.05063298,南崁國小,羊稠里、營盤里、五福里、長壽里,0,"水災,震災",趙文峰,03-3520000ext.176,是,是,是,POINT (121.300993 25.05063298),sea,142.78413008432327,7.4246388894623285,mainland
5359,桃園市龜山區,大湖里,忠義路二段438號,121.359767,25.050908,龜山婦幼公園,龜山區,500,"水災,震災,土石流,海嘯,坡地災害",鄭婷予,03-3506349,否,是,是,POINT (121.359767 25.050908),sea,144.47932940789738,11.454031381938213,mainland
5360,桃園市龜山區,大華里,文化七路116號,121.365307,25.050955,文華國小,大華里,50,"水災,震災,土石流,海嘯",俞國華,3279014#511,是,否,是,POINT (121.365307 25.050955),sea,144.65551413655785,11.835686073330752,mainland
5361,臺北市大同區,玉泉里,大同區西寧北路32號,121.5082,25.0512,忠孝國中,玉泉里、永樂里,131,"水災,震災",虞慧欣,02-25524890#71,是,否,是,POINT (121.5082 25.0512),sea,149.9021477707376,21.59494009253821,mainland
5362,臺北市松山區,慈祐里,松山區八德路4段746號,121.5793,25.0512,松山國小,慈祐里,95,"水災,震災",蔡任哲,02-27672907#632,是,否,否,POINT (121.5793 25.0512),sea,153.04681972367172,26.44022080845938,mainland
5363,桃園市蘆竹區,五福里,仁愛路一段油管路交叉口,121.294652,25.05120598,五福游泳池停車場及旁空地,南崁里、錦中里、五福里震災,0,震災,趙文峰,03-3520000ext.176,否,是,否,POINT (121.294652 25.05120598),sea,142.68298562850413,7.042721343780545,mainland
5364,桃園市蘆竹區,瓦窯里,仁愛路一段2號,121.29348,25.051391,蘆竹區婦幼館,瓦窯里、五福里、錦興里,0,"水災,震災",趙文峰,03-3520000ext.172,是,是,是,POINT (121.29348 25.051391),sea,142.67321625241075,6.9790636816331215,mainland
5365,新北市新莊區,國泰里,瓊泰路116號,121.4474,25.0514,豐年國小,國泰.海山.豐年.泰豐.瓊林.全安里,1128,"水災,震災,土石流,海嘯",邱雋弘,02-29929891,是,是,否,POINT (121.4474 25.0514),sea,147.51598150410697,17.46910129927442,mainland
5366,新北市新莊區,忠孝里,公園一路91號,121.4554,25.0514,新泰國小,忠孝里.立言里,106,"震災,土石流,海嘯",邱雋弘,02-29929891,是,是,否,POINT (121.4554 25.0514),sea,147.81729259298447,18.014280564075364,mainland
5367,新北市貢寮區,仁里里,仁和路11號,121.92262,25.051427,仁和宮,真理里、仁里里,125,海嘯,周鴻鏗、王阿城,02-24901480、02-24901845,是,否,否,POINT (121.92262 25.051427),sea,172.5790219296131,49.85647826522544,mainland
5368,臺北市松山區,中正里,松山區南京東路3段300號,121.5468,25.0515,敦化國中,中正里、美仁里,389,水災,詹琦斌,02-87717890#50,是,否,否,POINT (121.5468 25.0515),sea,151.59700761984078,24.251715474042957,mainland
5369,臺北市松山區,中正里,臺北市松山區南京東路4段10號,121.5446,25.0517,臺北體育館,美仁里、中正里、中華里、敦化里、復建里、東勢里、復勢里,1000,"水災,震災",江丹桂,02-25702330#6512,是,否,否,POINT (121.5446 25.0517),sea,151.51975910108234,24.119314795448197,mainland
5370,桃園市龜山區,文化里,文化二路168號,121.370832,25.051707,大崗國中,大崗里、文化里,700,"水災,震災,土石流,海嘯",陳月枝,3280888#511,是,否,是,POINT (121.370832 25.051707),sea,144.90865223031147,12.278089311372556,mainland
5371,臺北市南港區,中南里,臺北市南港區忠孝東路七段382號,121.6073,25.0519,臺北市極限運動訓練中心,中南里、新富里、新光里、南港里,50,震災,余可文,02-25702330#6511,是,否,否,POINT (121.6073 25.0519),sea,154.44830939476128,28.409680902553163,mainland
5372,新北市三重區,谷王里,三重區五谷王北街141巷1號,121.4769,25.052,私立清傳商職,頂崁里、谷王里、中興里、德厚里、五谷里,294,"水災,震災,土石流,海嘯",許明枝,02-29862345#493,是,是,否,POINT (121.4769 25.052),sea,148.71256265968242,19.532020695906066,mainland
5373,桃園市龜山區,樂善里,樂安街7-1號,121.382177,25.052012,樂善社區活動中心,樂善里、文化里,60,"水災,震災,海嘯",陳榮鋒,03-3287198,是,否,是,POINT (121.382177 25.052012),sea,145.30376162155898,13.077945175588573,mainland
5374,新北市新莊區,信義里,昌明街1號,121.4576,25.0522,福壽市民活動中心,頭前區和平.幸福.頭前.福基.昌明.昌平.化成.信義.仁義.仁愛.思賢.思源.自強.自立.自信.福興.昌隆.昌信里,120,"水災,震災",邱雋弘,02-29929891#135,是,否,是,POINT (121.4576 25.0522),sea,147.98438240098156,18.234299338798696,mainland
5375,臺北市松山區,東光里,臺北市松山區三民路5號,121.5636,25.0522,西松國小,慈祐里、東光里、吉祥里、復建里、復勢里、復源里、吉仁里,50,"水災,震災",羅文琪,27609221#203,是,否,否,POINT (121.5636 25.0522),sea,152.42405054911728,25.457924597414845,mainland
5376,桃園市龜山區,大坑里,大坑路1段1003巷18號,121.328662,25.05223,大坑社區活動中心,大坑里,33,"水災,震災,土石流,海嘯",鄭進源,03-3229270,是,否,是,POINT (121.328662 25.05223),sea,143.70529522260898,9.450137376064523,mainland
5377,桃園市蘆竹區,五福里,仁愛路二段1號,121.297216,25.052285,南崁高中,營盤里、瓦窯里、羊稠里、五福里、中山里等南崁地區,400,"水災,震災,土石流",趙文峰,03-3520000ext.173,是,是,否,POINT (121.297216 25.052285),sea,142.8650238534466,7.311992976234875,mainland
5379,臺北市南港區,,南港區向陽路21號,121.595,25.0525,南港高中,西新里、新光里,435,"水災,震災",陳政翊,02-27837863#241,是,否,是,POINT (121.595 25.0525),sea,153.91747068234298,27.62403864059865,mainland
5380,新北市新莊區,民全里,民安路261號,121.4661,25.0529,民安國小,民安.四維.成德.後港.八德.民有.後德.建福.民全.民本里,1184,"水災,震災,土石流,海嘯",邱雋弘,02-29929891,是,是,否,POINT (121.4661 25.0529),sea,148.3836948118626,18.874884974940187,mainland
5381,新北市雙溪區,三港里,三港7號,121.878,25.053,三港集會所,三港里,63,"水災,震災,土石流",宋翔怡,02-24931111#124,是,否,否,POINT (121.878 25.053),sea,169.82974607824156,46.953564181007444,mainland
5382,臺北市南港區,,向陽路31號,121.594769,25.05364,玉成國小,西新里、東新里、玉成里、新光里、東明里、合成里、重陽里,30,,李奇在,02-27836049#150,否,否,否,POINT (121.594769 25.05364),sea,154.02078629552733,27.708181218914614,mainland
5383,新北市新莊區,富國里,富國路105號,121.4445,25.0538,福營國中,富民.民安.民全.萬安.後港.西盛.富國.民本.四維.後德.建安.建福.福營.營盤.南港.瓊林.成德.龍安.民有.八德,319,"水災,震災,土石流,海嘯",邱雋弘,02-29929891,是,是,否,POINT (121.4445 25.0538),sea,147.65898609800217,17.48175724649306,mainland
5384,臺北市南港區,,南港區富康街1巷42號,121.6187,25.0541,誠正國中,三重里、新富里、中南里、中研里、舊莊里、九如里,143,"水災,震災",蔡銘坤,27828094#1500,是,否,否,POINT (121.6187 25.0541),sea,155.22374701217592,29.379321166378716,mainland
5385,新北市泰山區,同榮里,公園路33號,121.4282,25.0546,同榮國小,義學里、同榮里、義仁里,931,"水災,震災,土石流,海嘯,核子事故",詹淑美,02-29099551#1402,是,是,否,POINT (121.4282 25.0546),sea,147.1483422414267,16.44104897136361,mainland
5386,新北市三重區,光明里,集美街212號,121.4915,25.0547,新北市立三重高中,成功里、福祉里、福民里、重明里、光明里、光正里、同安里、同慶里、菜寮里、永春里、中正里、吉利里、福德里　　,897,"水災,震災,土石流,海嘯",許明枝,02-29862345#493,是,是,否,POINT (121.4915 25.0547),sea,149.5761281526568,20.763541713716204,mainland
5387,臺北市中山區,中原里,中山區長春路116號,121.5296,25.0547,吉林國小,康樂里、中山里、中庄里、中吉里、中原里,117,"水災,震災",蕭錦玲,02-25219196#850,是,否,否,POINT (121.5296 25.0547),sea,151.16994803283492,23.359957962332146,mainland
5388,新北市貢寮區,真理里,仁愛路79號3樓,121.926916,25.054775,澳底圖書館,真理里、仁里里,157,海嘯,楊俊生、吳淑華,02-24903203,是,否,否,POINT (121.926916 25.054775),sea,173.16119437299363,50.44258491626347,mainland
5389,桃園市蘆竹區,五福里,五福六路1號,121.298375,25.054812,南崁國中,五福里、羊稠里、營盤里、中山里,370,"水災,震災",趙文峰,03-3520000#176,是,是,是,POINT (121.298375 25.054812),sea,143.167660409514,7.612386751139222,mainland
5390,臺北市中山區,中央里,中山區長春路165號,121.5339,25.0549,長春國小,松江里、江寧里、江山里、中央里、朱馥里、龍洲里、復華里,47,"水災,震災",陳瑞呈,02-25024366#151,是,否,否,POINT (121.5339 25.0549),sea,151.3766226787347,23.67051543638857,mainland
5391,新北市貢寮區,真理里,延平街10號,121.9246,25.0549,澳底國小大禮堂,真理里、仁里里,479,"水災,震災,土石流",葉勁輝,02-24901432#212,是,是,是,POINT (121.9246 25.0549),sea,173.01974058924586,50.29570778111916,mainland
5392,新北市貢寮區,真理里,延平街13號,121.923804,25.054921,慶安宮,真理里、仁里里,12,海嘯,許吳?、蔡錦金,02-24901418、02-24902616,是,否,否,POINT (121.923804 25.054921),sea,172.9692220464698,50.24330242429057,mainland
5393,臺北市中山區,中央里,中山區長春路167號,121.5351,25.055,大同高中,松江里、江寧里、江山里、中央里、朱馥里、龍洲里、復華里,300,"水災,震災",吳榮達,02-25054269#130,是,否,否,POINT (121.5351 25.055),sea,151.4390297123234,23.761054135721427,mainland
5394,新北市新莊區,立泰里,新泰路359號,121.4594,25.0551,新泰國中,中華.中和.中誠.中宏.中全.中泰.立志.立基.立廷.立言.立泰.思賢.忠孝.立德.立功.自立.自強,743,"震災,土石流,海嘯",邱雋弘,02-29929891,是,是,否,POINT (121.4594 25.0551),sea,148.35532536033207,18.611057152152643,mainland
5395,臺北市大同區,星明里,大同區太原路151號,121.5167,25.0553,日新國小,雙連里、朝陽里、建功里,137,"水災,震災",王勝威,02-25584819#312,是,否,是,POINT (121.5167 25.0553),sea,150.68048563294434,22.533427255517147,mainland
5396,新北市汐止區,白雲里,水源路2段112、114號,121.656768,25.05542,白雲里活動中心,白雲里,37,"水災,震災,土石流,海嘯",宋怡穎,02-26411111#120,是,否,是,POINT (121.656768 25.05542),sea,157.26876980691978,32.08921258482542,mainland
5397,新北市泰山區,同榮里,公園路54號,121.4263,25.0556,泰山體育館,同榮里、同興里、義學里、義仁里、全興里,1280,"水災,震災,土石流,海嘯",詹淑美,02-29099551#1402,是,是,是,POINT (121.4263 25.0556),sea,147.18545797411477,16.399186992101455,mainland
5398,臺北市松山區,鵬程里,松山區健康路325巷7號,121.5671,25.0556,西松高中,鵬程里、安平里、自強里,255,"水災,震災",林成嶽,25286618#111,是,否,是,POINT (121.5671 25.0556),sea,152.92778092998626,25.994342052603315,mainland
5399,新北市三重區,同安里,三重區大同南路157號,121.4968,25.0561,三光國民小學,成功里、福民里、光正里、同安里、同慶里、吉利里、大同里、中民里、平和里、大安里、仁德里、忠孝里、仁義里、光榮里、光輝里、福星里、福利里、清和里、永興里、福德里,1502,"水災,震災,土石流,海嘯",許明枝,02-29862345#493,是,是,否,POINT (121.4968 25.0561),sea,149.9362037049422,21.247388311226736,mainland
5400,臺北市南港區,,南港區興南街62號,121.602,25.0562,東新國小,南港里、東明里、東新里、重陽里,30,"水災,震災",王詩棠,02-27837577#31,是,否,否,POINT (121.602 25.0562),sea,154.6227386358166,28.425257452976712,mainland
5401,新北市新莊區,昌隆里,昌隆街63號,121.448,25.0563,昌隆國小,幸福.信義.和平.昌明.昌信.昌隆里,509,"震災,土石流,海嘯",邱雋弘,02-29929891,是,是,否,POINT (121.448 25.0563),sea,148.05060369512145,17.939318415164852,mainland
5402,臺北市南港區,,南港區興中路29號,121.6072,25.0563,南港高工,南港里、東新里、東明里,160,"水災,震災",林淑美,02-27825432#1501,是,否,否,POINT (121.6072 25.0563),sea,154.88305081941687,28.788385784710528,mainland
5403,基隆市中正區,中正里,臺北市南港區經貿二路1號,121.617345,25.056376,南港展覽館,基隆市中山區中和里、和慶里、德安里、協和里、文化理,7370,,張世昌,27255200分機5517,是,否,否,POINT (121.617345 25.056376),sea,155.38396373204898,29.486400215192006,mainland
5404,新北市新莊區,福興里,五工二路50巷2號,121.4556,25.0564,興化國小,福基里.福興里.興珍里,599,"水災,震災,土石流,海嘯",邱雋弘,02-29929891,是,是,否,POINT (121.4556 25.0564),sea,148.34651965826507,18.466000526339624,mainland
5405,臺北市松山區,,松山區延壽街401號,121.5565,25.0564,介壽國中,介壽里、東昌里、龍田里原收容人數57人，上修為70人,70,"水災,震災",鄭富珍,02-27664496#500,是,否,否,POINT (121.5565 25.0564),sea,152.52842810574683,25.34207400364506,mainland
5406,新北市三重區,光明里,三重區集美街10號,121.4879,25.0565,集美國民小學,成功里、福祉里、福民里、過田里、重明里、光田里、光陽里、光明里、光正里、菜寮里、中正里、福德里、同安里、永春里　,104,"震災,土石流,海嘯",許明枝,02-29862345#493,是,是,否,POINT (121.4879 25.0565),sea,149.61707499433322,20.67592361758698,mainland
5407,臺北市大同區,星明里,大同區寧夏路35號,121.5155,25.0565,蓬萊國小,星明里、雙連里、光能里,104,"水災,震災",張沛森,02-25569835#500,是,否,否,POINT (121.5155 25.0565),sea,150.75305944656648,22.556792081151748,mainland
5408,臺北市松山區,中華里,松山區敦化北路199巷18號,121.552,25.0565,民生國小,精忠里、中華里原收容人數235人，修為70人，已函文區公所,70,水災,陳嘉瑜,02-27122452#830,是,否,否,POINT (121.552 25.0565),sea,152.33698597599357,25.044172476807688,mainland
5409,臺北市松山區,自強里,松山區延壽街168號,121.5629,25.0566,健康國小,自強里、富泰里、東光里,84,"水災,震災",江艾謙,02-25282814#131,是,否,否,POINT (121.5629 25.0566),sea,152.83776866458746,25.795741034711725,mainland
5410,新北市泰山區,同榮里,辭修路7號,121.4285,25.0573,泰山高中,同榮里、同興里、福興里、全興里,650,"水災,震災,土石流,海嘯,核子事故",詹淑美,02-29099551#1402,是,是,是,POINT (121.4285 25.0573),sea,147.44274776447983,16.698062053341125,mainland
5411,臺北市南港區,,臺北市南港區惠民街67號,121.6104,25.0575,南港國小,南港里、新富里、中南里、三重里、中研里、九如里,50,"水災,震災",鄭孝存,02-27834678#2301,是,否,否,POINT (121.6104 25.0575),sea,155.1577681768141,29.111599205985108,mainland
5412,新北市泰山區,明志里,明志路二段426號,121.4299,25.0577,明志市民活動中心,明志里、新明里、泰友里,20,"水災,震災,海嘯",詹淑美,02-29099551#1402,是,否,否,POINT (121.4299 25.0577),sea,147.5349642603408,16.828515663133032,mainland
5413,新北市三重區,菜寮里,三重區中寮街57巷18號,121.4928,25.0578,菜寮市民活動中心,菜寮里、永春里、中正里、吉利里、大同里、中民里、平和里、大安里、忠孝里、仁義里、光輝里、福利里、仁德里　,100,"水災,震災,土石流,海嘯",許明枝,02-29862345493,是,否,是,POINT (121.4928 25.0578),sea,149.9491551502709,21.12374944224563,mainland
5415,臺北市南港區,南港里,重陽路366號,121.6092,25.0587,育成高中,南港里、東新里、東明里、重陽里、新光里、西新里,375,"水災,震災",李健輝,26530475#551,是,否,是,POINT (121.6092 25.0587),sea,155.21953329375157,29.134964031619713,mainland
5416,新北市三重區,光輝里,三重區正義南路62號,121.4988,25.0589,光興國民小學,同慶里、大同里、中民里、平和里、大安里、仁德里、忠孝里、仁義里、光榮里、光輝里、福星里、福利里、清和里、永興里、文化里、錦通里、光華里、大德里　　,600,"水災,震災,土石流,海嘯",許明枝,02-29862345#493,是,是,否,POINT (121.4988 25.0589),sea,150.30689684325884,21.629013796588318,mainland
5417,臺北市松山區,精忠里,臺北市松山區民生東路4段97巷7號,121.5519,25.0589,民族國小,東昌里、松基里、中華里、美仁里、福成里,40,"水災,震災",蔡貞瀅,02-27124872#935,是,否,否,POINT (121.5519 25.0589),sea,152.57646792746272,25.247641166706636,mainland
5418,新北市汐止區,中興里,環河街1號,121.629106,25.058956,北峰國小,福德里、環河里、中興里、興福里、康福里、樟樹里、北峰里、北山里、橫科里、湖光里、厚德里、金龍里、忠山里、湖興里、湖蓮里,1067,"震災,土石流,海嘯",宋怡穎,02-26411111#120,是,是,是,POINT (121.629106 25.058956),sea,156.2202094377294,30.513936569869525,mainland
5420,新北市泰山區,同榮里,明志路1段322號,121.4314,25.0592,泰山區公所,同榮里、同興里、山腳里、福泰里、福興里、楓樹里,53,"水災,土石流,海嘯,核子事故",詹淑美,02-29099551#1402,是,否,是,POINT (121.4314 25.0592),sea,147.74640395826884,17.062163919475946,mainland
5421,新北市汐止區,東山里,汐平路二段76號,121.699553,25.059723,東山國小,東山里,118,"水災,震災,土石流,海嘯",涂志賢總務主任,26416170分機13,是,是,否,POINT (121.699553 25.059723),sea,159.943121060534,35.381920108032354,mainland
5422,臺北市松山區,新東里,松山區新東街30巷1號,121.5673,25.0598,民生國中,新東里、富錦里、三民里、富泰里,100,"水災,震災",王譽書,02-27653433#300,是,否,否,POINT (121.5673 25.0598),sea,153.3618889780965,26.375967537964723,mainland
5423,新北市三重區,過田里,三重區過圳街19號,121.4881,25.0601,過圳市民活動中心,光陽里、重明里、光田里、福祉里、過田里、錦田里、光明里、中山里　,50,"震災,土石流,海嘯",許明枝,02-29862345493,是,否,否,POINT (121.4881 25.0601),sea,149.9976649552251,21.004978245270934,mainland
5424,臺北市大同區,民權里,大同區錦西街51號,121.5167,25.0601,雙蓮國小,民權里、雙連里,300,"水災,震災",吳希哲,02-25570309#1031,是,否,否,POINT (121.5167 25.0601),sea,151.1733161602931,22.953994116935206,mainland
5425,新北市汐止區,文化里,汐止區新台五路一段90號,121.64793,25.060367,東方科學園區,智慧里、復興里、白雲里、文化里,500,"水災,震災,土石流,海嘯",宋怡穎,02-26411111#120,是,否,否,POINT (121.64793 25.060367),sea,157.3045952806086,31.92037251358527,mainland
5426,臺北市松山區,民有里,松山區復興北路361巷7號,121.5455,25.0605,中山國中,民有里、松基里,111,"水災,震災",蔡戊己,02-27126701#501,是,否,否,POINT (121.5455 25.0605),sea,152.45560071870128,24.9516867086717,mainland
5427,臺北市內湖區,,內湖區新明路22號,121.5908,25.0609,潭美國小,石潭里、週美里,81,"水災,震災",吳秉儒,27917334#231,是,否,否,POINT (121.5908 25.0609),sea,154.56180840508435,28.073811534060013,mainland
5428,新北市雙溪區,牡丹里,中正路64號,121.8515,25.061,中正社區活動中心,牡丹里、三貂里。,76,"水災,震災,土石流",宋翔怡,02-24931111#124,是,否,否,POINT (121.8515 25.061),sea,168.89419650553424,45.84860263538351,mainland
5429,新北市三重區,過田里,三重區新北大道1段11號,121.4885,25.0611,三重區公所,過田里、錦田里、光田里、重陽里　,136,"震災,土石流,海嘯",許明枝,02-29862345493,是,否,否,POINT (121.4885 25.0611),sea,150.11720844946456,21.119855304639817,mainland
5430,新北市汐止區,自強里,莊敬街33號,121.656653,25.061158,青山國中小,自強里、文化里、復興里、大同里,970,"水災,震災,土石流,海嘯",宋怡穎,02-2641111#120,是,是,是,POINT (121.656653 25.061158),sea,157.82750623835747,32.58412826848098,mainland
5431,臺北市大同區,民權里,大同區承德路2段235號,121.5185,25.0613,成淵高中,民權里、雙連里,75,"水災,震災",歐建榮,02-25531969#150,是,否,否,POINT (121.5185 25.0613),sea,151.3724194849907,23.181801166870276,mainland
5432,臺北市大同區,南芳里,大同區延平北路2段239號,121.5114,25.0614,太平國小,南芳里、延平里,50,"水災,震災",林世浩,02-25532229#830,是,否,否,POINT (121.5114 25.0614),sea,151.0848201320036,22.70671637897146,mainland
5433,臺北市大同區,南芳里,臺北市大同區延平北路2段266號,121.5111,25.0617,永樂國小,南芳里、大有里,50,"水災,震災",林淑菁,02-25534882#132,是,否,否,POINT (121.5111 25.0617),sea,151.10317515558668,22.712557585380274,mainland
5434,臺北市松山區,東榮里,臺北市松山區民權國小旁,121.5575,25.0619,民權公園,全區,2786,震災,林瑞清,25850192#222,否,是,是,POINT (121.5575 25.0619),sea,153.1316454331373,25.892120940453907,mainland
5435,新北市泰山區,楓樹里,楓江路26巷26號,121.4345,25.062,楓樹福泰市民活動中心,楓樹里、福泰里、山腳里,201,"水災,震災,土石流,海嘯,核子事故",詹淑美,02-29099551#1402,是,否,是,POINT (121.4345 25.062),sea,148.15212247635878,17.51875155374728,mainland
5436,臺北市中山區,新庄里,新生北路三段105號,121.5258,25.062,新生公園棒球場,恆安里、晴光里、圓山里、新庄里、新喜里、新福里、大佳里,60,震災,龍欣,02-25702330#6524,是,否,否,POINT (121.5258 25.062),sea,151.75407696151055,23.740609913291774,mainland
5437,臺北市中山區,聚葉里,中山區林森北路511號,121.5258,25.062,新興國中,康樂里、中山里、聚盛里、聚葉里、恆安里、晴光里、新庄里、新喜里、新福里、新生里、中庄里、中原里,175,"水災,震災",陳國良,02-25714211#501,是,否,否,POINT (121.5258 25.062),sea,151.75407696151055,23.740609913291774,mainland
5438,臺北市中山區,民安里,中山北路二段44巷2號,121.5258,25.062,臺北市中山運動中心,集英里、聚葉里、聚盛里、圓山里,184,震災,紀孟祺,2570-2330轉6427,是,否,否,POINT (121.5258 25.062),sea,151.75407696151055,23.740609913291774,mainland
5439,桃園市龜山區,公西里,復興街250巷1-1號,121.36028,25.062299,公西社區活動中心,公西里,100,"水災,震災,土石流,海嘯",游春雨,03-3281662,是,否,是,POINT (121.36028 25.062299),sea,145.7105098065068,12.487048735296279,mainland
5440,新北市泰山區,山腳里,泰林路2段255號,121.4313,25.0623,泰山國小,山腳里、黎明里、福泰里、楓樹里,1283,"水災,震災,土石流,海嘯,核子事故",詹淑美,02-2909-9551#1402,是,是,否,POINT (121.4313 25.0623),sea,148.06838249464306,17.326965276664893,mainland
5441,臺北市松山區,三民里,臺北市松山區民權東路4段200號,121.5623,25.0625,民權國小,莊敬里、富泰里、介壽里、東榮里、富錦里,80,震災,董欣樂,02-27652327#31,是,否,否,POINT (121.5623 25.0625),sea,153.4085674932788,26.27179935701104,mainland
5442,新北市三重區,五福里,自強路5段66號,121.4903,25.0626,碧華國民中學,溪美里、五常里、五福里、仁忠里、慈化里、慈祐里、五華里、富華里、五順里,969,"水災,震災,土石流,海嘯",許明枝,02-29862345#493,是,是,否,POINT (121.4903 25.0626),sea,150.3446895132982,21.373947783413456,mainland
5443,臺北市中山區,下埤里,臺北市中山區民權東路3段1號,121.5402,25.0626,榮星花園公園,全區,2432,震災,林瑞清,02-25850192,否,是,是,POINT (121.5402 25.0626),sea,152.43718545945393,24.77450344761082,mainland
5445,新北市泰山區,黎明里,黎明路23號,121.421,25.0627,黎明市民活動中心,黎明里、大科里、山腳里,21,"水災,土石流,海嘯",詹淑美,02-29099551#1402,是,否,否,POINT (121.421 25.0627),sea,147.74480655877562,16.660094211685617,mainland
5446,新北市雙溪區,三貂里,政光路3號,121.8517,25.0627,牡丹國小,三貂里、牡丹里,320,"水災,震災,土石流",宋翔怡,02-24931111轉124,是,是,否,POINT (121.8517 25.0627),sea,169.0630276014831,46.01118288042189,mainland
5447,新北市汐止區,秀山里,仁愛路90號,121.661377,25.062874,秀峰國小,秀山里、秀峰里、福安里、信望里、白雲里、自強里,1185,"水災,震災,土石流,海嘯",宋怡穎,02-26411111#120,是,是,是,POINT (121.661377 25.062874),sea,158.23906619623878,33.056409277302976,mainland
5448,臺北市中山區,,臺北市中山區民權東路1段69號,121.5263,25.0629,中山國小,新福里、新喜里、新生里、中庄里、行政里、松江里,290,水災,謝慶順,02-25914085#36,是,否,否,POINT (121.5263 25.0629),sea,151.86763875197386,23.853539903857726,mainland
5449,新北市三重區,過田里,中正北路特2號,121.489253,25.063033,三重區綜合運動場,錦田里、幸福里、重陽里、中山里、過田里、光田里、田安里、三民里,2200,,吳春慈,02-29867046,否,是,否,POINT (121.489253 25.063033),sea,150.347476135466,21.340536082756454,mainland
5450,臺北市松山區,莊敬里,松山區民權東路5段1號,121.5643,25.0633,三民國小,東榮里、三民里,100,震災,陳培棕,02-27646080#231,是,否,否,POINT (121.5643 25.0633),sea,153.5800981995391,26.478188650115165,mainland
5451,新北市三重區,重陽里,三重區中正北路107號,121.4892,25.0634,明志國民中學,錦田里、三民里、中山里、大園里、國隆里、重陽里、民生里、重新里、正德里、正義里、幸福里　　,437,"水災,震災,土石流,海嘯",許明枝,02-29862345#493,是,是,否,POINT (121.4892 25.0634),sea,150.38333910443666,21.369080111405896,mainland
5452,臺北市大同區,隆和里,大同區重慶北路3段1號,121.5139,25.0635,民權國中,隆和里,30,"水災,震災",洪素真,02-25931951#130,是,否,否,POINT (121.5139 25.0635),sea,151.4051986976012,23.061082901093283,mainland
5453,臺北市中山區,下埤里,中山區復興北路430巷1號,121.5431,25.0635,五常國中,行政里、行仁里、行孝里、下埤里,250,震災,黃文盛,02-25014320#102,是,否,否,POINT (121.5431 25.0635),sea,152.65586940913852,25.05098721761707,mainland
5454,新北市汐止區,秀峰里,汐止區新台五路一段268號,121.658894,25.063774,汐止區公所行政中心,禮門里、智慧里、秀峰里、新昌里、白雲里、自強里、文化里、福安里、秀山里,158,"水災,震災,土石流,海嘯",宋怡穎,02-26411111#120,是,否,是,POINT (121.658894 25.063774),sea,158.1999643179168,32.96605554950614,mainland
5455,臺北市中山區,下埤里,中山區五常街16號,121.5422,25.0642,五常國小,行政里、行仁里、行孝里、下埤里,97,"水災,震災",龔詩為,02-25023416#831,是,否,否,POINT (121.5422 25.0642),sea,152.6878526146723,25.050987217616832,mainland
5456,臺北市大同區,隆和里,大同區重慶北路3段2號,121.5134,25.0643,大橋國小,隆和里、景星里,86,"水災,震災",楊博仁,02-25944413#145,是,否,是,POINT (121.5134 25.0643),sea,151.46656901788597,23.097103673945895,mainland
5457,新北市三重區,正義里,三重區信義西街31號,121.4961,25.0644,正義國民小學,光榮里、福星里、清和里、大園里、國隆里、重新里、正德里、正義里、正安里、自強里、文化里、中央里、雙園里、錦通里、錦安里、長安里、光華里、長生里、開元里、大德里、長元里、長江里,929,"水災,震災,土石流,海嘯",許明枝,02-29862345#493,是,是,否,POINT (121.4961 25.0644),sea,150.76491264538288,21.926915323425654,mainland
5458,臺北市中山區,行政里,松江路367號9樓,121.5335,25.0644,行政區民活動中心,大佳里、行政里、行仁里、行孝里,72,"水災,震災",黃崇一,02-25031369#520,是,否,否,POINT (121.5335 25.0644),sea,152.33024691376954,24.475628386371838,mainland
5459,新北市三重區,二重里,三重區集美街212號,121.4787,25.0648,私立東海高中,二重里、光陽里、田心里、田安里,408,"水災,震災,土石流,海嘯",許明枝,02-29862345#493,是,是,否,POINT (121.4787 25.0648),sea,150.11176138574243,20.776197660935022,mainland
5460,臺北市大同區,蓬萊里,大同區大龍街51號,121.5161,25.0648,大同國小,蓬萊里、斯文里、揚雅里,183,"水災,震災",魏子仁,02-25965407#351,是,否,是,POINT (121.5161 25.0648),sea,151.63096688424156,23.32491072388024,mainland
5461,桃園市蘆竹區,長興里,長興路四段325之1號,121.267905,25.06484198,長興社區活動中心,長興里、山鼻里、內厝里,250,"水災,震災",趙文峰,03-3520000ext.176,是,否,是,POINT (121.267905 25.06484198),sea,143.51223969597064,6.414742978137751,mainland
5462,桃園市蘆竹區,內厝里,內溪路底,121.278033,25.06511398,內厝河濱公園,內厝里、山鼻里、長興里等震災,0,震災,趙文峰,03-3520000ext.176,否,是,否,POINT (121.278033 25.06511398),sea,143.77888449828237,7.128772049522695,mainland
5463,新北市泰山區,黎明里,泰林路2段498號,121.426,25.0652,泰山國中,山腳里、黎明里、大科里,1388,"水災,震災,土石流,海嘯,核子事故",詹淑美,02-29099551#1402,是,是,是,POINT (121.426 25.0652),sea,148.18425334643362,17.219876492508135,mainland
5464,新北市三重區,二重里,三重區大有街10號,121.478,25.0652,二重國民小學,二重里、田心里、福田里、田中里、田安里、博愛里、永發里、大有里,4404,"水災,震災,土石流,海嘯",許明枝,02-29862345#493,是,是,否,POINT (121.478 25.0652),sea,150.12580893317426,20.763541713715725,mainland
5465,新北市貢寮區,美豐里,雞母嶺街7號,121.8952,25.0655,福安廟,和美、真理、仁里,40,"水災,震災,土石流,海嘯",陳哲雄,02-24901660,是,否,否,POINT (121.8952 25.0655),sea,172.0633656711679,49.22092580193989,mainland
5466,新北市三重區,福田里,三重區忠孝路三段89號,121.4805,25.0657,二重國民中學,大有里、二重里、田心里、福田里、田中里、田安里、培德里、博愛里、永發里,845,"水災,震災,土石流,海嘯",許明枝,02-29862345#493,是,是,否,POINT (121.4805 25.0657),sea,150.2759938032021,20.977719282031217,mainland
5467,新北市泰山區,黎明里,黎專路2之2號,121.4199,25.0658,黎明技術學院,黎明里、大科里、山腳里,1081,"水災,震災,土石流,海嘯,核子事故",詹淑美,02-29099551#1402,是,是,是,POINT (121.4199 25.0658),sea,148.032791548528,16.85674816077408,mainland
5468,新北市新莊區,裕民里,裕民街123號,121.4616,25.0659,裕民國小,裕民里,1127,"水災,震災,土石流,海嘯",邱雋弘,02-29929891,是,是,否,POINT (121.4616 25.0659),sea,149.56513221927764,19.70725688816384,mainland
5469,新北市汐止區,忠孝里,樟樹二路135號,121.639893,25.06594,樟樹國中,樟樹里、忠孝里、北峰里、北山里、福山里、宜興里、中興里、厚德里、金龍里、福德里、興福里、康福里、忠山里、環河里、東勢里、山光里,2481,"水災,震災,土石流,海嘯",宋怡穎,02-26411111#120,是,是,否,POINT (121.639893 25.06594),sea,157.45056103723084,31.86096744441002,mainland
5470,臺北市大同區,國慶里,大同區昌吉街97號,121.5124,25.066,延平國小,鄰江里、國慶里、國順里,88,"水災,震災",葉尚旻,02-25942439#230,是,否,是,POINT (121.5124 25.066),sea,151.59974126943604,23.17790702926429,mainland
5471,新北市三重區,重陽里,三重區重陽路三段3號,121.489,25.0661,修德國民小學,三民里、大園里、國隆里、重陽里、民生里、重新里、正德里、正義里、幸福里、六福里,962,"水災,震災,土石流,海嘯",許明枝,02-29862345#493,是,是,否,POINT (121.489 25.0661),sea,150.65485826023,21.592019489333826,mainland
5473,新北市三重區,六福里,三重區中正北路113號,121.4845,25.0663,重陽國民小學,三民里、民生里、六福里、田中里、幸福里、六合里,608,"水災,震災,土石流,海嘯",許明枝,02-29862345轉493,是,是,否,POINT (121.4845 25.0663),sea,150.4963502439175,21.30287977210834,mainland
5474,新北市汐止區,秀峰里,忠孝東路201號,121.661912,25.066456,秀峰高中,義民里、信望里、橋東里、秀峰里、新昌里、福安里、秀山里,1190,"水災,震災,土石流,海嘯",宋怡穎,02-26411111#120,是,是,是,POINT (121.661912 25.066456),sea,158.61889496864248,33.406716160969594,mainland
5475,新北市汐止區,厚德里,樟樹一路141巷2號,121.641767,25.066498,樟樹國小,厚德里、山光里、樟樹里、湖光里、忠孝里、湖蓮里,1292,"水災,震災,土石流,海嘯",宋怡穎,02-26411111#120,是,是,否,POINT (121.641767 25.066498),sea,157.59975551629523,32.037566584829456,mainland
5476,新北市汐止區,智慧里,大同路二段313號,121.654876,25.066688,汐止國小,江北里、智慧里、大同里、禮門里、義民里、復興里、仁德里、忠孝里、山光里、拱北里,810,"震災,土石流,海嘯",宋怡穎,02-26411111#120,是,是,否,POINT (121.654876 25.066688),sea,158.28152664924323,32.94755839587886,mainland
5477,臺北市內湖區,,內湖區康寧路3段220號,121.6111,25.0669,南湖高中,五分里、南湖里、葫洲里,300,"水災,震災",王駿騏,26308889#111,是,否,否,POINT (121.6111 25.0669),sea,156.13083469071663,29.982912495265275,mainland
5478,新北市汐止區,禮門里,大同路二段394號,121.658337,25.066957,汐止國中,仁里里、義民里、信望里、禮門里、江北里、大同里、建成里、城中里,1384,"震災,土石流,海嘯",宋怡穎,02-26411111#120,是,是,否,POINT (121.658337 25.066957),sea,158.4848206586207,33.20698584317219,mainland
5479,新北市林口區,林口里,仁愛路一段2號,121.397844,25.067902,師範大學林口校區體育館,林口里,4587,"水災,海嘯",吳忠信,77148301,是,是,否,POINT (121.397844 25.067902),sea,147.5028932604062,15.537862165780329,mainland
5480,新北市林口區,林口里,中正路100號3樓,121.3717,25.068,林口市民活動中心,林口里、東林里,63,"水災,震災,土石流,海嘯",黃德源,02-26033111#608,是,否,否,POINT (121.3717 25.068),sea,146.67065088043367,13.764802901830437,mainland
5481,新北市林口區,麗園里,文化一路一段20號,121.3703,25.0681,崇林國中,麗園、東勢里、麗林里,1312,"水災,土石流,海嘯",林煌展,26095829#130,是,是,是,POINT (121.3703 25.0681),sea,146.6376674108669,13.678158340102812,mainland
5482,新北市三重區,雙園里,三重區雙園街1號,121.4975,25.0682,正義市民活動中心,雙園里、錦通里、錦安里、長安里、光華里、長生里、開元里、大德里、長元里、長江里、三安里、福安里、信安里、安慶里、正安里、自強里、文化里、中央里,100,"水災,震災,土石流,海嘯",許明枝,02-29862345493,是,否,否,POINT (121.4975 25.0682),sea,151.21433038667345,22.35527046005563,mainland
5483,臺北市內湖區,,內湖區東湖路115號,121.6158,25.0685,東湖國小,東湖里、安湖里、五分里、樂康里,155,"水災,震災",鄧善明,26339984#125,是,否,否,POINT (121.6158 25.0685),sea,156.51794653230624,30.443394267142008,mainland
5484,新北市林口區,東勢里,忠孝路591號,121.3762,25.0686,麗園國小,東勢、麗園里,945,"水災,震災,土石流,海嘯",吳嘉麟,26091061#752,是,是,否,POINT (121.3762 25.0686),sea,146.87579392262006,14.124037095957807,mainland
5485,新北市林口區,麗林里,公園路46號,121.3679,25.0687,麗林國小,麗林里、仁愛里,1790,"水災,震災,土石流,海嘯",許修豪,26008457#111,是,是,是,POINT (121.3679 25.0687),sea,146.62718091165777,13.567175418339959,mainland
5486,新北市林口區,東勢里,麗園一街35號3樓,121.377252,25.068777,東勢市民活動中心,東勢里,247,"水災,震災,土石流,海嘯",黃德源,26033111#608,是,否,是,POINT (121.377252 25.068777),sea,146.9278680443495,14.211236572294123,mainland
5487,臺北市內湖區,,臺北市內湖區民權東路6段138號,121.5887,25.0688,新湖國小,湖興里、寶湖里、行善里、湖元里、週美里、石潭里,40,"水災,震災",李之法,27963721#120,是,否,是,POINT (121.5887 25.0688),sea,155.2580585436067,28.622884936467035,mainland
5488,新北市汐止區,北峰里,明峰街201號,121.627046,25.068806,金龍國小,金龍里、北峰里、北山里、忠山里、湖興里、湖蓮里、湖光里、中興里、福德里、興福里、康福里、環河里、八連里、長青里,600,"水災,震災,土石流,海嘯",宋怡穎,02-26411111#120,是,是,否,POINT (121.627046 25.068806),sea,157.09756519098707,31.236591156052587,mainland
5489,新北市林口區,麗園里,忠孝路569巷17號,121.373756,25.068979,麗園市民活動中心,麗園里,75,"水災,震災,土石流,海嘯",黃德源,26033111#608,是,否,否,POINT (121.373756 25.068979),sea,146.8392502056809,13.990692088993928,mainland
5490,臺北市內湖區,,內湖區民權東路6段45號,121.5862,25.0691,三民國中,湖元里、湖興里、寶湖里,300,"水災,震災",涂詩珮,27944772#250,是,否,否,POINT (121.5862 25.0691),sea,155.17169756514883,28.478801845055365,mainland
5491,新北市汐止區,茄苳里,茄苳路225巷35號,121.672058,25.069255,茄苳里活動中心,茄苳里,53,"水災,震災,土石流,海嘯",宋怡穎,02-26411111#120,是,否,是,POINT (121.672058 25.069255),sea,159.41819112699434,34.343382814618586,mainland
5492,臺北市大同區,至聖里,大同區大龍街187巷1號,121.5167,25.0693,蘭州國中,至聖里,30,"水災,震災",金惠琳,25918269#500,是,否,是,POINT (121.5167 25.0693),sea,152.11866125817676,23.760080601319903,mainland
5493,臺北市內湖區,湖興里,民權東路6段99號8樓,121.586898,25.069324,內湖區行政大樓,湖興里、湖元里,170,,盧青華,935578581,否,否,否,POINT (121.586898 25.069324),sea,155.22677038011545,28.54599518944236,mainland
5494,新北市汐止區,茄苳里,茄苳路158號,121.669187,25.069578,崇德國小,崇德里、茄苳里、東山里,1275,"水災,震災,土石流,海嘯",宋怡穎,02-26411111#120,是,是,否,POINT (121.669187 25.069578),sea,159.30103188828338,34.17603225101186,mainland
5495,新北市三重區,培德里,三重區中正北路163號,121.4801,25.0696,新北市立三重商工,福田里、六福里、培德里、永煇里、永發里,1586,"震災,土石流,海嘯",許明枝,02-29862345#493,是,是,否,POINT (121.4801 25.0696),sea,150.66507914765762,21.292170893692596,mainland
5496,新北市三重區,大有里,三重區中正北路560巷38號,121.4711,25.0697,私立穀保家商,大有里、博愛里,1674,"水災,震災,土石流,海嘯",許明枝,02-29862345#493,是,是,否,POINT (121.4711 25.0697),sea,150.3250382647551,20.687606030405004,mainland
5497,新北市五股區,興珍里,四維路2號,121.4677,25.0698,更寮國民小學,興珍里、更寮里,453,"水災,土石流,海嘯",黃駿逸,02-22916051#113,是,是,是,POINT (121.4677 25.0698),sea,150.2045884816104,20.464666652476414,mainland
5498,新北市三重區,福安里,三重區六張街66號,121.4938,25.0702,六張市民活動中心,雙園里、三安里、福安里、信安里、安慶里、尚德里、正安里、自強里,100,"水災,震災,土石流,海嘯",許明枝,02-29862345493,是,否,否,POINT (121.4938 25.0702),sea,151.27172201069135,22.27836124234188,mainland
5499,新北市三重區,奕壽里,三重區三和路三段1號,121.4973,25.0704,三重國民小學,錦安里、長安里、長生里、長元里、長江里、長泰里、長福里、介壽里、萬壽里、錦江里、龍濱里、龍門里、秀江里、奕壽里、三安里、安慶里、順德里、承德里、瑞德里、崇德里、中央里、開元里、福安里,709,"水災,震災,土石流,海嘯",許明枝,02-29862345#493,是,是,否,POINT (121.4973 25.0704),sea,151.43359642909465,22.53440078991831,mainland
5500,新北市三重區,奕壽里,三重區介壽路26號,121.4999,25.0705,光榮國民中學,長泰里、長福里、介壽里、萬壽里、錦江里、龍濱里、龍門里、秀江里、奕壽里、順德里、承德里、瑞德里、崇德里,1031,"水災,震災,土石流,海嘯",許明枝,02-29862345#493,是,是,否,POINT (121.4999 25.0705),sea,151.54936381740407,22.72034586059164,mainland
5501,新北市汐止區,崇德里,茄苳路82號,121.666953,25.070551,崇德橋東市民活動中心,崇德里、橋東里、新昌里、仁德里、建成里,100,"水災,震災,土石流,海嘯",宋怡穎,02-24611111#120,是,否,是,POINT (121.666953 25.070551),sea,159.28117675094893,34.10904334885015,mainland
5502,臺北市內湖區,,臺北市內湖區康寧路3段200號,121.6107,25.0706,南湖國小,東湖、南湖、五分、蘆洲、葫洲、安湖、大湖、內溝、安泰、樂康、明湖、康寧、金湖、秀湖里,50,"水災,震災",溫博安,26321296#51,是,否,是,POINT (121.6107 25.0706),sea,156.48161173393459,30.279840487701602,mainland
5503,臺北市內湖區,,內湖區康寧路3段60號,121.6107,25.0706,明湖國中,南湖里、葫洲里、明湖里,251,"水災,震災",洪陸麒,26320616#510,是,否,否,POINT (121.6107 25.0706),sea,156.48161173393459,30.279840487701602,mainland
5505,新北市三重區,立德里,三重區自強路二段90號,121.4874,25.0707,和平市民活動中心,立德里、六合里、培德里,100,"水災,震災,土石流,海嘯",許明枝,02-29862345493,是,否,否,POINT (121.4874 25.0707),sea,151.06758473362135,21.886026878565215,mainland
5506,新北市三重區,立德里,三重區中孝路一段70號,121.4874,25.0707,厚德國民小學,信安里、六合里、厚德里、維德里、尚德里、永德里、立德里、永煇里,505,"水災,震災,土石流,海嘯",許明枝,02-29862345#493,是,是,否,POINT (121.4874 25.0707),sea,151.06758473362135,21.886026878565215,mainland
5507,新北市三重區,立德里,三重區自強路二段93號B1,121.4884,25.0707,老人文康活動中心禮堂,厚德里、維德里、尚德里、永德里、立德里　,100,"水災,震災,土石流,海嘯",許明枝,02-29862345493,是,否,否,POINT (121.4884 25.0707),sea,151.1073723848374,21.954174286665694,mainland
5508,新北市三重區,奕壽里,三重區介壽路32號,121.5013,25.0709,光榮國民小學,長泰里、長福里、介壽里、萬壽里、錦江里、龍濱里、龍門里、秀江里、奕壽里、順德里、承德里、瑞德里、崇德里,195,"水災,震災,土石流,海嘯",許明枝,02-29862345#493,是,是,否,POINT (121.5013 25.0709),sea,151.64763370557432,22.850799470383862,mainland
5509,臺北市內湖區,,內湖區康寧路3段105號,121.6106,25.0711,明湖國小,明湖里、安湖里、康寧里,137,"水災,震災",向芳誼,26323477#41,是,否,是,POINT (121.6106 25.0711),sea,156.52682897819815,30.31683479495692,mainland
5510,嘉義縣六腳鄉,更寮村,更寮村19號,121.467216,25.071216,更寮國小-室內,更寮、古林、正義,20,水災,賴慶源總務主任,05-3796309,是,否,否,POINT (121.467216 25.071216),sea,150.33354610210273,20.555750531074178,mainland
5511,新北市汐止區,保新里,大同路三段469號,121.679316,25.071337,保長坑訓練中心,保新里、東山里、保長里、長安里、保安里,1075,"水災,震災,土石流,海嘯",宋怡穎,02-26411111#120,是,是,是,POINT (121.679316 25.071337),sea,160.00056084786513,35.020417578749274,mainland
5512,新北市五股區,水碓里,明德路2號,121.4345,25.0714,德音國民小學,德音里、貿商里、德泰里、民義里、水碓里、福德里,146,"水災,土石流,海嘯",黃駿逸,02-22916051#113,是,是,是,POINT (121.4345 25.0714),sea,149.13907333562855,18.342361657357685,mainland
5513,桃園市蘆竹區,內厝里,南山路二段349巷67號,121.287518,25.071722,山鼻內厝聯合里民活動中心,長興里、山鼻里、內厝里,0,"水災,震災",趙文峰,03-3520000ext.176,是,否,是,POINT (121.287518 25.071722),sea,144.7238860497334,8.354132346934493,mainland
5514,新北市汐止區,保安里,大同路三段553號,121.680851,25.071773,保長國小,保安里、茄苳里、保長里、東山里、崇德里、保新里,470,"水災,震災,土石流,海嘯",宋怡穎,02-26411111#120,是,是,否,POINT (121.680851 25.071773),sea,160.1235942160973,35.16322534009549,mainland
5515,新北市林口區,仁愛里,文化一路1段137號,121.37391,25.071966,仁愛市民活動中心,仁愛里、南勢里,194,"水災,震災,土石流,海嘯",黃德源,26033111#608,是,否,是,POINT (121.37391 25.071966),sea,147.16214869016795,14.262902042977728,mainland
5516,臺北市內湖區,,內湖區康樂街131號,121.6195,25.0723,東湖國中,東湖里、內溝里、安泰里、樂康里,138,"水災,震災",唐廷俊,26330373#651,是,否,是,POINT (121.6195 25.0723),sea,157.0768659616685,31.028488442402388,mainland
5518,桃園市大園區,三石里,9鄰三和路5號,121.25823,25.073,三石社區活動中心,三石里,380,"水災,震災,海嘯",沈萬枝,03-3936256,是,是,否,POINT (121.25823 25.073),sea,144.18091330360227,6.470206985349075,mainland
5519,臺北市內湖區,,內湖區金湖路363巷8號,121.6013,25.0731,麗湖國小,金湖里、葫洲里,315,"水災,震災",劉松育,26343888＃130,是,否,是,POINT (121.6013 25.0731),sea,156.28332105922212,29.85830009188222,mainland
5520,臺北市中山區,大佳里,中山區濱江街107號,121.5359,25.0733,大佳國小,大佳里、新庄里、行孝里、新喜里,30,"水災,震災",賴佩莉,02-25035816#110,是,否,是,POINT (121.5359 25.0733),sea,153.34406746170504,25.41898322135796,mainland
5521,臺北市大同區,保安里,大同區哈密街47號,121.5167,25.0734,大龍國小,重慶里、保安里,30,"水災,震災",鍾燕玲,02-25942635#838,是,否,否,POINT (121.5167 25.0734),sea,152.54027137267707,24.11931479544797,mainland
5522,新北市林口區,東勢里,仁愛路二段173號,121.381,25.0736,林口高中,西林里,3099,"水災,震災,土石流,海嘯",宋永豐,26009482#600,是,是,是,POINT (121.381 25.0736),sea,147.55979291514322,14.889235135482535,mainland
5523,新北市三重區,永德里,三重區大智街260號,121.4887,25.0738,格致高級中學,厚德里、維德里、永德里、永煇里　,1000,"震災,土石流,海嘯",許明枝,02-29862345#493,是,是,是,POINT (121.4887 25.0738),sea,151.44053973665658,22.246234607094635,mainland
5524,新北市林口區,南勢里,南勢二街154號,121.359019,25.073835,南勢市民活動中心,南勢里,106,"水災,震災,土石流,海嘯",黃德源,02-26033111#608,是,否,是,POINT (121.359019 25.073835),sea,146.9042226253183,13.411877210623496,mainland
5525,新北市林口區,南勢里,南勢街215號,121.3588,25.075,南勢國小,南勢里,534,"水災,震災,土石流,海嘯",蕭麗娟,26091020#830,是,是,是,POINT (121.3588 25.075),sea,147.0221058998951,13.49902801023952,mainland
5526,臺北市大同區,重慶里,臺北市大同區承德路3段336號,121.5199,25.0755,明倫高中,重慶里、老師里,70,"水災,震災",徐榮濱,02-25961567#151,是,否,否,POINT (121.5199 25.0755),sea,152.8900098746158,24.521384503239545,mainland
5527,新北市五股區,德音里,成泰路一段175號,121.4349,25.0758,憲訓中心,德音里、貿商里、德泰里、水碓里,686,"水災,土石流,海嘯",黃駿逸,02-22916051#113,是,否,否,POINT (121.4349 25.0758),sea,149.61563344667562,18.755140243564323,mainland
5529,臺北市大同區,重慶里,大同區敦煌路19號,121.5179,25.0759,重慶國中,重慶里、保安里,0,"水災,震災",邱貿瑞,02-25948631#240,是,否,否,POINT (121.5179 25.0759),sea,152.84749252643945,24.42013692549001,mainland
5530,臺北市大同區,蓬萊里,大龍街51號,121.5179,25.0759,臺北市大同運動中心,蓬萊里、斯文里、揚雅里、隆和里、民權里、集英里,300,震災,鄭景中,0225702330-6424,是,否,否,POINT (121.5179 25.0759),sea,152.84749252643945,24.42013692549001,mainland
5531,新北市三重區,永盛里,三重區車路頭街133號,121.4846,25.0764,永盛市民活動中心,永盛里、永福里、永清里、永安里、永吉里、永順里、永豐里、福隆里、慈福里、慈生里、慈惠里、慈愛里、福樂里,100,"水災,震災,土石流,海嘯",許明枝,02-29862345493,是,否,否,POINT (121.4846 25.0764),sea,151.5478947149051,22.194637283819304,mainland
5532,新北市三重區,永盛里,三重區三和路四段216號,121.4865,25.0766,三和國民中學,永盛里、永福里、永清里、永安里、溪美里、福隆里、慈福里、慈生里、慈惠里、慈愛里、永吉里、永順里、永豐里、福樂里、仁華里　,653,"水災,震災,土石流,海嘯",許明枝,02-29862345#493,是,是,否,POINT (121.4865 25.0766),sea,151.64362449179995,22.341640978435738,mainland
5533,新北市林口區,西林里,仁愛路一段378號,121.3885,25.0767,林口區公所,林口里、西林里,120,"水災,土石流,海嘯",劉艾如,02-26033111-216,是,否,是,POINT (121.3885 25.0767),sea,148.12970336816272,15.671956794232424,mainland
5534,新北市蘆洲區,得仁里,中山一路415號6樓,121.469,25.0767,得仁市民活動中心,中路里、得勝里、九芎里、得仁里、民和里、永安里、延平里,52,土石流,沈明輝,22811484-119,是,否,是,POINT (121.469 25.0767),sea,150.97321699125933,21.157823146295016,mainland
5535,新北市林口區,湖南里,民治路25號,121.3769,25.0769,林口國中活動中心,西林里、仁愛里,1736,"水災,震災,土石流,海嘯",陳建全,2601-1014#31,是,否,否,POINT (121.3769 25.0769),sea,147.78128392194995,14.898970479497205,mainland
5536,新北市三重區,永福里,三重區永福街66號,121.4806,25.077,永福國民小學,永盛里、永福里、永清里、永安里、福隆里、慈福里、慈生里、慈愛里、永吉里、永順里、永豐里、福樂里、仁華里　,706,"震災,土石流,海嘯",許明枝,02-29862345#493,是,是,否,POINT (121.4806 25.077),sea,151.45319983598887,21.974618509095805,mainland
5537,臺北市內湖區,,內湖區陽光街1號,121.5887,25.077,內湖國中,紫陽里、瑞光里、瑞陽里,233,"水災,震災",林慧靜,27900843#230,是,否,是,POINT (121.5887 25.077),sea,156.08418407221814,29.341353324723162,mainland
5538,基隆市七堵區,長安里,長安街31號,121.6928,25.0771,長安里民活動中心,長安里,60,"水災,震災,土石流,海嘯",張聰龍,02-24511858,是,否,是,POINT (121.6928 25.0771),sea,161.27334546120792,36.4442603175624,mainland
5539,臺北市中山區,金泰里,中山區樂群2路266巷99號,121.5617,25.0773,濱江國小,成功里、永安里、北安里、金泰里,114,"水災,震災",卓家意,02-85021571#1400,是,否,否,POINT (121.5617 25.0773),sea,154.88387217454255,27.527658734857447,mainland
5540,新北市林口區,麗林里,公園路59號3樓,121.394,25.0774,麗林市民活動中心,麗林里,236,"水災,震災,土石流,海嘯",黃德源,26033111#608,是,否,是,POINT (121.394 25.0774),sea,148.38282875710402,16.10810020607441,mainland
5541,臺北市中山區,劍潭里,中山區明水路325號,121.5416,25.0778,北安國中,劍潭里、大直里、永安里、圓山里、成功里,30,"水災,震災",余賢桄,25333888-240,是,否,否,POINT (121.5416 25.0778),sea,154.05038134130018,26.201704880108647,mainland
5542,臺北市內湖區,,內湖區文德路218號,121.5865,25.0784,內湖高中,紫陽里、瑞光里、瑞陽里,110,"水災,震災",韓國瑾,27977035#309,是,否,否,POINT (121.5865 25.0784),sea,156.1233372305689,29.31409436148267,mainland
5543,臺北市內湖區,港墘里,洲子街12號,121.5865,25.0784,臺北市內湖運動中心,西康里、西安里、西湖里、港華里、港都里、港墘里、港富里,219,震災,林美如,02-25702330#6425,是,否,否,POINT (121.5865 25.0784),sea,156.1233372305689,29.31409436148267,mainland
5544,新北市林口區,湖南里,文化北路1段425號,121.365938,25.078446,新北特殊教育學校,南勢里、湖南里,1383,"水災,震災,土石流,海嘯",陳素惠,02-2600-6768#8001,否,否,是,POINT (121.365938 25.078446),sea,147.60641248346198,14.287396168518045,mainland
5545,新北市蘆洲區,民和里,民生街129巷14號,121.4728,25.0785,民生市民活動中心,溪墘里、樹德里、得仁里、民和里,20,"水災,震災,土石流,海嘯",沈明輝,02-22811484-119,是,否,否,POINT (121.4728 25.0785),sea,151.30656248454656,21.57449587010819,mainland
5546,臺北市中山區,永安里,臺北市中山區明水路397巷19弄1號,121.5494,25.0787,永安國小,劍潭里、大直里、成功里、永安里、金泰里、北安里,60,"水災,震災",梁志恒,25335672#230,是,否,是,POINT (121.5494 25.0787),sea,154.48209608252373,26.812110949806094,mainland
5547,新北市汐止區,長安里,長興街一段50號,121.670529,25.079073,長安市民活動中心,長安里、橋東里、保安里、保長里、拱北里、鄉長里、仁德里、崇德里、建成里、城中里、保新里,89,"水災,震災,土石流,海嘯",宋怡穎,02-26411111#120,是,否,是,POINT (121.670529 25.079073),sea,160.303250086371,35.09941989542562,mainland
5548,臺北市內湖區,,內湖區內湖路2段41號,121.5802,25.0791,內湖國小,港富里、湖濱里,150,"水災,震災",黎季昊,27998085#311,是,否,是,POINT (121.5802 25.0791),sea,155.90379136137153,28.946098357742276,mainland
5549,新北市汐止區,長安里,長興街一段80號,121.670789,25.079315,長安國小,長安里、橋東里、保安里、保長里、拱北里、鄉長里、烘內里、崇德里、建成里、城中里、保新里,807,"震災,土石流,海嘯",宋怡穎,02-26411111#120,是,是,否,POINT (121.670789 25.079315),sea,160.34044139350019,35.138341800794656,mainland
5550,新北市五股區,更寮里,更洲路47號,121.4573,25.0794,更新市民活動中心,興珍里、更寮里、集福里,65,"水災,震災,土石流,海嘯",黃駿逸,02-22916051#113,是,否,是,POINT (121.4573 25.0794),sea,150.8125121985905,20.5970673310716,mainland
5551,臺北市中山區,劍潭里,中山區北安路420號,121.5428,25.0794,大直高中,劍潭里、大直里、成功里、永安里、金泰里、北安里,300,"水災,震災",楊雯仙,02-25334017#141,是,否,否,POINT (121.5428 25.0794),sea,154.2658895550146,26.42367072363466,mainland
5552,新北市林口區,東林里,粉寮路一段75巷80號,121.395779,25.07957,醒吾高中,東林里,1243,"水災,震災,土石流",吳昭瑾,26012644#1902,是,是,否,POINT (121.395779 25.07957),sea,148.671247017878,16.41946571368392,mainland
5553,新北市蘆洲區,溪墘里,信義路65號,121.476051,25.079572,溪墘湧蓮市民活動中心,溪墘里、樹德里、得仁里、民和里,50,"水災,震災,土石流,海嘯",沈明輝,02-22811484-119,是,否,是,POINT (121.476051 25.079572),sea,151.5436238215548,21.88996969289133,mainland
5554,新北市林口區,菁湖里,竹林路325號,121.3958,25.0796,竹林山觀音寺活動中心,菁湖里、中湖、東林、湖北,500,"水災,震災,土石流,海嘯",李子昌,26011412#18,是,是,是,POINT (121.3958 25.0796),sea,148.67511711715548,16.423525352137084,mainland
5555,臺北市中山區,金泰里,中山區樂群二路262號,121.5607,25.0796,濱江國中,成功里、永安里、北安里、金泰里,86,"水災,震災",黃秀森,02-8502-0126,是,否,否,POINT (121.5607 25.0796),sea,155.07302463242894,27.66103294785298,mainland
5556,臺北市內湖區,港墘里,內湖路1段520號,121.5754,25.0797,內湖高工,港墘里、港都里、麗山里,245,"水災,震災",韓東賢,26574874#121,是,否,否,POINT (121.5754 25.0797),sea,155.74519330383833,28.671561656538458,mainland
5557,臺北市士林區,,士林區通河街16號,121.5229,25.0799,劍潭國小,明勝里、福華里,30,"水災,震災",李孟柔,02-28855491#830,是,否,否,POINT (121.5229 25.0799),sea,153.46802436605492,25.11134635050634,mainland
5558,臺北市內湖區,,內湖區星雲街121號,121.5949,25.08,康寧國小,清白里、紫雲里、紫星里,247,"水災,震災",黃聰欽,27917755,是,否,否,POINT (121.5949 25.08),sea,156.67546824314857,30.026721543329636,mainland
5559,新北市林口區,中湖里,中山路268號,121.3842,25.0803,佳林國中,湖南里、中湖里、菁湖里,747,"水災,震災,土石流,海嘯",馮維寧,26028555#600,是,是,是,POINT (121.3842 25.0803),sea,148.3741500778693,15.69434808546646,mainland
5560,新北市蘆洲區,溪墘里,中山一路1號,121.48,25.0803,徐匯中學,恆德里、溪墘里、樹德里,784,"水災,震災,土石流,海嘯",沈明輝,02-22811484-119,是,是,否,POINT (121.48 25.0803),sea,151.7726867288382,22.22286978146119,mainland
5561,臺北市中山區,大直里,中山區大直街2號,121.5464,25.0805,大直國小,劍潭里、大直里、成功里、永安里,104,"水災,震災",林秀勤,02-85098286,是,否,否,POINT (121.5464 25.0805),sea,154.53469312879253,26.765381298537353,mainland
5563,新北市蘆洲區,忠義里,長安街96號4樓,121.4619,25.0807,長安市民活動中心,中路里、永康里、忠義里、九芎里、光明里、長安里、永安里、延平里、成功里、永德里,123,"水災,震災,土石流,海嘯",沈明輝,02-22811484-119,是,否,否,POINT (121.4619 25.0807),sea,151.12086836734358,21.02444893329952,mainland
5564,新北市林口區,菁湖里,林口路76號,121.3899,25.0808,林口國小,菁湖里、中湖里,1009,"水災,震災,土石流,海嘯",張憲庭,26011010#831,是,是,是,POINT (121.3899 25.0808),sea,148.61033234149622,16.126597359700966,mainland
5565,基隆市七堵區,實踐里,百一街52-1號,121.7004,25.081,實踐里民活動中心,實踐里,60,"水災,震災,土石流,海嘯",吳麗如,02-24518581,是,否,是,POINT (121.7004 25.081),sea,162.05700297228748,37.30389119402539,mainland
5566,新北市蘆洲區,恆德里,永安北路二段42之6號,121.481944,25.081635,永安兒童公園市民活動中心,恆德里、玉清里、仁義里,87,"水災,震災,土石流,海嘯",沈明輝,02-22811484-119,是,否,是,POINT (121.481944 25.081635),sea,151.9872659803439,22.47231850113921,mainland
5567,臺北市內湖區,,內湖區內湖路1段629巷42號,121.5752,25.0817,麗山國中,港華里、港都里、麗山里,82,"水災,震災",徐秀婕,27991867#401,是,否,否,POINT (121.5752 25.0817),sea,155.9386031344707,28.833168367175738,mainland
5568,新北市蘆洲區,中路里,光華路107巷11號,121.4675,25.0821,中路市民活動中心,中路里、光華里、忠義里、九芎里、中華里、光明里、長安里、永安里、延平里,27,"水災,震災,土石流,海嘯",沈明輝,02-22811484-119,是,否,否,POINT (121.4675 25.0821),sea,151.4788763750907,21.528739753240778,mainland
5569,新北市林口區,湖南里,民權路101號,121.3729,25.0827,頭湖國小,湖南里、頂福里,819,"水災,震災,土石流,海嘯",謝素君,26080766#830,是,是,否,POINT (121.3729 25.0827),sea,148.27430106967276,15.134565804643183,mainland
5570,基隆市七堵區,堵南里,堵南街20之8號,121.6877,25.0827,堵南里民活動中心,堵南里,40,"水災,震災,土石流,海嘯",余佩儒,02-24511868,是,否,是,POINT (121.6877 25.0827),sea,161.55174216386544,36.58736987457261,mainland
5571,臺北市內湖區,秀湖里,成功路五段31號旁,121.603982,25.082835,大湖公園,全區,4950,震災,陳美雅,26586601#216,否,是,是,POINT (121.603982 25.082835),sea,157.3876626308975,30.894033606220848,mainland
5572,新北市五股區,五股里,工商路3號,121.4393,25.083,立體停車場,興珍里、更寮里、五股里、五福里、德音里,550,"水災,土石流,海嘯",黃駿逸,02-22916051#113,是,否,是,POINT (121.4393 25.083),sea,150.5298125631264,19.685839131332216,mainland
5573,基隆市七堵區,堵南里,大德路120號,121.6922,25.0832,堵南國小活動中心,堵南里,120,"水災,震災,土石流,海嘯",總務主任葉博仁,02-24511339,是,否,是,POINT (121.6922 25.0832),sea,161.83720366059225,36.93784225908744,mainland
5574,新北市五股區,五股里,成泰路二段49巷15號,121.4357,25.0833,五股國民中學,五股里、五福里、貿商里、德泰里、水碓里,230,"水災,海嘯",黃駿逸,02-22916051#113,是,是,否,POINT (121.4357 25.0833),sea,150.4323739591315,19.466793891010134,mainland
5575,基隆市暖暖區,暖東里,東勢街54號,121.7481,25.0833,暖東里民活動中心,暖東里,40,"水災,震災,土石流,海嘯",林淑娟,02-24572981,是,否,是,POINT (121.7481 25.0833),sea,164.88311166550656,40.756044181498595,mainland
5576,新北市五股區,五股里,成泰路2段49號,121.4377,25.0834,五股國民小學,五龍里、五股里、五福里、陸一里、民義里、福德里,2532,"水災,土石流,海嘯",黃駿逸,02-22916051#113,是,是,是,POINT (121.4377 25.0834),sea,150.51439761315223,19.611850516823957,mainland
5577,基隆市七堵區,堵北里,福一街136號二樓,121.6953,25.0834,堵北里民活動中心,堵北里,86,"水災,震災,土石流,海嘯",李英翠代理里長,915653312,是,否,是,POINT (121.6953 25.0834),sea,162.02037157607703,37.166622843423866,mainland
5578,新北市蘆洲區,仁德里,三民路26巷71弄2號B1地下室,121.4786,25.0835,財團法人臺灣省臺北縣基督教徒蘆洲,樓厝里、恆德里、玉清里、仁德里、仁義里,75,"震災,土石流,海嘯",沈明輝,02-22811484-119,是,否,否,POINT (121.4786 25.0835),sea,152.05096717025515,22.407841317732746,mainland
5579,臺北市內湖區,,臺北市內湖區港華街100號,121.5725,25.0836,麗山國小,紫陽里、紫星里、瑞光里、瑞陽里、紫雲里、清白里,193,"水災,震災,土石流",陳弘偉,26574158#511,是,否,是,POINT (121.5725 25.0836),sea,156.00872146264794,28.81564474795058,mainland
5580,臺北市士林區,,士林區環河北路3段95號,121.507,25.0837,葫蘆國小,社新里富洲里、社子里、福順里、富光里、葫蘆里、葫東里、社園里,35,"水災,震災",許興國,02-28129586#831,是,否,否,POINT (121.507 25.0837),sea,153.20150232778414,24.36075132700322,mainland
5581,基隆市七堵區,百福里,福五街1號,121.6987,25.0837,百福國中活動中心,百福里,191,"水災,震災,土石流,海嘯",總務主任陳靜婷,02-24511158,是,否,是,POINT (121.6987 25.0837),sea,162.22973275260003,37.424609459802916,mainland
5582,臺北市內湖區,,內湖區環山路1段25號,121.5657,25.0838,西湖國小,西湖里、西安里原為96人，回傳資料為76人？？,76,"水災,震災",葉蓁燕,27971267#151,是,否,否,POINT (121.5657 25.0838),sea,155.72310739427874,28.369765992095346,mainland
5583,新北市蘆洲區,保和里,中正路100號,121.47,25.0841,蘆洲國小,中原里、光華里、保和里、仁復里、得勝里、中華里,2139,"水災,震災,土石流,海嘯",沈明輝,02-22811484-119,是,是,是,POINT (121.47 25.0841),sea,151.78261966381376,21.874344465748457,mainland
5584,臺北市內湖區,,臺北市內湖區環山路2段100號,121.5779,25.0841,麗山高中,全區,60,"水災,震災",林永發,26570435#400,是,否,是,POINT (121.5779 25.0841),sea,156.30444495157502,29.22744979975533,mainland
5585,新北市林口區,湖南里,民權路165號,121.3742,25.0844,湖南市民活動中心,湖南里、湖北里,86,"水災,震災,土石流,海嘯",黃德源,26033111#608,是,是,是,POINT (121.3742 25.0844),sea,148.4958066377632,15.372108198592306,mainland
5586,新北市蘆洲區,保和里,三民路95號,121.4739,25.0847,蘆洲區公所,光華里、保佑里、鷺江里、保和里、仁復里、得勝里、仁愛里、中華里、仁德里、福安里,185,"水災,震災,土石流,海嘯",沈明輝,02-22811484-119,是,否,是,POINT (121.4739 25.0847),sea,151.99444046181438,22.19269021501663,mainland
5587,新北市三重區,富福里,五華街160號,121.490369,25.085115,碧華國民小學,無,0,,許明枝,02-29862345#493,否,否,否,POINT (121.490369 25.085115),sea,152.67977651658663,23.351371388911296,mainland
5588,新北市蘆洲區,鷺江里,民族路7號,121.4769,25.0853,鷺江國小,樓厝里、鷺江里、仁復里、信義里、仁德里、仁義里、福安里,1002,"水災,震災,土石流,海嘯",沈明輝,02-22811484-119,是,是,否,POINT (121.4769 25.0853),sea,152.1724460396822,22.44970329699424,mainland
5589,臺北市內湖區,,臺北市內湖區金龍路100號,121.5911,25.0853,碧湖國小,金龍里、金瑞里、碧山里、內湖里、湖濱里,134,"水災,震災,土石流",陳詩添,27907161#151,是,否,否,POINT (121.5911 25.0853),sea,157.03245362440194,30.232137302031823,mainland
5590,新北市蘆洲區,成功里,長安街311號,121.4575,25.0857,成功國小,永樂里、永康里、忠義里、長安里、成功里、永德里,495,"水災,震災,土石流,海嘯",沈明輝,02-22811484-119,是,是,否,POINT (121.4575 25.0857),sea,151.4786356142011,21.162690818302337,mainland
5591,新北市蘆洲區,樓厝里,集賢路221巷11號,121.4837,25.0857,重陽市民活動中心,樓厝里、信義里、玉清里、復興里,58,"水災,震災,土石流,海嘯",沈明輝,22811484-119,是,否,是,POINT (121.4837 25.0857),sea,152.47821486291065,22.94815291052662,mainland
5592,臺北市內湖區,,內湖區文湖街15號,121.5601,25.0858,文湖國小,西康里、西安里,30,"水災,震災",盧俊吉,26583515#1071,是,否,是,POINT (121.5601 25.0858),sea,155.6770013895759,28.16337669899184,mainland
5593,臺北市內湖區,,內湖區環山路1段27號,121.5657,25.0858,西湖國中,西湖里、西安里,106,"水災,震災",藍瑋煥,27991817#310,是,否,是,POINT (121.5657 25.0858),sea,155.9262846980266,28.54500218435279,mainland
5594,臺北市士林區,,士林區福港街205號,121.5178,25.0862,百齡國小,福中里、前港里、百?里,137,"水災,震災",王正通,02-28817683#850,是,否,否,POINT (121.5178 25.0862),sea,153.90330248854295,25.315788574806195,mainland
5595,基隆市七堵區,泰安里,泰和街57號,121.7114,25.0864,泰安里民活動中心,泰安里,42,"水災,震災,土石流,海嘯",詹仁豪,02-24522539,是,否,是,POINT (121.7114 25.0864),sea,163.17056330515004,38.52665040222232,mainland
5596,新北市三重區,富貴里,三重區集賢路89號,121.4931,25.0865,五華國民小學,富貴里、富福里、碧華里　,327,"水災,震災,土石流,海嘯",許明枝,02-29862345#493,是,是,否,POINT (121.4931 25.0865),sea,152.9316517437119,23.65883302357121,mainland
5597,新北市蘆洲區,保和里,三民路96號,121.4723,25.0866,三民高中,保佑里、水湳里、鷺江里、保和里、信義里、水河里、仁愛里、忠孝里、福安里,5011,"水災,震災,土石流,海嘯",沈明輝,02-22811484-119,是,是,否,POINT (121.4723 25.0866),sea,152.13103167615097,22.250128744701218,mainland
5598,臺北市士林區,,士林區承德路4段177號,121.523,25.087,百齡高中,義信里、仁勇里、承德里,300,"水災,震災",邱彩君,28831568#307,是,否,否,POINT (121.523 25.087),sea,154.20205335208712,25.740249573830006,mainland
5599,新北市蘆洲區,中原里,中正路265號,121.4664,25.0871,蘆洲國中,中原里、保佑里、光明里、永德里,2520,土石流,沈明輝,02-22811484-119,是,是,否,POINT (121.4664 25.0871),sea,151.95877175658495,21.891868084973826,mainland
5600,新北市三重區,富貴里,三重區重新路五段656號,121.4899,25.0874,新北市立新北高中,五常里、五福里、仁忠里、慈化里、慈祐里、五華里、富貴里、富福里、碧華里、五順里、富華里　,4475,"水災,震災,土石流,海嘯",許明枝,02-29862345#493,是,是,否,POINT (121.4899 25.0874),sea,152.89825011153664,23.51961760416693,mainland
5601,桃園市蘆竹區,山腳里,海山路319號,121.278634,25.088009,山腳國中,山腳里、外社里、坑子里,500,"水災,震災",趙文峰,03-3520000ext.176,是,是,是,POINT (121.278634 25.088009),sea,146.27610533968226,9.17574670502127,mainland
5602,臺北市內湖區,,內湖區大湖山莊街170號,121.6003,25.0881,大湖國小,秀湖里、大湖里,175,"水災,震災",余文玲,27915870#51,是,否,是,POINT (121.6003 25.0881),sea,157.74352508328212,31.104424125714342,mainland
5603,基隆市七堵區,百福里,實踐路263號,121.695,25.0881,百福里民活動中心,百福里,40,"水災,震災,土石流,海嘯",何孟翰,02-24519577,是,否,是,POINT (121.695 25.0881),sea,162.4634545422751,37.55798367279834,mainland
5604,新北市瑞芳區,猴硐里,瑞芳區九芎橋路69-1號,121.8296,25.0889,猴硐國小,弓橋里 猴峒里 光復里 碩仁李,101,"水災,震災,土石流,海嘯",賴佩珊,24960450-102,是,是,否,POINT (121.8296 25.0889),sea,170.1416519779032,46.8007192799826,mainland
5605,新北市蘆洲區,正義里,光榮路99號,121.4639,25.0893,忠義國小,正義里、中原里、南港里、保新里,1106,"震災,土石流,海嘯",沈明輝,02-22811484-119,是,是,否,POINT (121.4639 25.0893),sea,152.09421146677468,21.914259376207067,mainland
5606,新北市汐止區,拱北里,汐萬路二段279號,121.645595,25.089404,北港國小,拱北里、烘內里、鄉長里、八連里、湖興里、江北里,1307,"水災,震災,土石流,海嘯",宋怡穎,02-26411111#120,是,是,否,POINT (121.645595 25.089404),sea,160.06167589972398,34.305414972962325,mainland
5607,臺北市士林區,三玉里,忠誠路二段77號,121.5029,25.0898,天母棒球場,芝山里、岩山里、名山里、聖山里、東山里、忠誠里、德行里、德華里、蘭雅里、蘭興里、三玉里、天福里、天祿里、天壽里、天和里、天山里、天玉里、天母里,150,震災,盧春安,02-25702330#6534,是,否,否,POINT (121.5029 25.0898),sea,153.66555722233252,24.615817340177525,mainland
5608,臺北市士林區,福德里,士商路1號,121.5029,25.0898,臺北市士林運動中心,福德里、仁勇里、義信里、福林里、福志里、舊佳里、福佳港、後港里、福中里、前港里、百齡里、承德里、福華里、明勝里,171,震災,田佳泓,2570-2330轉6428,是,否,否,POINT (121.5029 25.0898),sea,153.66555722233252,24.615817340177525,mainland
5609,臺北市士林區,,臺北市士林區延平北路6段308號,121.5029,25.0898,社子國小,富洲里、社新里、社園里、社子里、永倫里、福安里、福順里、富光里、葫蘆里、葫東里,192,"水災,震災",羅泰興,28126195#830,是,否,否,POINT (121.5029 25.0898),sea,153.66555722233252,24.615817340177525,mainland
5610,新北市蘆洲區,正義里,長樂路235號,121.4618,25.0903,鷺江國中,正義里、南港里、永樂里、保新里,659,"水災,震災,土石流,海嘯",沈明輝,02-22811484-119,是,是,是,POINT (121.4618 25.0903),sea,152.1199551634496,21.858767915325394,mainland
5611,新北市五股區,成泰里,御史路1巷59號,121.440224,25.090383,公民會館,觀音里、五龍里、陸一里、民義里、成泰里、福德里,182,"水災,震災,土石流,海嘯",黃駿逸,02-22916051#113,是,否,是,POINT (121.440224 25.090383),sea,151.3384541814592,20.395691740135394,mainland
5612,新北市蘆洲區,永樂里,永平街1號4樓,121.4592,25.0904,永平市民活動中心,正義里、南港里、永樂里、永康里、成功里,151,"水災,震災,土石流,海嘯",沈明輝,02-22811484-119,是,否,否,POINT (121.4592 25.0904),sea,152.03340610799947,21.690346463877777,mainland
5613,基隆市七堵區,六堵里,工建路104巷17-1號-2號,121.7015,25.0908,六堵里民活動中心,六堵里,48,"水災,震災,土石流,海嘯",廖國勳,02-24514632,是,否,是,POINT (121.7015 25.0908),sea,163.07055636039865,38.2375106849973,mainland
5614,新北市蘆洲區,水湳里,民族路488號,121.471,25.0915,仁愛國小,水湳里、復興里、水河里、仁愛里、保新里、忠孝里,584,土石流,沈明輝,02-22811484-119,是,是,否,POINT (121.471 25.0915),sea,152.59223130044995,22.5908657852019,mainland
5615,臺北市士林區,,士林區中正路510號,121.5172,25.0918,陽明高中,後港里,110,"水災,震災",陳佑昌,02-28316675#140,是,否,否,POINT (121.5172 25.0918),sea,154.4553365496964,25.7655614682676,mainland
5616,基隆市七堵區,友一里,華新一路59-1號,121.6688,25.0921,友一里民活動中心,友一里,40,"水災,震災,土石流,海嘯",蕭雪,02-24517883,是,否,是,POINT (121.6688 25.0921),sea,161.49702191634992,36.12299396508994,mainland
5617,新北市蘆洲區,水湳里,民族路426巷17號,121.4731,25.0927,水湳市民活動中心,水湳里、復興里、水河里、忠孝里,34,"水災,震災,土石流,海嘯",沈明輝,02-22811484-119,是,否,是,POINT (121.4731 25.0927),sea,152.79733212625155,22.83911705756673,mainland
5618,臺北市士林區,福德里,臺北市士林區大東路165號,121.5251,25.0928,士林國小,仁勇里、義信里、福林里、福德里、福志里、舊佳里、福佳港、後港里、福中里、前港里、百齡里、承德里、福華里、明勝里,225,"水災,震災",何志宏,02-28812231#231,是,否,否,POINT (121.5251 25.0928),sea,154.88624552829063,26.39154408838718,mainland
5619,臺北市士林區,,士林區中正路345號,121.5226,25.0943,士林國中,福德里,39,"水災,震災",姚興南,02-88613411#500,是,否,否,POINT (121.5226 25.0943),sea,154.93640877227648,26.35260271233011,mainland
5620,新北市五股區,成功里,西雲路163號,121.4461,25.0944,成功市民活動中心,成州里、成功里、成德里、六福里、成泰里,100,"水災,震災,土石流,海嘯",黃駿逸,02-22916051分#113,是,否,是,POINT (121.4461 25.0944),sea,151.97179283988856,21.148087802281328,mainland
5621,桃園市蘆竹區,山腳里,大古山廣場,121.28829,25.09457695,大古山停車場,山腳區,200,"水災,震災,土石流,海嘯",趙文峰,3241793,否,是,是,POINT (121.28829 25.09457695),sea,147.2179991597564,10.409249352105883,mainland
5622,基隆市七堵區,長興里,東新街22號,121.7173,25.0949,基隆高級商工職業學校,長興里,146,"水災,震災,土石流,海嘯",陳明印,02-24566171,是,否,是,POINT (121.7173 25.0949),sea,164.31319539616973,39.673473927107416,mainland
5623,臺北市士林區,,士林區士商路150號,121.5163,25.095,士林高商,後港里、福佳里,54,"水災,震災",何杉友,02-28313114#401,是,否,否,POINT (121.5163 25.095),sea,154.74812080115854,25.984606708589403,mainland
5624,基隆市七堵區,長興里,東新街25號,121.718,25.095,長興里民活動中心,長興里,52,"水災,震災,土石流,海嘯",姚琴富,02-24563563,是,否,是,POINT (121.718 25.095),sea,164.3605677436045,39.72993892239101,mainland
5625,臺北市士林區,福林里,臺北市士林區福林路60號,121.5303,25.0951,士林官邸公園,全區,1362,震災,陳昆陽,28812512#21,否,是,是,POINT (121.5303 25.0951),sea,155.34060761468615,26.947432231604154,mainland
5626,基隆市暖暖區,暖西里,東勢街26巷69號,121.738,25.0951,暖西里民活動中心,暖西里,96,"水災,震災,土石流,海嘯",周明信,02-24581888,是,否,是,POINT (121.738 25.0951),sea,165.45807629490295,41.10164889400671,mainland
5627,基隆市暖暖區,碇祥里,碇內街100號,121.7538,25.0955,碇祥里民活動中心,碇祥里,85,"水災,震災,土石流,海嘯",林義忠,02-24574591,是,否,是,POINT (121.7538 25.0955),sea,166.37173412418946,42.21342518044082,mainland
5628,基隆市暖暖區,碇內里,暖碇路15巷136號,121.7538,25.0958,碇內里民活動中心,碇內里,32,"水災,震災,土石流,海嘯",林錦隆,02-24576802,是,否,是,POINT (121.7538 25.0958),sea,166.400517239821,42.23971060927939,mainland
5629,基隆市暖暖區,碇內里,源遠路152巷75號,121.7495,25.0961,碇內國中,碇內里 碇何里 碇安里 碇祥里,229,"水災,震災,土石流,海嘯",葉士如,02-24586105#31,是,否,是,POINT (121.7495 25.0961),sea,166.18985315794683,41.972962183287244,mainland
5630,基隆市暖暖區,暖暖里,暖暖街281巷58號,121.7354,25.0971,暖暖里民活動中心,暖暖里,60,"水災,震災,土石流,海嘯",陳建興,02-24574808,是,否,是,POINT (121.7354 25.0971),sea,165.50846571692333,41.099701825203994,mainland
5631,基隆市七堵區,永平里,明德一路184號2-4樓,121.7136,25.0978,七堵國小活動中心,富民里永平里永安里,150,"水災,震災,土石流,海嘯",總務主任黃青峰,02-24567116,是,否,是,POINT (121.7136 25.0978),sea,164.39657613770413,39.67542099591066,mainland
5632,新北市五股區,成州里,西雲路267號,121.4494,25.0981,成州市民活動中心,集福里、成州里、成功里、成德里、六福里、集賢里、成泰里,75,"水災,震災,土石流,海嘯",黃駿逸,02-22916051#113,是,否,是,POINT (121.4494 25.0981),sea,152.47958005703552,21.69716120468789,mainland
5633,基隆市七堵區,正光里,光明路21號6樓,121.7166,25.0983,七堵行政大樓6樓,正光里.正明里,200,"水災,震災,土石流,海嘯",謝振和,02-24566171101,是,否,是,POINT (121.7166 25.0983),sea,164.60586867560315,39.923672268275425,mainland
5634,臺北市士林區,福志里,士林區福志路75號,121.5297,25.0987,福林國小,福志里、舊佳里,142,"水災,震災",劉順海,02-28316293#204,是,否,否,POINT (121.5297 25.0987),sea,155.6853164989559,27.221968932808416,mainland
5635,基隆市七堵區,永平里,崇智街13-1號,121.7134,25.0995,永平里民活動中心,永平里永安里,90,"水災,震災,土石流,海嘯",林東漢,02-24566659,是,否,是,POINT (121.7134 25.0995),sea,164.55126890732208,39.81074227770906,mainland
5636,臺北市士林區,,士林區文林路615巷20號,121.5209,25.0996,文昌國小,德華里,75,"水災,震災",陳佩雯,02-28365411#130,是,否,否,POINT (121.5209 25.0996),sea,155.41177229338166,26.70112802804222,mainland
5637,臺北市士林區,福安里,延平北路7段189號,121.491108,25.099607,地藏禪寺,福安里、富洲里,100,,釋覺光師父,02-28100237,是,否,否,POINT (121.491108 25.099607),sea,154.2127367173483,24.671493772595255,mainland
5638,新北市五股區,成功里,成泰路3段493號,121.4505,25.0998,成州國民小學,集福里、觀音里、成州里、成功里、五龍里、陸一里、成德里、六福里、集賢里,398,"水災,震災,土石流,海嘯",黃駿逸,02-22916051#113,是,是,是,POINT (121.4505 25.0998),sea,152.69785068261433,21.92107411701749,mainland
5639,基隆市暖暖區,碇安里,源遠路277巷23號,121.7555,25.0998,碇安里民活動中心,碇安里,64,"水災,震災,土石流,海嘯",余冠龍,02-24577135,是,否,是,POINT (121.7555 25.0998),sea,166.87919892272342,42.70603358756452,mainland
5640,桃園市大園區,沙崙里,12鄰41-3號,121.222571,25.101094,沙崙社區活動中心,沙崙里,250,水災,林金和,03-3836396,是,是,否,POINT (121.222571 25.101094),sea,146.51930401476625,6.501681352547607,mainland
5641,基隆市七堵區,八德里,大華一路57巷43-4號,121.7166,25.1011,八德土地公廟,八德里,12,"水災,震災,土石流,海嘯",余文財,02-24564002,是,否,是,POINT (121.7166 25.1011),sea,164.87804033033,40.16900293743604,mainland
5642,新北市林口區,湖北里,林口區湖北里後湖17之6號,121.3847,25.1013,湖北市民活動中心,湖北里、太平里、嘉寶里、頂福里,73,"水災,震災,土石流,海嘯",黃德源,02-26033111#608,是,是,否,POINT (121.3847 25.1013),sea,150.62400534237523,17.56840180821971,mainland
5643,基隆市暖暖區,暖同里,暖暖街16巷41號,121.7373,25.1015,暖同里民活動中心,暖同里,64,"水災,震災,土石流,海嘯",李傳河,02-24573552,是,否,是,POINT (121.7373 25.1015),sea,166.03735822500946,41.614701523561344,mainland
5644,基隆市七堵區,自強里,自強路1號,121.7122,25.1022,自強里民活動中心,自強里,44,"水災,震災,土石流,海嘯",張仁化,02-24569686,是,否,是,POINT (121.7122 25.1022),sea,164.75009041357126,39.965534247536816,mainland
5645,桃園市蘆竹區,海湖里,海湖東路191巷15號,121.26754,25.10233,海湖國小,海湖里、坑口里,450,"水災,震災",趙文峰,03-3520000ext.176,是,是,是,POINT (121.26754 25.10233),sea,147.57745679079989,9.674498114218203,mainland
5646,臺北市士林區,,士林區至誠路1段62巷70號,121.5352,25.1027,雨聲國小,岩山里,46,"水災,震災",徐慧娟,28311004轉231,是,否,否,POINT (121.5352 25.1027),sea,156.32750446396173,27.94725206187402,mainland
5647,臺北市士林區,,士林區延平北路7段250號,121.4874,25.1033,福安國中,福安里,30,"水災,震災",胡智為,02-28108766#140,是,否,否,POINT (121.4874 25.1033),sea,154.45161001961077,24.742376812363382,mainland
5648,臺北市士林區,臨溪里,臺北市士林區至善路2段360號,121.5555,25.1035,至善國中,臨溪里、翠山里、平等里,170,"水災,震災",林威鎮,02-2841#1350#40,是,否,否,POINT (121.5555 25.1035),sea,157.27930344613026,29.40073892320979,mainland
5649,桃園市大園區,竹圍里,2鄰竹圍街3號,121.244253,25.103671,竹圍國小,竹圍里、海口里,700,"水災,震災",呂昌澤組長,03-3835079#520,是,是,否,POINT (121.244253 25.103671),sea,147.22540576260667,8.205045288698814,mainland
5650,新北市瑞芳區,吉慶里,瑞芳區大埔路95號,121.7628,25.1037,吉慶國小,吉安里 吉慶里 上天里,403,"水災,震災,土石流,海嘯",張賢順,24576405-614,是,是,否,POINT (121.7628 25.1037),sea,167.66135830038462,43.54522024159806,mainland
5651,臺北市北投區,,北投區文林北路77號,121.5165,25.1045,中正高中,建民里,109,"水災,震災",杜慶進,02-28234811#500,是,否,否,POINT (121.5165 25.1045),sea,155.73630306547008,26.830608103432493,mainland
5652,桃園市大園區,竹圍里,8鄰竹圍街90-6號,121.241682,25.104511,竹圍社區活動中心,竹圍里,160,水災,徐德耀,952343988,是,否,否,POINT (121.241682 25.104511),sea,147.26479804188293,8.103437503221278,mainland
5653,基隆市暖暖區,過港里,過港路54號,121.7383,25.1049,過港里民活動中心,過港里,60,"水災,震災,土石流,海嘯",陳清池,02-24581566,是,否,否,POINT (121.7383 25.1049),sea,166.4204643032218,41.98075045849861,mainland
5654,新北市貢寮區,和美里,佛祖廟西靈岩寺,121.921149,25.105105,佛祖廟西靈岩寺,和美里,62,海嘯,吳金發、吳珮羽,02-24903410、02-24991601#255,否,是,否,POINT (121.921149 25.105105),sea,177.31583957008877,54.45939759191051,mainland
5655,臺北市士林區,,士林區忠義街1號,121.5299,25.1053,雨農國小,名山里、聖山里、忠誠里,124,"水災,震災",鄭銘毅,2832-9700#101,是,否,否,POINT (121.5299 25.1053),sea,156.37225608815632,27.81387784887773,mainland
5656,新北市瑞芳區,爪?里,三爪子坑路279-2號,121.8135,25.1056,爪峰里活動中心,新峰里 爪峰里,162,"水災,震災,土石流,海嘯",黃茂峻,24977059,否,否,否,POINT (121.8135 25.1056),sea,170.75154244928518,47.16676821492098,mainland
5657,臺北市士林區,,臺北市士林區延平北路8段135號,121.4824,25.1058,富安國小,富洲里,50,"水災,震災",張凱惠,02-28103192#631,是,否,否,POINT (121.4824 25.1058),sea,154.5183552572312,24.62068501218465,mainland
5658,臺北市北投區,,北投區文林北路155號,121.5147,25.1059,文林國小,文林里、建民里,300,"水災,震災",范揚紹,02-28234212#400,是,否,否,POINT (121.5147 25.1059),sea,155.80742658455014,26.83060810343298,mainland
5659,臺北市士林區,,士林區中社路2段66號,121.5638,25.1061,雙溪國小,翠山里,30,"水災,震災",陳淑惠,02-28411038#25,是,否,否,POINT (121.5638 25.1061),sea,157.90769840527102,30.194169460376365,mainland
5660,新北市瑞芳區,傑魚里,傑魚坑路245巷2-1號2樓,121.788,25.1065,傑魚市民活動中心,傑魚里,231,"水災,震災,土石流",潘天賜,24975222,否,否,否,POINT (121.788 25.1065),sea,169.3572746776764,45.507865594882475,mainland
5661,新北市瑞芳區,福住里,佛堂巷7號,121.841768,25.106736,福住市民活動中心,福住里,53,"水災,土石流",劉建男,24972250-1104,是,否,否,POINT (121.841768 25.106736),sea,172.53743522849174,49.19269330429848,mainland
5662,新北市瑞芳區,新山里,金光路241號之1,121.8515,25.107,新山里活動中心,新山里,41,土石流,李仁林,24961399,否,否,否,POINT (121.8515 25.107),sea,173.14937106801742,49.87903505730698,mainland
5663,新北市瑞芳區,永慶里,瑞芳區崙頂路145號,121.8434,25.1071,九份國小,基山里 崇文里 永慶里 福助里 頌德里,172,"水災,震災,土石流,海嘯",盧瑩甄,24972263-22,是,是,否,POINT (121.8434 25.1071),sea,172.66955245314676,49.33580286130865,mainland
5664,基隆市七堵區,友二里,華新二路21號,121.6655,25.1073,復興國小,友二里,35,"水災,震災,土石流,海嘯",楊啟珊,02-24515601轉30,是,否,是,POINT (121.6655 25.1073),sea,162.83074014552608,37.229902579516086,mainland
5665,臺北市北投區,,北投區明德路50號,121.5183,25.1075,明德國中,石牌里,88,"水災,震災",林麗枝,28232539-601,是,否,否,POINT (121.5183 25.1075),sea,156.11948320417918,27.2161277263993,mainland
5666,新北市瑞芳區,新峰里,瑞芳區三爪子坑路1號,121.8145,25.1075,瑞芳國中,新峰里 爪峰里,1826,"水災,震災,土石流,海嘯",吳紹洪,24972145-230,是,是,否,POINT (121.8145 25.1075),sea,170.98924014832028,47.40139000566539,mainland
5667,新北市瑞芳區,龍興里,明燈路3段2號,121.809092,25.107577,瑞龍市民活動中心,瑞芳區,580,"水災,土石流",潘信秀,24972250-1202,是,否,否,POINT (121.809092 25.107577),sea,170.67987017899105,47.03959541606223,mainland
5668,基隆市暖暖區,八堵里,源遠路20號,121.7329,25.1077,基隆高中,暖西里 暖東里 暖暖里 暖同里 八堵里 八中里 八西里 八南里,347,"水災,震災,土石流,海嘯",林永隆,02-24582052#240,是,否,是,POINT (121.7329 25.1077),sea,166.39717114692795,41.858085123918755,mainland
5669,新北市五股區,觀音里,凌雲路三段17之2號,121.43072,25.107778,觀音市民活動中心,觀音里、集賢里,149,"水災,震災,土石流,海嘯",黃駿逸,02-22916051#113,是,否,是,POINT (121.43072 25.107778),sea,152.8338606338349,21.272135555711092,mainland
5670,新北市瑞芳區,龍潭里,瑞芳區中山路2號,121.8039,25.1079,瑞芳國小,龍潭里 龍川里 龍興里 龍安里 東和里,447,"水災,震災,土石流,海嘯",將明淵,2491-2508,是,是,是,POINT (121.8039 25.1079),sea,170.4078716961748,46.7140747182554,mainland
5671,新北市林口區,嘉寶里,22號,121.3393,25.1083,嘉寶國小,嘉寶里、下福里,425,"水災,震災,海嘯",呂新立,26052716#830,是,是,否,POINT (121.3393 25.1083),sea,150.02558053538712,15.087836153374118,mainland
5672,臺北市士林區,,士林區磺溪57號,121.5231,25.1084,蘭雅國小,蘭興里、蘭雅里,30,"水災,震災",邱建華,02-28366052#206,是,否,否,POINT (121.5231 25.1084),sea,156.4093658275295,27.62209157179597,mainland
5673,基隆市暖暖區,八南里,源遠路27號,121.7324,25.1086,八南里民活動中心,八南里,66,"水災,震災,土石流,海嘯",陳碧琴,02-24562205,是,否,是,POINT (121.7324 25.1086),sea,166.45721214209948,41.90286770638423,mainland
5674,桃園市大園區,海口里,4鄰87-1號2樓,121.241381,25.108652,海口社區活動中心,海口里,350,水災,呂定麟,03-3933389,是,是,否,POINT (121.241381 25.108652),sea,147.71071767542477,8.445751669452893,mainland
5675,新北市瑞芳區,龍鎮里,瑞芳區逢甲路82號,121.8095,25.1088,瑞芳區公所,龍鎮里 龍潭里 龍興里 龍山里 龍安里,115,"水災,震災,土石流,海嘯",張宗慈,02-24972250-1206,是,否,是,POINT (121.8095 25.1088),sea,170.81914350707282,47.17455649013206,mainland
5676,基隆市暖暖區,八中里,金華街204號,121.7296,25.1096,八中里民活動中心,八中里,42,"水災,震災,土石流,海嘯",俞偉明,02-24568920,是,否,是,POINT (121.7296 25.1096),sea,166.40259935085172,41.79967305983312,mainland
5677,基隆市七堵區,瑪南里,大成街1號,121.6899,25.1099,瑪陵國小活動中心,瑪南里,46,"水災,震災,土石流,海嘯",詹麗娟,02-24565663轉80,是,否,是,POINT (121.6899 25.1099),sea,164.3324923635611,39.120506387094785,mainland
5678,臺北市士林區,,臺北市士林區德行東路285號,121.5364,25.1104,芝山國小,岩山里、名山里、聖山里、芝山里、東山里、忠誠里、德行里、德華里、蘭雅里、蘭興里、三玉里、天福里、天祿里、天壽里、天和里、天山里、天玉里、天母里、,40,"水災,震災",董建成,02-28316115#240,是,否,否,POINT (121.5364 25.1104),sea,157.16883187044414,28.703688291785557,mainland
5679,新北市瑞芳區,龍山里,瑞芳區瑞芳街60號,121.8036,25.1104,瑞芳高工,龍安里 龍山里,1360,"水災,震災,土石流,海嘯",陳政典,24972516-201,是,是,否,POINT (121.8036 25.1104),sea,170.6269355040991,46.91267573614737,mainland
5680,臺北市士林區,,士林區忠誠路2段51號,121.531,25.1106,蘭雅國中,三玉里、蘭雅里,130,"水災,震災",徐安國,02-28329377#500,是,否,否,POINT (121.531 25.1106),sea,156.96331618744586,28.35321590727111,mainland
5681,基隆市暖暖區,八西里,八堵路35-2號,121.7361,25.1106,八西里民活動中心,八西里,10,"水災,震災,土石流,海嘯",蘇欽榮,02-24573066,是,否,是,POINT (121.7361 25.1106),sea,166.85170463009933,42.330249308612224,mainland
5682,新北市瑞芳區,銅山里,瑞芳區祈堂路53號,121.86,25.1107,勸濟堂,金瓜石地區,50,"水災,震災,土石流,海嘯",陳嶽生,24961273,是,否,否,POINT (121.86 25.1107),sea,174.0094320756493,50.78247498183481,mainland
5683,新北市瑞芳區,瓜山里,瑞芳區五號路306號,121.8569,25.1111,瓜山國小,銅山里 新山里 瓜山里 石山里,232,"水災,震災,土石流,海嘯",黃裕斌,24962036-168,是,是,否,POINT (121.8569 25.1111),sea,173.85806441813364,50.60626525517553,mainland
5684,臺北市北投區,,北投區明德路190號,121.5218,25.1121,明德國小,榮華里、裕民里,109,"水災,震災",陳勝福,02-28229651#1122,是,否,否,POINT (121.5218 25.1121),sea,156.73741037049837,27.857686896942358,mainland
5685,新北市貢寮區,和美里,龍洞街1-9號,121.9193,25.1123,和美國小,和美里,117,"水災,震災,土石流,海嘯",黃家裕,02-24909431#18,是,是,否,POINT (121.9193 25.1123),sea,177.8510911222649,54.963805235980566,mainland
5686,新北市貢寮區,和美里,佛祖廟西側高地,121.919336,25.112326,佛祖廟西側高地,和美里,62,海嘯,吳金發、吳珮羽,02-24903410、02-24941601#255,否,是,否,POINT (121.919336 25.112326),sea,177.8557475592234,54.96853661317098,mainland
5687,新北市林口區,下福里,下福10之1號,121.3126,25.1124,興福國小,下福里、瑞平里,735,"水災,震災,土石流,海嘯",廖淑珍,2606-2895#200,是,是,是,POINT (121.3126 25.1124),sea,149.75181587853962,13.627534551228628,mainland
5688,新北市汐止區,長青里,永春一路5號,121.603216,25.112499,翠柏新村安養中心-服務大樓,長青里、烘內里、八連里,203,"水災,震災,土石流,海嘯",宋怡穎,02-26411111#120,是,否,是,POINT (121.603216 25.112499),sea,160.3373067900977,33.44093589518016,mainland
5689,基隆市七堵區,八德里,八德路70號,121.7279,25.1129,八德里民活動中心,八德里,14,"水災,震災,土石流,海嘯",余文財,02-24564002,是,否,是,POINT (121.7279 25.1129),sea,166.63110672146442,41.972962183287784,mainland
5690,臺北市北投區,,臺北市北投區石牌路1段139號,121.5142,25.1149,石牌國中,永明里、吉利里、立賢里、榮光里、裕民里、福興里、吉慶里、洲美里、建民里、文林里、榮華里、振華里、永欣里、東華里、立農里、石牌里、尊賢里,100,"水災,震災",林豐戊,02-28224682#250,是,否,否,POINT (121.5142 25.1149),sea,156.71704926921626,27.585097264541716,mainland
5691,臺北市北投區,,北投區致遠2路80號,121.5117,25.1157,石牌國小,尊賢里、吉利里,112,"水災,震災",高禎禧,02-28227484#331,是,否,否,POINT (121.5117 25.1157),sea,156.6989551496118,27.484823221194656,mainland
5692,臺北市士林區,,士林區天母東路116號,121.5373,25.118,三玉國小,三玉里、天和里,30,"水災,震災",黃瑟雅,02-28751369#717,是,否,否,POINT (121.5373 25.118),sea,157.98756339690144,29.430918489654466,mainland
5693,臺北市士林區,,士林區天母東路120號,121.5381,25.118,天母國中,三玉里天山里,99,"水災,震災",顏靜虹,02-28754864#243,是,否,否,POINT (121.5381 25.118),sea,158.02110678896645,29.48543641613446,mainland
5694,基隆市仁愛區,德厚里,南榮路321號,121.7439,25.1194,南榮國小,龍門里德厚里曲水里英仁里,165,"水災,震災,土石流,海嘯",翁瑞宏,02-24223038,是,否,是,POINT (121.7439 25.1194),sea,168.1275771132442,43.632838337726604,mainland
5695,臺北市北投區,,北投區立農街1段250號,121.5053,25.1195,立農國小,立農里,30,"水災,震災",楊紹齊,02-28210702#300,是,否,否,POINT (121.5053 25.1195),sea,156.83668944841958,27.381628574642882,mainland
5696,臺北市士林區,,士林區天玉街12號,121.5274,25.1197,天母國小,天玉里、天母里,100,"水災,震災",黃偉國,02-28740889,是,否,否,POINT (121.5274 25.1197),sea,157.7512243719523,28.90520991288199,mainland
5697,臺北市士林區,新安里,臺北市士林區新安里仰德大道3段 61 號,121.5529,25.1198,陽明山國小,新安里、陽明里、菁山里、公館里、永福里,50,"水災,震災,土石流",吳正男,28614832#131,是,否,否,POINT (121.5529 25.1198),sea,158.83360952408637,30.6517306290484,mainland
5698,臺北市士林區,溪山里,臺北市士林區至善路三段199號,121.5796,25.1198,溪山國小,溪山里,50,"水災,震災,土石流",李世中,02-28411010#17,是,否,否,POINT (121.5796 25.1198),sea,160.00210883672756,32.471266425322916,mainland
5699,臺北市北投區,,北投區知行路212號,121.4673,25.1199,關渡國中,關渡里,30,"水災,震災",楊孝偉,02-28581770#50,是,否,否,POINT (121.4673 25.1199),sea,155.4200302448174,24.827074305287955,mainland
5700,基隆市仁愛區,育仁里,南榮路269巷28之1號,121.744,25.1204,育仁里民活動中心,育仁里,25,海嘯,林香垂,24301122 ext.307,是,否,是,POINT (121.744 25.1204),sea,168.22972508852286,43.727271174665724,mainland
5701,新北市瑞芳區,東和里,中山路20號,121.8879,25.1204,東和市民活動中心,東和里,95,"水災,土石流",周樹木,24972704,否,否,否,POINT (121.8879 25.1204),sea,176.6198909663632,53.5336832002783,mainland
5702,新北市瑞芳區,?新里,明里路7-1號,121.868114,25.120447,威遠廟,濂新里,82,土石流,黃瑞德,24961757,是,否,否,POINT (121.868114 25.120447),sea,175.4081761687136,52.18943663412679,mainland
5703,新北市瑞芳區,瑞濱里,瑞濱路34號,121.820317,25.120495,瑞濱國小,瑞濱里 深澳里 海濱里,877,"水災,震災,土石流,海嘯",王喬木,24978184,否,否,否,POINT (121.820317 25.120495),sea,172.55509723377625,48.9364006377776,mainland
5704,新北市瑞芳區,鼻頭里,瑞芳區鼻頭路99號,121.9194,25.1208,鼻頭國小,南雅里、鼻頭地區,251,"水災,震災,土石流,海嘯",李琇貞,24911571-13,是,是,否,POINT (121.9194 25.1208),sea,178.63100707603888,55.71537379388425,mainland
5705,基隆市安樂區,鶯歌里,基隆市安樂區安樂路二段一六四號九樓,121.7232,25.121,鶯歌里民活動中心,鶯歌里,127,"水災,震災,土石流,海嘯",何進守,02-24319835,是,否,是,POINT (121.7232 25.121),sea,167.16685645198942,42.36237594386003,mainland
5706,基隆市安樂區,鶯安里,基隆市安樂區安樂路二段一六四號二樓,121.7232,25.1211,安樂區公所二樓禮堂,鶯安里,76,"水災,震災,土石流,海嘯",駱文章,02-24312118,是,否,是,POINT (121.7232 25.1211),sea,167.17659294126685,42.37113775347288,mainland
5707,新北市瑞芳區,瑞濱里,瑞芳區建基路1段4之2號,121.8205,25.1212,瑞濱市民活動中心,深澳里 瑞濱里 海濱里,115,"水災,震災,土石流",胡長安,24976599,是,否,否,POINT (121.8205 25.1212),sea,172.632290636746,49.01064237123054,mainland
5708,基隆市安樂區,壯觀里,基隆市安樂區樂利二街62巷282號地下層,121.7155,25.1213,壯觀里民活動中心,壯觀里,30,"水災,震災,土石流,海嘯",楊添發,02-24342001,是,否,是,POINT (121.7155 25.1213),sea,166.7873877568089,41.86392633032772,mainland
5709,臺北市士林區,溪山里,溪山里至善路3段181巷5弄7號,121.5773,25.1214,普宜苑,溪山里,0,"水災,震災",釋照印師父,2841-3393,是,否,是,POINT (121.5773 25.1214),sea,160.06235601555392,32.45471634049823,mainland
5710,基隆市七堵區,瑪東里,大同街29-3號,121.6984,25.1219,瑪東里民活動中心,瑪東里,56,"水災,震災,土石流,海嘯",李文良,02-24565293,是,否,是,POINT (121.6984 25.1219),sea,165.95083463655763,40.75117650949224,mainland
5711,新北市瑞芳區,?洞里,瑞芳區凍頂路101巷80號,121.8598,25.1223,濂洞國小,濂洞里,228,"水災,震災,土石流,海嘯",王佩君,24961330-12,是,是,否,POINT (121.8598 25.1223),sea,175.07530482318202,51.78521541530886,mainland
5712,基隆市安樂區,七賢里,基隆市安樂區安和一街十號,121.7231,25.1228,七賢里民活動中心,七賢里,54,"水災,震災,土石流,海嘯",林慶寶,02-24323787,是,否,是,POINT (121.7231 25.1228),sea,167.33681477024135,42.513273776081824,mainland
5713,基隆市仁愛區,吉仁里,南新街29之6號,121.7442,25.1233,吉仁里民活動中心,吉仁里,40,"水災,震災,土石流,海嘯",范鴻軒,24301122 ext.319,是,否,是,POINT (121.7442 25.1233),sea,168.52112451004504,43.99499313505968,mainland
5714,基隆市信義區,,深澳坑路256-1號,121.7913,25.1236,孝岡里民活動中心,孝岡里,43,"水災,震災,土石流,海嘯",吳石金,02-24662675,是,否,是,POINT (121.7913 25.1236),sea,171.17310863757223,47.231021485415624,mainland
5715,臺北市士林區,新安里,新安路85號,121.553582,25.124093,新安里臨時聚會場所,新安里,45,土石流,何明欽里長,02-28623615,是,否,否,POINT (121.553582 25.124093),sea,159.302414962419,31.074351648054076,mainland
5716,基隆市仁愛區,獅球里,獅球路50號,121.7367,25.1241,獅球書院聯合里民活動中心,獅球、書院里,42,"震災,土石流,海嘯",林香垂許玉芬,24301122 ext.308,是,否,是,POINT (121.7367 25.1241),sea,168.19220562112832,43.55398205121086,mainland
5717,基隆市安樂區,五福里,基隆市安樂區樂利三街34巷52號,121.7136,25.1249,長樂國小餐廳旁空間,五福里,101,"水災,震災,土石流,海嘯",總務主任禹金華,02-24323252,是,否,是,POINT (121.7136 25.1249),sea,167.03877219187757,42.049871401000466,mainland
5718,基隆市仁愛區,光華里,光一路28號6樓,121.7367,25.1252,仁愛區公所,書院里,67,"水災,震災,土石流,海嘯",邱建慧,24301122 ext.205,是,否,是,POINT (121.7367 25.1252),sea,168.29891342349762,43.650361956952594,mainland
5719,基隆市仁愛區,光華里,光一路28號5樓,121.7367,25.1252,光華里民活動中心,光華里,70,"水災,震災,土石流",范鴻軒,24301122 ext.315,是,否,是,POINT (121.7367 25.1252),sea,168.29891342349762,43.650361956952594,mainland
5720,基隆市仁愛區,兆連里,獅球路25巷8號,121.7389,25.1253,兆連里民活動中心,兆連里,49,"震災,土石流",吳純菁,24301122 ext.308,是,否,是,POINT (121.7389 25.1253),sea,168.42739637392717,43.809048064385934,mainland
5721,基隆市仁愛區,林泉里,復興街60巷2號,121.7525,25.1254,林泉里民活動中心,林泉里,60,"水災,震災,土石流,海嘯",王偉鋕,02-24301122 ext.313,是,否,是,POINT (121.7525 25.1254),sea,169.1773067305716,44.744614624160675,mainland
5722,新北市八里區,下罟里,下罟子臨8-3號,121.3883,25.1257,長坑市民活動中心,下罟里、長坑里,100,"水災,震災,土石流",黃暐家,02-26102621117,是,否,否,POINT (121.3883 25.1257),sea,153.3350552841063,19.95161402292271,mainland
5723,新北市八里區,長坑里,長坑里25號,121.3905,25.1257,長坑國小,長坑里、下罟里,224,"水災,震災,土石流,海嘯",賴介仁,26102237113,是,是,否,POINT (121.3905 25.1257),sea,153.40387702903715,20.10153832074319,mainland
5724,新北市淡水區,福德里,自強路33號,121.464,25.1257,竹圍國小自強分校,福德里,207,"土石流,海嘯",陳碧雲,02-28093245,是,是,是,POINT (121.464 25.1257),sea,155.90567383289778,25.110372816104352,mainland
5725,基隆市安樂區,四維里,基隆市安樂區安和一街一二八之一號,121.7239,25.1258,四維里民活動中心,四維里,60,"水災,震災,土石流,海嘯",蔣加偉,02-24335805,是,否,是,POINT (121.7239 25.1258),sea,167.67162123880726,42.83064599094815,mainland
5726,基隆市仁愛區,福仁里,南榮路117巷31弄1號,121.7438,25.1258,福仁里民活動中心,福仁、誠仁里,34,"水災,震災,土石流,海嘯",吳聖惠,24301122 ext.319,是,否,是,POINT (121.7438 25.1258),sea,168.74132525756667,44.18677941214076,mainland
5727,基隆市安樂區,長樂里,基隆市安樂區樂利三街30巷123號,121.7116,25.1261,長樂國小活動中心,長樂里、六合里,212,"水災,震災,土石流,海嘯",總務主任禹金華,02-24323252,是,否,是,POINT (121.7116 25.1261),sea,167.05097186837938,42.01871830015507,mainland
5728,基隆市安樂區,三民里,基隆市安樂區麥金路439巷2號,121.719,25.1261,三民里民活動中心,三民里,89,"水災,震災,土石流,海嘯",許超勝,02-24345158,是,否,是,POINT (121.719 25.1261),sea,167.44092310247785,42.523009120095516,mainland
5729,基隆市仁愛區,和明里,仁二路137巷2弄1之3號,121.7459,25.1261,和明里民活動中心,和明里,74,"震災,土石流,海嘯",劉慈芬,24301122 ext.316,是,否,是,POINT (121.7459 25.1261),sea,168.8845218319906,44.35617439799053,mainland
5730,基隆市信義區,,東明路77巷68號,121.7617,25.1262,禮儀里民活動中心,禮儀里,15,"震災,土石流,海嘯",郭金德,02-24654871,是,否,是,POINT (121.7617 25.1262),sea,169.76082239118097,45.441665255585754,mainland
5731,臺北市北投區,,北投區中央北路4段581號,121.4668,25.1268,關渡國小,關渡里,110,"水災,震災",林莉珊,02-28912847#241,是,否,否,POINT (121.4668 25.1268),sea,156.12379771860543,25.39756546452705,mainland
5732,臺北市北投區,,北投區公?路220號,121.5076,25.1269,清江國小,清江里、大同里,30,"水災,震災",高美莉,02-28912764#300,是,否,否,POINT (121.5076 25.1269),sea,157.69507791865257,28.1867415246256,mainland
5733,基隆市信義區,,深澳坑路75號,121.7854,25.1269,孝深里民活動中心,孝深里,52,"水災,震災,土石流,海嘯",陳茂松,02-24651433,是,否,是,POINT (121.7854 25.1269),sea,171.15310141265294,47.118091494848834,mainland
5734,基隆市信義區,,東明路67巷7號,121.7624,25.127,禮東里民活動中心,禮東里,24,"水災,震災,土石流,海嘯",賴興泉,02-24659320,是,否,是,POINT (121.7624 25.127),sea,169.87652511739205,45.55946291815838,mainland
5735,基隆市信義區,,東信路35巷47號1樓,121.767,25.127,東明里民活動中心,東明里,27,"震災,土石流,海嘯",賴賢義,02-24651989,是,否,是,POINT (121.767 25.127),sea,170.13146380960774,45.872940995418844,mainland
5736,基隆市仁愛區,文安里,仁五路20號2樓,121.7411,25.1271,文安里民活動中心,文安、崇文里,20,"水災,震災,土石流",賴煒曾,24301122 ext.312,是,否,是,POINT (121.7411 25.1271),sea,168.72086243858521,44.11668493523814,mainland
5737,基隆市仁愛區,玉田里,愛四路2巷22之1號,121.7438,25.1271,玉田里民活動中心,玉田里,30,"水災,震災,土石流,海嘯",邱啟毓,02-24301122 ext.312,是,否,是,POINT (121.7438 25.1271),sea,168.86718788695987,44.300682937107894,mainland
5738,基隆市仁愛區,智仁里,延平街7號,121.7486,25.1272,智仁里民活動中心,智仁里,74,"震災,土石流",陳建任,24301122 ext.308,是,否,是,POINT (121.7486 25.1272),sea,169.13798874824028,44.63655230560171,mainland
5739,基隆市仁愛區,花崗里,劉銘傳路11巷24弄3號,121.7518,25.1272,花崗里活動中心,花崗里,26,"水災,震災,土石流",胡燿麟,24301122 ext.308,是,否,是,POINT (121.7518 25.1272),sea,169.312775090009,44.85462401152267,mainland
5740,基隆市仁愛區,忠勇里,仁三路3巷2弄1-1號,121.7445,25.1274,新忠勇里民活動中心,忠勇里,30,"水災,震災,土石流,海嘯",謝秉均,905721731,是,否,是,POINT (121.7445 25.1274),sea,168.93423310332952,44.37467155161751,mainland
5741,基隆市仁愛區,忠勇里,愛五路6巷32號,121.745,25.1274,忠勇里民活動中心,忠勇里,30,"震災,土石流,海嘯",謝秉均,24301122 ext.312,是,否,是,POINT (121.745 25.1274),sea,168.96138961005298,44.408745255667746,mainland
5742,基隆市信義區,,仁一路7巷61號,121.7544,25.1275,智慧里民活動中心,智慧里、智誠里,54,"震災,土石流",蔡美玉,02-24227999,是,否,是,POINT (121.7544 25.1275),sea,169.48415527951306,45.05809270142203,mainland
5743,基隆市仁愛區,明德里,自來街13巷5之2號,121.739,25.1276,明德里民活動中心,明德里,29,"震災,土石流",黃旭惠,24301122 ext.309,是,否,是,POINT (121.739 25.1276),sea,168.65582541365148,44.0173844262925,mainland
5744,基隆市仁愛區,和明里,仁二路139號,121.746,25.128,仁愛國小,智仁里和明里忠勇里,171,"水災,震災,土石流",陳建宏,02-24289131,是,否,是,POINT (121.746 25.128),sea,169.07380666442657,44.52946352144439,mainland
5745,基隆市仁愛區,博愛里,愛一路8號3樓之7,121.7408,25.1282,博愛里民活動中心,博愛里,53,"水災,震災,土石流",吳靜宜,24301122 ext.316,是,否,是,POINT (121.7408 25.1282),sea,168.81125383539995,44.19262061854916,mainland
5746,基隆市仁愛區,虹橋里,仁二路53號,121.7498,25.1282,虹橋水錦聯合里民活動中心,虹橋、水錦里,62,"水災,震災,土石流",邱啟毓、胡燿麟,24301122ext.311.308,是,否,是,POINT (121.7498 25.1282),sea,169.30011980172912,44.80594729145058,mainland
5747,基隆市仁愛區,朝棟里,成功一路133巷5號,121.7362,25.1283,朝棟里民活動中心,朝棟里,85,"震災,土石流",陳家麟,24301122 ext.310,是,否,是,POINT (121.7362 25.1283),sea,168.57283635547543,43.88790435090154,mainland
5748,新北市林口區,太平里,後坑路34之1號,121.3493,25.1284,瑞平國小,太平、瑞平、下福里、嘉寶里,219,"水災,震災,土石流",黃信源,26052779#13,是,否,是,POINT (121.3493 25.1284),sea,152.46475498635724,17.530433966564292,mainland
5749,基隆市信義區,,信一路6號4樓,121.7553,25.1285,義民里民活動中心,義民里,71,"水災,震災,土石流",連轉旺,02-24235023,是,否,是,POINT (121.7553 25.1285),sea,169.63002204545057,45.20704346484084,mainland
5750,基隆市七堵區,瑪西里,大華三路75之1號,121.6774,25.1286,瑪西里民活動中心,瑪西里,73,"水災,震災,土石流,海嘯",林飛龍,02-24564665,是,否,是,POINT (121.6774 25.1286),sea,165.5370178513556,39.90712218345157,mainland
5751,基隆市信義區,,東信路10-2號,121.7681,25.1286,東安里民活動中心,東安里,78,"震災,土石流,海嘯",林睿騰,02-24655474,是,否,是,POINT (121.7681 25.1286),sea,170.34632892425364,46.08809209813558,mainland
5752,基隆市仁愛區,新店里,孝一路100之1號2樓旁通道,121.7406,25.1287,新店里民活動中心,新店里,34,"水災,震災,土石流",吳靜宜,24301122 ext.316,是,否,是,POINT (121.7406 25.1287),sea,168.8489170473117,44.22280018499393,mainland
5753,基隆市信義區,,信一路6號3樓,121.7575,25.1287,義和里民活動中心,義和里,71,"水災,震災,土石流,海嘯",蔡麗月,02-24654065,是,否,是,POINT (121.7575 25.1287),sea,169.77013433092347,45.37449138188605,mainland
5754,基隆市仁愛區,同風里,孝二路39號七樓12室（忠孝大樓）,121.7394,25.1289,同風里民活動中心,同風里,13,"水災,震災,土石流,海嘯",黃麗梅,24301122 ext.307,是,否,是,POINT (121.7394 25.1289),sea,168.8035057395731,44.15854691449995,mainland
5755,臺北市士林區,,士林區平等里平菁街101號,121.5763,25.1291,平等國小,平等里,20,"水災,震災",李公元,02-28610503#12,是,否,否,POINT (121.5763 25.1291),sea,160.8017467209236,33.06122827259024,mainland
5756,基隆市信義區,,信二路40-1號,121.7569,25.1293,市立體育館,轄內各里,817,"震災,土石流",王漢興,02-24275518 ext.22,是,否,是,POINT (121.7569 25.1293),sea,169.79503139992062,45.38617379470399,mainland
5757,基隆市信義區,,信二路157號,121.7526,25.1294,義昭里民活動中心,義昭里,118,"震災,土石流",龔信謀,02-24249039,是,否,是,POINT (121.7526 25.1294),sea,169.5690263860709,45.10190174948614,mainland
5758,基隆市中山區,新建里,成功二路2之1號,121.7373,25.1295,新建里民活動中心,新建里,20,"水災,震災,土石流,海嘯",高瑞堂,02-24260823,是,否,是,POINT (121.7373 25.1295),sea,168.74853408056637,44.068008215166856,mainland
5759,基隆市信義區,,信二路179號,121.7513,25.1295,基隆市信義區公所,轄內各里,117,"水災,震災,海嘯",吳明政,02-24282101#204,是,否,是,POINT (121.7513 25.1295),sea,169.50764679724625,45.02207192856876,mainland
5760,新北市瑞芳區,深澳里,深澳路67 之1號,121.817974,25.129623,深澳里市民活動中心,深澳里,113,"水災,土石流",賴信秀,24972250-1202,是,否,否,POINT (121.817974 25.129623),sea,173.28016514369,49.57650924206267,mainland
5761,基隆市仁愛區,仁德里,孝一路82之1號2樓旁通道,121.7412,25.1297,仁德里民活動中心,仁德里,36,"震災,土石流",黃麗梅,24301122 ext.307,是,否,是,POINT (121.7412 25.1297),sea,168.97829827859576,44.35130672598328,mainland
5762,基隆市信義區,,東信路258巷54號,121.7627,25.1298,東信里民活動中心,東信里,36,"震災,土石流,海嘯",賴姵綺,224684012,是,否,是,POINT (121.7627 25.1298),sea,170.16264991157686,45.82523780974875,mainland
5763,基隆市安樂區,永康里,基隆市安樂區安一路177巷23號,121.7302,25.1302,安樂國小活動中心,永康里、嘉仁里,274,"水災,震災,土石流,海嘯",總務主任李狀翔,（02）24220814#30、31,是,否,是,POINT (121.7302 25.1302),sea,168.43583730809743,43.64549428494518,mainland
5764,基隆市信義區,,東峰街154號,121.7767,25.1305,孝德里民活動中心,孝德里,57,"水災,震災,土石流,海嘯",朱志偉,022466-7566,是,否,是,POINT (121.7767 25.1305),sea,171.00821318854872,46.84063419044192,mainland
5765,基隆市仁愛區,文昌里,孝四路10之1號（陸橋下）,121.7385,25.1307,文昌里民活動中心,文昌里,36,"震災,土石流",黃旭惠,24301122 ext.309,是,否,是,POINT (121.7385 25.1307),sea,168.92962837092858,44.254926820241444,mainland
5766,基隆市信義區,,信二路246巷32號,121.7508,25.1307,仁義里民活動中心,仁義里,37,"水災,震災,土石流",王柏力,02-24287750,是,否,是,POINT (121.7508 25.1307),sea,169.59634496276732,45.093139939873105,mainland
5767,基隆市中山區,安民里,安一路94號,121.7361,25.1309,安民里民活動中心,安民里,50,"水災,震災,土石流,海嘯",羅聰德,02-24248836,是,否,是,POINT (121.7361 25.1309),sea,168.8199441547706,44.1088966600262,mainland
5768,臺北市士林區,,士林區仰德大道4段75號,121.5468,25.1311,格致國中,陽明里菁山里,47,"水災,震災",高毓璇,02-28610079#107,是,否,否,POINT (121.5468 25.1311),sea,159.73271988371712,31.22611592589318,mainland
5769,基隆市中山區,西華里,西定路102號,121.7354,25.1317,西華里民活動中心,西華里,20,"水災,震災,土石流,海嘯",陳麗環,02-24263535,是,否,是,POINT (121.7354 25.1317),sea,168.86008117388167,44.1312879512593,mainland
5770,基隆市安樂區,安和里,基隆市安樂區安一路一七七巷廿三之1號,121.7319,25.1318,安和及慈仁里民活動中心,安和里、慈仁里、樂一里,140,"水災,震災,土石流,海嘯",童意鵬,02-24224479,是,否,是,POINT (121.7319 25.1318),sea,168.68234525536408,43.90153383252145,mainland
5771,基隆市中山區,安平里,中山一路91號,121.7377,25.1319,安平里民活動中心,安平里,25,"水災,震災,土石流,海嘯",楊榮豐,02-24235071,是,否,是,POINT (121.7377 25.1319),sea,169.00306448967163,44.30555060911605,mainland
5772,新北市八里區,龍源里,龍源里龍米路1段223號,121.4511,25.132,龍米市民活動中心,龍源里,125,"水災,震災,土石流",徐玉蘭,02-26181246,是,否,否,POINT (121.4511 25.132),sea,156.10070179986374,24.78326525722375,mainland
5773,基隆市信義區,,正信路26號,121.7605,25.1321,東信國小,信綠里,160,"水災,震災,土石流,海嘯",王信傑,02-24652133 ext.30,是,否,是,POINT (121.7605 25.1321),sea,170.26295246429825,45.8768351330246,mainland
5774,基隆市安樂區,干城里,基隆市安樂區安一路278巷31之1號,121.7296,25.1324,干城里民活動中心,干城里,200,"水災,震災,土石流,海嘯",俞秀真,02-24237172,是,否,是,POINT (121.7296 25.1324),sea,168.61794845247076,43.797365651569145,mainland
5775,臺北市北投區,,臺北市新市街30號6樓,121.5024,25.1325,北投區區民活動中心,清江、八仙、溫泉、奇岩,90,"水災,震災",尤湘禎,2891-2105#221,是,否,否,POINT (121.5024 25.1325),sea,158.071249521252,28.323036340825873,mainland
5776,基隆市中山區,西榮里,西定路80巷48號,121.7363,25.1332,西榮里民活動中心,西榮里,50,"水災,震災,海嘯",許美玉,02-24282233,是,否,是,POINT (121.7363 25.1332),sea,169.05412712362255,44.32404776274271,mainland
5777,基隆市安樂區,定國里,基隆市安樂區安一路360號,121.7333,25.1336,安樂高中活動中心,定國里,175,"水災,震災,土石流,海嘯",王培倫,224236600,是,否,是,POINT (121.7333 25.1336),sea,168.9322945142521,44.15465277689397,mainland
5778,臺北市北投區,,臺北市北投區中央北路1段173號,121.5003,25.1342,北投國小,大同里、中央里、中庸里、中和里、文化里、豐年里、桃源里、一德里、長安里、關渡里、智仁里,195,"水災,震災",沈俊志,02-28912052#131,是,否,否,POINT (121.5003 25.1342),sea,158.16583658720336,28.32887754723452,mainland
5779,臺北市北投區,,北投區溫泉路62號,121.5042,25.1345,北投國中,溫泉里,30,"水災,震災",張淑美,02-28912091#400,是,否,否,POINT (121.5042 25.1345),sea,158.3495005129158,28.620937867663798,mainland
5780,基隆市中山區,中山里,中山一路219號二樓,121.7394,25.1345,中山里民活動中心,中山里,40,"水災,震災,土石流,海嘯",張金發,02-24242334,是,否,是,POINT (121.7394 25.1345),sea,169.346956742098,44.64920825282087,mainland
5781,基隆市中山區,民治里,中山一路219號一樓,121.7395,25.1345,民治里民活動中心,民治里,40,"水災,震災,土石流,海嘯",施財濃,02-24234213,是,否,是,POINT (121.7395 25.1345),sea,169.35233659592677,44.65602299363111,mainland
5782,基隆市信義區,,崇法街133號地下室,121.7683,25.1345,東光里民活動中心,東光里,107,"水災,震災,土石流,海嘯",黃元良,02-24650489,是,否,是,POINT (121.7683 25.1345),sea,170.9246878012064,46.6186683469149,mainland
5783,臺北市北投區,,北投區中央北路4段48號,121.4773,25.1347,桃源國中,桃源里、一德里,55,"水災,震災",鄒優楊,02-28929633#241,是,否,否,POINT (121.4773 25.1347),sea,157.33988178773978,26.80529620899548,mainland
5784,基隆市中正區,港通里,義一路87號7樓之1,121.7467,25.1347,港通及正義里民活動中心,港通里、正義里,26,"水災,震災,土石流",簡進發或駱錫賢,02-24201335/24224901,是,否,是,POINT (121.7467 25.1347),sea,169.76051937532475,45.16420795117777,mainland
5785,新北市八里區,龍源里,龍米路一段263號,121.4496,25.1348,私立聖心女中,龍源里、米倉里,902,"水災,震災,土石流,海嘯",陳瑞璋,26182287115,是,是,否,POINT (121.4496 25.1348),sea,156.3418824729956,24.926374814234297,mainland
5786,基隆市中正區,信義里,信六路21號2樓,121.7477,25.135,信義里民活動中心,信義里、義重里、德義里,61,"水災,震災,土石流",江添丁,02-24256399,是,否,是,POINT (121.7477 25.135),sea,169.84379427312007,45.25864078811617,mainland
5787,新北市林口區,太平里,汕頭32號,121.366375,25.135255,太平市民活動中心,太平里、瑞平里,82,"水災,震災,土石流,海嘯",黃德源,2603-3111#608,是,是,否,POINT (121.366375 25.135255),sea,153.69137744897628,19.29467300883771,mainland
5788,基隆市中正區,新豐里,新豐街482號3樓,121.7852,25.1356,新豐里民活動中心,新豐里,23,"水災,震災,土石流,海嘯",王慧童,02-24693885,是,否,是,POINT (121.7852 25.1356),sea,171.97358638581696,47.866739449549726,mainland
5789,基隆市中正區,中船里,中船路36巷4號,121.7511,25.1357,中正國小活動中心,中船里、入船里、正船里,270,"震災,土石流,海嘯",總務主任劉仕容,02-24223064#30,是,否,是,POINT (121.7511 25.1357),sea,170.09625295608325,45.551674642946644,mainland
5790,基隆市安樂區,興寮里,基隆市安樂區基金一路41號,121.7203,25.136,興寮里民活動中心,興寮里,74,"水災,震災,土石流,海嘯",連淑慧,022433-6691,是,否,是,POINT (121.7203 25.136),sea,168.47621136792534,43.47901990230046,mainland
5791,基隆市安樂區,西川里,基隆市安樂區新西街一號,121.7322,25.1365,西川里民活動中心,西川里,70,"水災,震災,土石流,海嘯",王忠誠,02-24247319,是,否,是,POINT (121.7322 25.1365),sea,169.1557363434363,44.333783106757686,mainland
5792,臺北市北投區,,北投區文化3路1號,121.4967,25.1371,文化國小,文化里、豐年里,30,"水災,震災",蔡雅芬,02-28933828#131,是,否,否,POINT (121.4967 25.1371),sea,158.32768956597587,28.337639356847987,mainland
5793,基隆市中山區,西定里,西定路230號三樓,121.7323,25.1371,西定里民活動中心,西定里,100,"水災,震災,土石流,海嘯",陳文宗,02-24270156,是,否,是,POINT (121.7323 25.1371),sea,169.21947997704012,44.39316870524409,mainland
5794,基隆市中山區,中興里,中山二路11號,121.7407,25.1371,中興里民活動中心,中興里,40,"水災,震災,土石流,海嘯",李進發,02-24279141,是,否,是,POINT (121.7407 25.1371),sea,169.66933311856937,44.96560693328601,mainland
5795,基隆市中正區,,中船路11號2樓,121.7503,25.1374,三砂灣聯合里民活動中心,入船里正船里,40,"水災,土石流",江惠卿,02-24271535,是,否,否,POINT (121.7503 25.1374),sea,170.21729119231654,45.646107479885515,mainland
5796,基隆市安樂區,外寮里,基隆市安樂區基金一路129巷6-1號,121.7111,25.1375,外寮里民活動中心,外寮里,70,"水災,震災,土石流,海嘯",吳芊汝,02-24335651,是,否,是,POINT (121.7111 25.1375),sea,168.1409834533508,42.98349089197268,mainland
5797,新北市淡水區,民生里,民生路27號,121.4613,25.138,民生活動中心,竹圍里、福德里、民權里、民生里、坪頂里,72,"水災,震災,土石流",蘇惠珊,02-26221020#7710,是,否,是,POINT (121.4613 25.138),sea,157.09702945151435,26.004077396617827,mainland
5798,臺北市北投區,,中央北路二段70號,121.4929,25.1381,復興崗營區,文化里、豐年里平時於禮堂中正堂收容200人，且寒暑假開放學生宿舍百韜樓共可收容511人,200,"水災,震災",李裕欽少校,02-28925125,是,否,否,POINT (121.4929 25.1381),sea,158.28545589668084,28.1662973021964,mainland
5799,基隆市中正區,中正里,台北市北投區中央北路二段70號,121.492879,25.138105,復興崗營區,基隆市七堵區瑪東里、瑪西里、友二里,361,,李裕欽少校,23116117分機604380,是,否,否,POINT (121.492879 25.138105),sea,158.28517098763476,28.16530429710651,mainland
5800,臺北市北投區,,臺北市北投區新民路2號,121.5052,25.1383,逸仙國小,稻香里、大屯里、中心里,164,"水災,震災,土石流",林功寅,02-28914537#34,是,否,是,POINT (121.5052 25.1383),sea,158.7833149028261,29.022034041053775,mainland
5801,臺北市北投區,,臺北市北投區新民路10號,121.5065,25.1389,新民國中,林泉里、秀山里、開明里,207,"水災,震災,土石流",吳佳鴻,02-28979001#500,是,否,否,POINT (121.5065 25.1389),sea,158.89662445332183,29.16319652926115,mainland
5802,臺北市北投區,吉利里,石牌路一段39巷100號,121.5065,25.1389,臺北市北投運動中心,吉利里、吉慶里、尊賢里,384,震災,田佳泓,2570-2330轉6428,是,否,否,POINT (121.5065 25.1389),sea,158.89662445332183,29.16319652926115,mainland
5803,臺北市北投區,中心里,臺北市北投區中和街200號,121.5024,25.139,復興公園,全區,3623,震災,楊進興,28832130#111,否,是,是,POINT (121.5024 25.139),sea,158.74656219887058,28.892553965662806,mainland
5804,基隆市中正區,砂子里,調和街3號3樓,121.7965,25.1391,砂子里民活動中心,砂子里,72,"水災,土石流",黃余葉,02-24691248,是,否,是,POINT (121.7965 25.1391),sea,172.946444485742,48.94346849753152,mainland
5805,臺北市北投區,,北投區中央北路3段40巷45號,121.4845,25.1396,桃源國小,桃源里、稻香里,30,"水災,震災",潘同泰,02-28941208#108,是,否,是,POINT (121.4845 25.1396),sea,158.12215556211595,27.72528621834765,mainland
5806,新北市八里區,荖阡里,荖阡坑路15號,121.4013,25.1399,八里國中,荖阡里、訊塘里、舊城里,2360,"水災,震災,土石流,海嘯",林真真,26102016101,是,是,否,POINT (121.4013 25.1399),sea,155.25617655249684,22.081707293253878,mainland
5807,基隆市安樂區,新西里,基隆市安樂區新西街106-1號,121.7271,25.14,新西里民活動中心,新西里,74,"水災,震災,土石流,海嘯",陳漢昭,02-24223094,是,否,是,POINT (121.7271 25.14),sea,169.22584024199693,44.29289466189662,mainland
5808,基隆市中正區,新豐里,新豐街100號,121.7885,25.1401,八斗高中活動中心,新豐里、新富里,84,"水災,震災,土石流,海嘯",施麗玲,02-24692366#31,是,否,是,POINT (121.7885 25.1401),sea,172.58983980368015,48.485907328859454,mainland
5809,基隆市中山區,仁正里,中山二路105巷144號,121.735,25.1405,中山高中分部活動中心,仁正里,200,"水災,震災,海嘯",王美娥,02-24242802#32,是,否,是,POINT (121.735 25.1405),sea,169.69446969553823,44.87506823395257,mainland
5810,基隆市中山區,仁正里,中山二路109巷13號,121.7387,25.1407,仁正里民活動中心,仁正里,50,"水災,震災,海嘯",陳炳楠,02-24251521,是,否,是,POINT (121.7387 25.1407),sea,169.91174959896045,45.144737263148514,mainland
5811,基隆市中正區,中砂里,豐稔街50號,121.7608,25.1408,中砂里民活動中心,中砂里,22,"震災,土石流",廖正龍,02-24628991,是,否,是,POINT (121.7608 25.1408),sea,171.1187059642516,46.659556791775415,mainland
5812,基隆市中正區,碧砂里,環港街84號2樓,121.7926,25.141,碧砂里民活動中心,碧砂里,60,"水災,土石流",黃志強,02-24692155,是,否,是,POINT (121.7926 25.141),sea,172.9070682735665,48.844167988585404,mainland
5813,基隆市中山區,西康里,復興路24號,121.727,25.1416,西康里民活動中心,西康里,30,"水災,震災,土石流,海嘯",張繼志,02-24227490,是,否,是,POINT (121.727 25.1416),sea,169.37667312460727,44.42626887489336,mainland
5814,基隆市中山區,中和里,中平街95號,121.7225,25.1418,中和里民活動中心,中和里,70,"水災,震災,海嘯",陳恭訊,02-24281890,是,否,是,POINT (121.7225 25.1418),sea,169.15881008770992,44.13712915766788,mainland
5815,臺北市北投區,,北投區珠海路155號,121.5093,25.142,義方國小,開明里,120,"水災,震災",魏早成,28917433#131,是,否,否,POINT (121.5093 25.142),sea,159.32852345794808,29.625625369940323,mainland
5816,基隆市中正區,正砂里,中正路211號,121.7604,25.142,正砂里民活動中心,真砂里、正砂里,60,"震災,土石流",俞明發,02-24620698,是,否,是,POINT (121.7604 25.142),sea,171.21267529993227,46.73743954389001,mainland
5817,基隆市中正區,砂灣里,祥豐街66號3樓,121.7639,25.142,砂灣里民活動中心,砂灣里,58,"水災,震災,土石流",簡曉東,02-24626870,是,否,是,POINT (121.7639 25.142),sea,171.40453125401933,46.97595547224073,mainland
5818,基隆市中山區,健民里,健民街5號,121.7376,25.1423,健民里民活動中心,健民里,50,"水災,震災,海嘯",劉健鑑,02-24220926,是,否,是,POINT (121.7376 25.1423),sea,170.00848743239246,45.20996406804477,mainland
5819,基隆市中山區,和平里,中山三路103巷82之2號,121.7444,25.1427,和平里民活動中心,和平里,20,"水災,震災,海嘯",張和妹,02-24246436,是,否,是,POINT (121.7444 25.1427),sea,170.41210245358164,45.70841368157747,mainland
5820,基隆市安樂區,中崙里,基隆市安樂區基金二路三巷三號,121.7023,25.143,中崙里民活動中心,中崙里、武崙里、新崙里,131,"水災,震災,土石流,海嘯",李源林,02-24310558,是,否,是,POINT (121.7023 25.143),sea,168.22540868456792,42.86569322939914,mainland
5821,基隆市中正區,八斗里,八斗街57號,121.7967,25.1432,八斗里民活動中心,八斗里、長潭里,41,"水災,土石流",范玉蘭,02-24691302,是,否,是,POINT (121.7967 25.1432),sea,173.34906391074054,49.31633217328007,mainland
5822,臺北市北投區,,北投區復興四路70號,121.5018,25.1437,復興高中,大屯里,300,"水災,震災",趙乃興,02-28914131,是,否,否,POINT (121.5018 25.1437),sea,159.21180556268428,29.2634705726085,mainland
5823,基隆市中山區,居仁里,通仁街162號,121.7341,25.1438,居仁里民活動中心,居仁里,55,"水災,震災,海嘯",鄭淑華,02-24222301,是,否,是,POINT (121.7341 25.1438),sea,169.96783254854404,45.10287528388722,mainland
5824,基隆市中正區,長潭里,北寧路369巷,121.803422,25.144127,八斗子環保公園,長潭里、八斗里、砂子里、新豐里、新富里,500,"震災,土石流",黃旭鴻專員,02-24696000 ext.1014,否,否,否,POINT (121.803422 25.144127),sea,173.81920598013997,49.85564102564051,mainland
5825,基隆市中山區,通化里,復旦路10號,121.7393,25.1455,通化里民活動中心,通化里,90,"水災,震災,海嘯",徐麗玲,02-24282050,是,否,是,POINT (121.7393 25.1455),sea,170.41065967696952,45.60619256942706,mainland
5826,基隆市中山區,居仁里,通仁街28號,121.735939,25.14597,中山國小,居仁里,86,"水災,震災,土石流,海嘯",王雁音,02-24223053,是,否,是,POINT (121.735939 25.14597),sea,170.2770916410757,45.41832963598308,mainland
5827,新北市淡水區,八勢里,竹林路35號,121.4617,25.146,竹圍高中,八勢里、竹圍里、民生里、民權里、福德里,612,"土石流,海嘯",陳麗晶,02-28091557#131,是,是,是,POINT (121.4617 25.146),sea,157.9512016025517,26.73228112888792,mainland
5828,基隆市中正區,建國里,祥豐街467號2樓,121.7696,25.146,建國里民活動中心,建國里,54,"水災,震災,土石流,海嘯",陳?信,02-24620798,是,否,是,POINT (121.7696 25.146),sea,172.10370702387542,47.714868082926166,mainland
5829,基隆市中山區,中和里,中和路64號,121.7204,25.1462,中和國小,中和里,50,"水災,震災,土石流,海嘯",楊文正,02-24371751,是,否,是,POINT (121.7204 25.1462),sea,169.47888429712992,44.379539223624285,mainland
5830,基隆市中山區,德和里,復興路206號,121.7268,25.1464,德和里民活動中心,德和里,50,"水災,震災,土石流,海嘯",曾聖為,02-24373167,是,否,是,POINT (121.7268 25.1464),sea,169.8347591490032,44.83320625469094,mainland
5831,新北市八里區,米倉里,龍米路2段129巷1號,121.4454,25.1468,米倉國小,米倉里,688,"水災,震災,土石流,海嘯",林愛玲校長,26182202201,是,是,是,POINT (121.4454 25.1468),sea,157.45777052721155,25.691572853759137,mainland
5832,基隆市中山區,仙洞里,仁安街141號,121.747111,25.147188,仙洞國小,仙洞里,76,震災,陳建宏,02-24223031,是,否,是,POINT (121.747111 25.147188),sea,170.9937023621236,46.28639132036314,mainland
5833,新北市淡水區,八勢里,中正東路2段145號,121.4602,25.1475,竹圍國小,八勢里、竹圍里、民生里、民權里,580,"水災,震災,土石流,海嘯",黃博亭,02-28091475#215,是,是,是,POINT (121.4602 25.1475),sea,158.0548130019773,26.76148716093134,mainland
5834,基隆市中山區,仙洞里,太白街2之3號,121.7464,25.1477,仙洞里民活動中心,仙洞里,60,"水災,震災,海嘯",何銘松,02-24264626,是,否,是,POINT (121.7464 25.1477),sea,171.0051550341389,46.28279897842124,mainland
5835,基隆市中山區,通明里,中華路42號,121.7382,25.1479,通明里休閒活動中心,通明里,60,"水災,震災,土石流,海嘯",林寶?,02-24238842,是,否,是,POINT (121.7382 25.1479),sea,170.58550097136066,45.74151385122649,mainland
5836,基隆市中正區,海濱里,祥豐街246號,121.7715,25.148,基隆海事活動中心,海濱里,148,"土石流,海嘯",總務主任楊孟山,02-24621602,是,否,是,POINT (121.7715 25.148),sea,172.4011267835858,48.019584350574334,mainland
5837,基隆市中山區,通明里,中華路46巷2號,121.7382,25.1483,通明里民活動中心,通明里,60,"水災,震災,土石流,海嘯",林寶?,02-24238842,是,否,是,POINT (121.7382 25.1483),sea,170.62444459610722,45.77656108967791,mainland
5838,基隆市中正區,中濱里,武昌街70巷23號,121.7642,25.1485,中濱里民活動中心,中濱里,40,"水災,震災,土石流,海嘯",黃凱義,02-24620181,是,否,是,POINT (121.7642 25.1485),sea,172.04834895659408,47.565917319507435,mainland
5839,新北市八里區,舊城里,中山路2段251號1樓,121.4029,25.1487,文化活動中心,舊城里、訊塘里、荖阡里、長坑里、下罟里,50,"水災,震災,土石流",鄭鳳英,02-86303264,是,否,否,POINT (121.4029 25.1487),sea,156.2429036855756,22.961782392147143,mainland
5840,臺北市北投區,,臺北市北投區東昇路34號,121.5243,25.1492,泉源國小,泉源里、湖田里,30,"水災,震災",劉得劦,28951258#141,是,否,否,POINT (121.5243 25.1492),sea,160.67153684685397,31.278686783569945,mainland
5841,新北市八里區,舊城里,中山路二段338號,121.403,25.1495,八里國小,舊城里、訊塘里、荖阡里,1243,"水災,震災,土石流",蔡國臣,2.61E+11,是,是,否,POINT (121.403 25.1495),sea,156.33116618016393,23.03869160986024,mainland
5842,基隆市中正區,中正里,中正路656巷146號,121.7672,25.1495,中正里民活動中心,中正里,60,"震災,土石流,海嘯",梁火龍,02-24621889,是,否,是,POINT (121.7672 25.1495),sea,172.3092614309806,47.85797763993678,mainland
5843,基隆市中山區,德安里,復興路259巷1之1號,121.7264,25.1499,德安里民活動中心,德安里,45,"水災,震災,海嘯",謝銘傳,02-24374723,是,否,是,POINT (121.7264 25.1499),sea,170.15568564514646,45.112610627901546,mainland
5844,臺北市北投區,,臺北市北投區湖底路11號,121.5355,25.15,湖山國小,湖山里、永和里,20,"水災,震災",陳立偉,28610148#130,是,否,否,POINT (121.5355 25.15),sea,161.2085467345014,32.11203223119471,mainland
5845,基隆市中正區,海濱里,北寧路2號,121.776731,25.150069,國立臺灣海洋大學,海濱里,629,震災,吳晴香,02-24622192#1143,是,否,否,POINT (121.776731 25.150069),sea,172.8893095687933,48.55734528323623,mainland
5846,基隆市中山區,和慶里,中和路168巷10弄37號,121.7153,25.151,大慶活動中心,和慶里,120,"水災,震災,土石流,海嘯",葉錦地,02-24377878,是,否,是,POINT (121.7153 25.151),sea,169.68320943419818,44.452554303731624,mainland
5847,基隆市中正區,正濱里,中正路674號7樓,121.7678,25.1515,中正區公所,正濱、海濱,25,"水災,震災,土石流,海嘯",李吉清,02-24633341#101,是,否,是,POINT (121.7678 25.1515),sea,172.53517687094947,48.07410227705375,mainland
5848,基隆市中山區,太白里,光華路7號2樓,121.743,25.1518,太白里民活動中心,太白里,40,"水災,震災,海嘯",陳貴文,02-24264512,是,否,是,POINT (121.743 25.1518),sea,171.22131353613645,46.41033198500883,mainland
5849,基隆市中山區,文化里,文化路168號五樓,121.7295,25.1526,基隆市中山區公所,文化里,50,"水災,震災,土石流,海嘯",鄭錦濃,02-24232181#101,是,否,是,POINT (121.7295 25.1526),sea,170.5827331830804,45.560436452560026,mainland
5850,基隆市中山區,文化里,文化路161巷44之5號,121.7317,25.1535,文化里民活動中心,文化里,60,"水災,震災,海嘯",梁高淑榛,02-24239180,是,否,是,POINT (121.7317 25.1535),sea,170.78666257041291,45.78921703689653,mainland
5851,基隆市中山區,文化里,文化路162號,121.7307,25.1542,中山高中活動中心,協和里,160,"水災,震災,土石流,海嘯",郭偉志,02-24248191,是,否,是,POINT (121.7307 25.1542),sea,170.80228037625827,45.78240229608604,mainland
5852,基隆市中正區,社寮里,和一路155巷14號,121.7643,25.1546,和平島聯合里民活動中心,社寮里、和憲里,55,"水災,震災,土石流",范詠翔,02-24628668,是,否,是,POINT (121.7643 25.1546),sea,172.64320868093836,48.107202446703184,mainland
5853,臺北市北投區,,北投區復興三路312號,121.5043,25.1547,大屯國小,大屯里,20,"水災,震災",黃騏堯,02-28914353#13,是,否,否,POINT (121.5043 25.1547),sea,160.4528163547774,30.397638150275167,mainland
5854,基隆市中正區,平寮里,和一路186號,121.7638,25.1551,平寮里民活動中心,平寮里、和憲里,21,"水災,震災,土石流",蔡淑貞,02-24631305,是,否,是,POINT (121.7638 25.1551),sea,172.66428915803658,48.116937790717536,mainland
5855,基隆市中正區,社寮里,和一路84巷26號,121.766067,25.15565,和平國小活動中心,社寮里、和憲里,100,"水災,震災,土石流,海嘯",莊校長士杰,02-24622106,是,否,否,POINT (121.766067 25.15565),sea,172.8411353820485,48.319617917751685,mainland
5856,基隆市安樂區,內寮里,基隆市安樂區武聖街九號,121.6965,25.1569,內寮里民活動中心,內寮里,127,"水災,震災,土石流,海嘯",陳玉慧,02-24327738,是,否,是,POINT (121.6965 25.1569),sea,169.29919481515554,43.68832979860857,mainland
5857,基隆市中山區,協和里,協和路150號,121.7345,25.1573,協和里民活動中心,協和里,50,"水災,震災,土石流",張中信,02-24276688,是,否,是,POINT (121.7345 25.1573),sea,171.30553221171783,46.3129785448657,mainland
5858,新北市淡水區,坪頂里,小坪頂18號,121.4839,25.1583,坪頂國小,坪頂里、樹興里,395,"水災,震災,土石流",吳龍財,02-86263105#12,是,是,是,POINT (121.4839 25.1583),sea,160.05330527702344,29.322856171096095,mainland
5859,新北市八里區,大崁里,中山路1段21號,121.4221,25.1589,大崁老人活動中心,大崁里、埤頭里、頂罟里,100,"水災,震災,土石流",林淑芳,26102621#231,是,否,否,POINT (121.4221 25.1589),sea,157.94709575050737,25.163917208183257,mainland
5860,新北市八里區,米倉里,渡船頭街11巷8號,121.4344,25.1589,渡船頭市民活動中心,米倉里、龍源里,50,"水災,震災,土石流",陳守延,02-86301527,是,否,否,POINT (121.4344 25.1589),sea,158.35746327524294,26.002130327814914,mainland
5861,新北市八里區,大崁里,中山路1段95號,121.4152,25.1591,大埤頂市民活動中心,大崁里、埤頭里、頂罟里,70,"水災,震災,土石流",黃淑慧,02-86305857,是,否,否,POINT (121.4152 25.1591),sea,157.74282796960983,24.71122371151778,mainland
5862,新北市萬里區,崁?里,崁腳里崁腳路59號,121.6486,25.1599,崁腳國小,雙興、溪底、崁腳及中幅4里,251,"震災,土石流,海嘯",曾怡琄,02-24922064#332,是,是,否,POINT (121.6486 25.1599),sea,167.23873008478037,40.68692323899754,mainland
5863,新北市八里區,大崁里,忠八街2號,121.4194,25.1603,大崁國小,大崁里、埤頭里、頂罟里,1193,"水災,震災,土石流,海嘯",黃家業,86305678,是,是,否,POINT (121.4194 25.1603),sea,158.00694825370786,25.102584540892842,mainland
5864,新北市萬里區,崁?里,崁腳里崁腳路55-1號,121.6497,25.1605,崁腳活動中心,雙興、溪底、崁腳及中幅四里,30,"震災,土石流,海嘯",曾怡琄,02-24922064#332,是,否,是,POINT (121.6497 25.1605),sea,167.35142562625472,40.81445624558443,mainland
5865,新北市淡水區,竿蓁里,中正東路一段3巷6號,121.451437,25.163513,竿蓁活動中心,八勢里、坪頂里、竿蓁里,193,"水災,震災,土石流,海嘯",蘇惠珊,02-26221020,是,否,是,POINT (121.451437 25.163513),sea,159.42950773895714,27.56733999705935,mainland
5866,新北市淡水區,樹興里,興福寮1-6號,121.48835,25.163997,興音寺,樹興里,150,"水災,震災,土石流,海嘯",惟宏師父,02-86260140,是,否,否,POINT (121.48835 25.163997),sea,160.8149650000561,30.125272430786634,mainland
5867,新北市萬里區,雙興里,萬里區雙興里大坪路19號,121.6364,25.1642,大坪國小,萬里、北基、龜吼、崁腳、溪底、雙興6里,240,"震災,土石流,海嘯",曾怡琄,02-24922064#332,是,是,否,POINT (121.6364 25.1642),sea,167.0926693742126,40.23228267352893,mainland
5868,新北市淡水區,樹興里,興福寮6之1號,121.492159,25.165487,真聖宮,樹興里,50,"水災,震災,土石流,海嘯",洪沂瑩,02-26221020,是,否,否,POINT (121.492159 25.165487),sea,161.1135549534315,30.51539687147231,mainland
5869,臺北市北投區,,北投區竹子湖路17-2號,121.5387,25.1684,湖田國小,湖田里,20,"水災,震災",張正宇,28616963#10,是,否,否,POINT (121.5387 25.1684),sea,163.23855830118688,33.942276905885066,mainland
5870,新北市淡水區,樹興里,樹林口14-2號,121.476943,25.168467,樹興里活動中心,樹興里,30,"水災,震災,土石流,海嘯",許秋芳,02-26232496,是,否,否,POINT (121.476943 25.168467),sea,160.86104356965836,29.739567836284483,mainland
5871,新北市淡水區,樹興里,糞箕湖1-5號,121.482713,25.171075,長青醫院,樹興里,100,"水災,震災,土石流,海嘯",陳相墏,02-262221020#7508,是,否,否,POINT (121.482713 25.171075),sea,161.34599322307957,30.361286375725975,mainland
5872,新北市淡水區,長庚里,中山路72巷1弄10號,121.4432,25.1711,長庚活動中心,樹興里、竿蓁里、鄧公里、中興里、長庚里、清文里、草東里、永吉里、民安里、幸福里、學府里,74,"水災,震災,土石流",蘇惠珊,02-26221020#7710,是,否,是,POINT (121.4432 25.1711),sea,159.94562515258113,27.670768291867848,mainland
5873,新北市淡水區,學府里,學府路99號,121.4493,25.1713,鄧公國小,竿蓁里、鄧公里、學府里、幸福里、中興里、長庚里、樹興里,1066,"水災,震災,土石流,海嘯",吳建中,02-26297121#150,是,是,是,POINT (121.4493 25.1713),sea,160.17627612034144,28.10399110050378,mainland
5874,新北市淡水區,中興里,水源街一段29號,121.4432,25.1723,中興活動中心,中興里、幸福里、鄧公里、協元里、長庚里、清文里、草東里、永吉里、民安里、幸福里,57,"水災,震災,土石流",蘇惠珊,02-26221020#7710,是,否,是,POINT (121.4432 25.1723),sea,160.07237339131953,27.775910007222443,mainland
5875,新北市淡水區,協元里,中山路160號,121.4414,25.1734,淡水國小,協元里、永吉里、草東里、清文里、新生里、新義里,665,"水災,震災,土石流,海嘯",許維凌,02-26212755,是,是,是,POINT (121.4414 25.1734),sea,160.12732117886696,27.7496245783837,mainland
5876,新北市淡水區,文化里,真理街6號,121.4374,25.174,文化國小,文化里、新生里、民安里,436,"水災,震災,土石流",宋宏懋,02-26212031#851,是,是,是,POINT (121.4374 25.174),sea,160.05548612265662,27.52960580365988,mainland
5877,新北市淡水區,文化里,真理街10號,121.4367,25.1747,淡水國中,文化里、油車里、新民里、新生里,1608,"震災,土石流,海嘯",蕭淑雲,02-26212758#23,是,是,是,POINT (121.4367 25.1747),sea,160.10598521160927,27.54323528528044,mainland
5878,新北市萬里區,萬里里,萬里里瑪鋉路18號,121.689132,25.176187,萬里國小,雙興、溪底、崁腳、中幅、萬里、北基共6里,897,"水災,震災,土石流",曾怡琄,02-24922064#332,是,是,否,POINT (121.689132 25.176187),sea,170.83882932592957,44.87610991576216,mainland
5879,新北市萬里區,萬里里,獅頭路24號,121.694414,25.177791,萬里國中,萬里、北基、雙興、中幅共4里,475,"水災,震災,土石流,海嘯",曾怡琄,02-24922064#332,是,否,否,POINT (121.694414 25.177791),sea,171.26112420964535,45.37660395153736,mainland
5880,新北市萬里區,,萬里里瑪鋉路123號6樓,121.6854,25.1778,萬里區行政大樓,萬里、北基、龜吼及野?4里,214,"水災,震災,土石流,海嘯",楊慧茸,02-24922064332,是,否,是,POINT (121.6854 25.1778),sea,170.81403345744178,44.76311177778834,mainland
5881,新北市萬里區,萬里里,瑪鋉路15號,121.685353,25.177827,中華商業海事職業學校,萬里、北基、中幅3里,125,"震災,土石流,海嘯",曾怡琄,02-24922064#332,是,是,否,POINT (121.685353 25.177827),sea,170.8143932662725,44.7622745382034,mainland
5882,新北市萬里區,萬里里,中萬里加投瑪鋉港口小段269-20地號,121.691926,25.177832,獅頭路瑪鋉公園,萬里里,225,"水災,震災,土石流",曾怡琄,02-24922064#332,否,是,否,POINT (121.691926 25.177832),sea,171.14107319434908,45.210645542125434,mainland
5883,新北市淡水區,水碓里,中山北路158號,121.4442,25.178,水碓活動中心,水碓里、正德里、北新里、新興里,102,"水災,震災,土石流",蘇惠珊,02-26221020#7710,是,否,是,POINT (121.4442 25.178),sea,160.70859069271918,28.343480563256033,mainland
5884,新北市萬里區,萬里里,萬里里瑪鋉路123號6樓,121.689623,25.178167,萬里區行政大樓,萬里、北基、龜吼、野?、中幅5里,214,"水災,震災,土石流",曾怡琄,02-24922064#332,是,否,是,POINT (121.689623 25.178167),sea,171.05975739554776,45.08305412347404,mainland
5885,新北市淡水區,新義里,大義街18號,121.443054,25.178396,新興活動中心,新義里、新民里、新春里、正德里、北新里、水碓里、新興里,446,"水災,震災,土石流",蘇惠珊,02-26221020#7710,是,否,是,POINT (121.443054 25.178396),sea,160.7114556921129,28.300080399640713,mainland
5886,新北市淡水區,北新里,北新路109號,121.4476,25.179,正德國中,正德里、北新里、崁頂里、水碓里、北投里,2005,"震災,土石流,海嘯",張淑玲,02-26205136#142,是,是,是,POINT (121.4476 25.179),sea,160.9303540975408,28.662799846925076,mainland
5887,新北市淡水區,新興里,新興街123號,121.44,25.1797,新興國小,新興里、新義里、新春里、新民里、沙崙里、崁頂里,663,"震災,土石流,海嘯",張瓊烽,02-26203646#198,是,是,是,POINT (121.44 25.1797),sea,160.74594029365088,28.206212212654442,mainland
5888,新北市淡水區,油車里,淡海路72巷26號,121.4243,25.1816,天生國小,沙崙里、油車里、大庄里,798,"震災,土石流,海嘯",曾獻輝,02-28052695#23,是,是,是,POINT (121.4243 25.1816),sea,160.4266472411924,27.3027722881269,mainland
5889,新北市淡水區,大庄里,淡海路111號,121.422969,25.181789,淡海活動中心,沙崙里、油車里、大庄里,148,"水災,震災,土石流,海嘯",蘇惠珊,02-26221020#7710,是,否,是,POINT (121.422969 25.181789),sea,160.4033964302302,27.22862790811332,mainland
5890,新北市萬里區,龜吼里,玉田路4-2號,121.680262,25.183902,鎮北宮,龜吼里美崙,175,"水災,震災,土石流,海嘯",曾怡琄,02-24922064#332,否,是,否,POINT (121.680262 25.183902),sea,171.16837533571893,44.947616017547226,mainland
5891,新北市淡水區,水源里,北新路二段15號,121.4765,25.1858,水源國小,水源里、忠寮里,614,"水災,土石流,海嘯",黃建書,02-26211347#12,是,是,是,POINT (121.4765 25.1858),sea,162.66306347382618,31.228062994695893,mainland
5892,新北市淡水區,水源里,北新路二段15號2樓,121.476527,25.185817,水源里活動中心,水源里,85,"水災,震災,土石流,海嘯",徐榮樹,02-26213059,是,否,否,POINT (121.476527 25.185817),sea,162.66582245175232,31.23139248234896,mainland
5893,新北市淡水區,北投里,中山北路二段200號,121.44451,25.186023,新市國小,北投里、埤島里、崁頂里、新春里,1490,"水災,震災,土石流",高林瑋,02-2626-2141#831,否,否,是,POINT (121.44451 25.186023),sea,161.56693057481093,29.06756624500797,mainland
5894,新北市淡水區,埤島里,商工路307號,121.454,25.1868,淡水商工,埤島里、忠寮里、水源里、北投里,1264,"水災,震災,土石流,海嘯",陳俊良,02-26203930#205,是,是,是,POINT (121.454 25.1868),sea,161.97369504657217,29.78236440857073,mainland
5895,新北市萬里區,龜吼里,玉田路25號,121.678967,25.191878,基督教芥菜種營地,龜吼里玉田,200,"水災,震災,土石流,海嘯",曾怡琄,02-24922064#332,否,是,否,POINT (121.678967 25.191878),sea,171.9002837272274,45.55820705878063,mainland
5896,新北市淡水區,埤島里,埤島里14號,121.4449,25.197,育英國小,埤島里、義山里、興仁里、忠山里,261,"水災,震災,土石流,海嘯",陳建男,02-26214390#102,是,是,否,POINT (121.4449 25.197),sea,162.74072651985423,30.055927575373293,mainland
5897,新北市萬里區,龜吼里,龜吼里玉田路61號,121.6841,25.1978,仁愛之家,野柳、磺潭、大鵬、龜吼4里,269,"震災,土石流,海嘯",曾怡琄,02-24922064#332,是,否,是,POINT (121.6841 25.1978),sea,172.74102490621624,46.42688206983352,mainland
5898,新北市淡水區,忠山里,行忠路899號,121.48,25.2011,忠山國小,忠山里、忠寮里、番薯里、義山里、水源里,213,"水災,土石流,海嘯",翁韻淇,02-26216139#12,是,是,是,POINT (121.48 25.2011),sea,164.39550476947366,32.807135793816826,mainland
5899,新北市萬里區,磺潭里,員潭路,121.646291,25.202226,磺潭社區親水公園,大鵬、磺潭里2里,225,"水災,震災,土石流,海嘯",曾怡琄,02-24922064#332,否,是,否,POINT (121.646291 25.202226),sea,171.38377755977385,44.238094410440844,mainland
5900,新北市萬里區,野柳里,野柳里港東路1-5號,121.6861,25.2029,野柳活動中心,野柳、磺潭及大鵬3里,216,"水災,震災,土石流",曾怡琄,02-24922064#332,是,否,是,POINT (121.6861 25.2029),sea,173.34709117842127,47.01002917629015,mainland
5901,新北市三芝區,興華里,田心子5號,121.501531,25.203711,新北市三芝區興華國民小學,興華里、店子里,408,"水災,震災,土石流",吳秉樺,26371366-205,是,是,否,POINT (121.501531 25.203711),sea,165.45844510527,34.50318848661306,mainland
5902,新北市萬里區,野柳里,港東路167號,121.689442,25.205606,野柳國小,大鵬、野柳、龜吼共3里,658,"水災,震災,土石流",曾怡琄,02-24922064#332,是,是,否,POINT (121.689442 25.205606),sea,173.7800096709934,47.47487238228556,mainland
5903,新北市萬里區,大鵬里,萬里加投14號,121.650866,25.208821,大鵬國小,大鵬、野柳、龜吼、磺潭共4里,1306,"水災,震災,土石流",曾怡琄,02-24922064#332,是,是,否,POINT (121.650866 25.208821),sea,172.2612415325134,45.1277101464676,mainland
5904,新北市萬里區,大鵬里,頂社路18號之6,121.655728,25.210529,頂寮活動中心,大鵬里、磺潭里,69,"水災,震災,土石流",曾怡琄,02-24922064#332,是,否,是,POINT (121.655728 25.210529),sea,172.66017958844415,45.608694552838756,mainland
5905,新北市金山區,五湖里,月眉路,121.631809,25.213216,公館崙公園,全區,500,,范雅鈞,24985966轉173,否,否,否,POINT (121.631809 25.213216),sea,171.83008213861444,44.2141065227895,mainland
5906,新北市淡水區,興仁里,興仁路101巷10號,121.4511,25.2175,興仁國小,興仁里、義山里、賢孝里、屯山里、番薯里、中和里,450,"水災,震災,土石流",陳曉音,02-2621378#33,是,是,是,POINT (121.4511 25.2175),sea,165.11776859157217,32.27461247623376,mainland
5907,新北市金山區,重和里,六股林口38-3號,121.602476,25.218034,金山朝天宮,全區,75,海嘯,范雅鈞,2408-0664,是,否,是,POINT (121.602476 25.218034),sea,171.01918649196605,42.63728258813551,mainland
5908,新北市金山區,重和里,金山區重和里六股林口38號,121.6029,25.2189,三和國小,全區,156,"水災,土石流,海嘯",范雅鈞,02-24985965轉188,是,是,否,POINT (121.6029 25.2189),sea,171.12606231670296,42.742054360418315,mainland
5909,新北市金山區,五湖里,金山區五湖里南勢53號,121.6283,25.221,金山區運動休閒廣場,全區,702,"水災,震災,土石流,海嘯",范雅鈞,02-24985965#173,是,否,是,POINT (121.6283 25.221),sea,172.4613501242812,44.65699652803194,mainland
5910,新北市三芝區,圓山里,木屐寮32號,121.5295,25.221698,新北市三芝區圓山里活動中心,圓山里,24,"水災,震災,土石流",江美樺,02-26362111-293,是,是,是,POINT (121.5295 25.221698),sea,168.39821132935597,37.9851900388346,mainland
5911,新北市金山區,美田里,金山區美田里忠孝一路111號,121.6327,25.2217,金美國小,全區,892,"水災,震災,土石流,海嘯",范雅鈞,24986503,是,是,否,POINT (121.6327 25.2217),sea,172.73041584440165,45.018177790962895,mainland
5912,新北市金山區,大同里,金山區大同里溫泉路2巷10號,121.6408,25.2217,中山堂〈1樓禮堂〉,全區,501,"水災,震災,土石流,海嘯",范雅鈞,02-24985965,是,否,否,POINT (121.6408 25.2217),sea,173.09792599892668,45.57017179657407,mainland
5913,新北市金山區,大同里,金山區大同里金包里街180號,121.6367,25.2237,金山國小,全區,503,"水災,震災,土石流",范雅鈞,02-24985966,是,是,是,POINT (121.6367 25.2237),sea,173.11404915309467,45.46600361562161,mainland
5914,新北市淡水區,中和里,中和里北勢子5號,121.4847,25.2241,中泰國小,中和里、蕃薯里、屯山里、賢孝里,915,"水災,土石流,海嘯",林文安,02-28012033#113,是,是,是,POINT (121.4847 25.2241),sea,166.98011906481565,35.14264482284928,mainland
5915,新北市金山區,美田里,金山區美田里文化路2號,121.6372,25.2246,金山高中,全區,520,"水災,震災,土石流",范雅鈞,02-24985966轉188,是,是,否,POINT (121.6372 25.2246),sea,173.22790303239267,45.578933606187555,mainland
5916,新北市金山區,磺港里,金山區磺港里青年路1號,121.6411,25.2259,金山青年活動中心,全區,23369,"水災,震災,土石流,海嘯",范雅鈞,02-24985965,是,否,否,POINT (121.6411 25.2259),sea,173.53670633736215,45.95861202274476,mainland
5917,新北市金山區,六股里,三界壇路101-1號,121.620711,25.230093,六三社區活動中心,全區,45,"水災,震災,海嘯",范雅鈞,02-24985966轉188,是,否,否,POINT (121.620711 25.230093),sea,173.04782998092912,44.93653719605907,mainland
5918,新北市金山區,磺港里,溫泉路,121.649304,25.231103,金山區獅頭山公園,全區,500,,范雅鈞,02-24985966,否,否,否,POINT (121.649304 25.231103),sea,174.4378854999941,46.97357031295701,mainland
5919,新北市金山區,三界里,三界壇路72號,121.619908,25.231106,聖德宮,全區,187,海嘯,范雅鈞,02-24985966,否,否,否,POINT (121.619908 25.231106),sea,173.1155342262953,44.97057195873279,mainland
5920,新北市三芝區,八賢里,八連溪41號,121.513105,25.237065,新北市三芝區八賢里活動中心,八賢里,45,"水災,震災,土石流",余美華,02-26362111-299,否,否,是,POINT (121.513105 25.237065),sea,169.37714578193604,38.214340566243315,mainland
5921,新北市淡水區,中和里,淡金路五段111號,121.4564,25.2373,屯山國小,屯山里、賢孝里、興仁里、中和里,251,"水災,震災,土石流",林玟漣,02-28012591#810,是,是,是,POINT (121.4564 25.2373),sea,167.39051183460205,34.37063204251466,mainland
5922,新北市金山區,萬壽里,金山區萬壽里海興路49號,121.6306,25.2398,中角國小,全區,249,"水災,震災,土石流,海嘯",范雅鈞,02-24985965轉188,是,是,否,POINT (121.6306 25.2398),sea,174.47421932308495,46.46095577388348,mainland
5923,新北市金山區,萬壽里,海興路69號之1,121.631354,25.2405,萬壽活動中心,全區,73,土石流,范雅鈞,02-24985966轉188,是,否,否,POINT (121.631354 25.2405),sea,174.57897504389373,46.57367158688134,mainland
5924,新北市石門區,乾華里,4鄰內阿里磅1號,121.592343,25.254077,妙濟寺,乾華里,62,"水災,震災,土石流,海嘯",釋淨惠,02-2638-3591,否,是,否,POINT (121.592343 25.254077),sea,174.28096361218704,45.104763940626185,mainland
5925,新北市三芝區,埔坪里,新北區三芝區民生街31號,121.5036,25.2564,新北市三芝區公有市場,埔坪里、福德里、埔頭里、八賢里、錫板里、後厝里、古庄里、新庄里、橫山里、圓山里、店子里、與華里,90,"水災,震災,土石流,海嘯",張福生,02-26362111,是,否,否,POINT (121.5036 25.2564),sea,171.05218562859702,39.260695340901655,mainland
5926,新北市三芝區,埔頭里,新北區三芝區中山路一段32號,121.5011,25.2578,三芝區公所,埔頭里、八賢里、錫板里、後厝里、古庄里、新庄里、埔坪里、茂長里、橫山里、福德里、圓山里、店子里、與華里,60,"水災,震災,土石流,海嘯",江雅芳,02-26362111251,是,否,是,POINT (121.5011 25.2578),sea,171.10865301921433,39.212992155230765,mainland
5927,新北市三芝區,埔頭里,新北區三芝區育英街22號,121.5016,25.2579,新北市三芝區三芝國民小學,茂長里、埔頭里、古庄里、後厝里、埔坪里,956,"水災,震災,土石流,海嘯",陳文龍主任李明珊組長,26362005,是,是,否,POINT (121.5016 25.2579),sea,171.13719848522092,39.25582766889386,mainland
5928,新北市三芝區,埔頭里,新北區三芝區中山路一段6號,121.5011,25.2585,三芝農會,新庄里,63,"水災,震災,土石流,海嘯",吳思緯股長郭錦炎總幹事,26363111,是,否,否,POINT (121.5011 25.2585),sea,171.18213502191153,39.274324822521066,mainland
5929,新北市三芝區,橫山里,大坑86號,121.529765,25.258894,新北市三芝區橫山國民小學,橫山里,319,,陳志哲,02-26362473-13,是,是,否,POINT (121.529765 25.258894),sea,172.28339494825954,41.262291805587026,mainland
5930,新北市三芝區,埔坪里,新北區三芝區淡金路一段38號,121.5028,25.26,新北市立三芝國民中學,古庄里、錫板里、茂長里、福德里,1182,"水災,震災,土石流,海嘯",彝育成組長陳永隆主任,26362004-19,是,是,是,POINT (121.5028 25.26),sea,171.40095973080182,39.52160256048447,mainland
5931,新北市石門區,茂林里,石門區茂林社區74號,121.5923,25.2693,乾華國小禮堂,乾華里,671,"水災,震災,土石流,海嘯",王光平,02-26381269,是,是,否,POINT (121.5923 25.2693),sea,175.84522396522442,46.43564387944604,mainland
5932,新北市石門區,茂林里,茂林社區1-1號,121.591831,25.27188,茂林里活動中心,"茂林里,乾華里",110,"水災,震災,土石流,海嘯",鍾國勳,2638-1721#301,是,是,否,POINT (121.591831 25.27188),sea,176.09143929114336,46.62973743305946,mainland
5933,新北市石門區,草里里,草里里阿里荖33號之1,121.606719,25.28074,草里里活動中心,草里里 有電梯,78,"水災,震災,土石流",鍾國勳,2638-1721#301,是,否,是,POINT (121.606719 25.28074),sea,177.62424118133225,48.42061237655564,mainland
5934,新北市石門區,德茂里,德茂里下員坑 33-6號,121.519157,25.283263,北海岸風景管理處德茂里活動中心,德茂里,25,"水災,土石流",鍾小姐,8635-5100#2137,是,否,否,POINT (121.519157 25.283263),sea,174.4358243155221,42.67454948502328,mainland
5935,新北市石門區,老梅里,石門區老梅老梅路10號,121.545,25.2889,老梅國小教室,老梅里 警衛:廖信仲0920391857,426,"震災,土石流",張雅俐,02-26381721605,是,是,否,POINT (121.545 25.2889),sea,175.99182877454868,44.929586160433146,mainland
5936,新北市石門區,富基里,富基里楓林37-6號,121.540628,25.289023,富基里活動中心,富基里,69,"水災,震災,土石流,海嘯",鐘國勳,2638-1721#301,是,是,是,POINT (121.540628 25.289023),sea,175.838439529976,44.64242271804273,mainland
5937,新北市石門區,老梅里,老梅里老梅路43號3樓,121.545195,25.289433,老梅里活動中心,老梅里 有電梯,54,"水災,土石流",鍾國勳,2638-1721#301,是,否,是,POINT (121.545195 25.289433),sea,176.05482692122368,44.98957535024941,mainland
5938,新北市石門區,山溪里,山溪里老崩山6-5號,121.55172,25.290889,山溪里活動中心,山溪里,275,土石流,鐘國勳,2638-1721#301,是,否,否,POINT (121.55172 25.290889),sea,176.4566608536256,45.56180913606626,mainland
5939,新北市石門區,石門里,石門街一號,121.565885,25.291194,石門里活動中心,石門里,52,土石流,鍾國勳,2638-1721#301,是,否,否,POINT (121.565885 25.291194),sea,177.0401416429232,46.55384069112373,mainland
5940,新北市石門區,石門里,石門區石門里中央路1-9號,121.5645,25.2912,石門區體育館,石門里,325,"水災,震災,土石流",花家郎,02-2638-1273轉134,是,是,是,POINT (121.5645 25.2912),sea,176.98627822091154,46.45998223948176,mainland
5941,新北市石門區,尖鹿里,石門區尖鹿里中山路66號,121.5679,25.2912,石門區公所,尖鹿里,312,"水災,震災,土石流",練書瑋,02-26381721702,是,否,否,POINT (121.5679 25.2912),sea,177.12024305496504,46.69168342702225,mainland
5942,新北市石門區,石門里,石門區尖鹿里中央路1--9號,121.5646,25.2913,石門國民中學,尖鹿里、石門里,435,土石流,花家郎,2638-1273轉134,是,是,否,POINT (121.5646 25.2913),sea,177.00058921045982,46.47555878990487,mainland
5943,新北市石門區,尖鹿里,中央路9號,121.56704,25.291855,石門國小,尖鹿里石門里,695,"水災,震災,土石流",黃朝傳主任,963061365,是,是,否,POINT (121.56704 25.291855),sea,177.15425092851356,46.690466509021384,mainland
5944,新北市石門區,尖鹿里,尖鹿里中央路9之3號1樓,121.566842,25.292022,尖鹿里活動中心,尖鹿里,25,土石流,鐘國勳,2638-1721#301,是,否,否,POINT (121.566842 25.292022),sea,177.16377196633817,46.691605544270054,mainland
