避難收容處所名稱,縣市及鄉鎮市區,緯度,經度,is_indoor,設施類型,最近AQI測站,測站縣市,最近測站AQI,距離測站(km),風險等級,風險描述,風險分數
五峰活動中心,新竹縣,24.386,121.073,True,室內設施,苗栗,苗栗市,52,32.29,Low Risk,風險較低,35
金門縣烈嶼鄉林湖村辦公處,金門縣烈嶼鄉,24.428328,118.248571,True,室內設施,金門,金門縣,48,7.47,Low Risk,風險較低,0
南坑村集會所暨南外社區活動中心,新竹縣北埔鄉,24.6725,121.0561,True,室內設施,新竹,新竹市,48,18.08,Low Risk,風險較低,5
霞雲社區活動中心,桃園市復興區,24.814018,121.406238,True,室內設施,桃園,桃園市,72,22.61,Low Risk,風險較低,35
澤仁里辦公處,桃園市復興區,24.820601,121.351987,True,室內設施,桃園,桃園市,72,19.91,Low Risk,風險較低,30
奎輝里活動中心,桃園市復興區,24.797047,121.334302,True,室內設施,桃園,桃園市,72,22.11,Low Risk,風險較低,35
高義教會,桃園市復興區,24.706112,121.354462,True,室內設施,桃園,桃園市,72,32.42,Low Risk,風險較低,35
上大社區活動中心,桃園市觀音區,24.978234,121.147333,True,室內設施,桃園,桃園市,72,15.58,Low Risk,風險較低,30
武威社區活動中心,桃園市觀音區,25.028242,121.073317,True,室內設施,桃園,桃園市,72,23.26,Low Risk,風險較低,35
塔腳社區活動中心,桃園市觀音區,25.049298,121.154708,True,室內設施,桃園,桃園市,72,15.99,Low Risk,風險較低,30
廣福社區活動中心,桃園市觀音區,25.019018,121.153383,True,室內設施,桃園,桃園市,72,15.14,Low Risk,風險較低,30
草漯國民小學,桃園市觀音區,25.045941,121.142939,True,室內設施,桃園,桃園市,72,16.96,Low Risk,風險較低,30
上大國民小學,桃園市觀音區,24.979129,121.146755,True,室內設施,桃園,桃園市,72,15.63,Low Risk,風險較低,30
崙坪國民小學,桃園市觀音區,24.999596,121.162676,True,室內設施,桃園,桃園市,72,13.96,Low Risk,風險較低,30
富林國民小學,桃園市觀音區,25.062195,121.1285,True,室內設施,桃園,桃園市,72,18.98,Low Risk,風險較低,30
樹林國民小學,桃園市觀音區,25.062176,121.128468,True,室內設施,桃園,桃園市,72,18.98,Low Risk,風險較低,30
觀音區公所綠資源中心,桃園市觀音區,25.028281,121.083597,True,室內設施,桃園,桃園市,72,22.24,Low Risk,風險較低,35
高雄市前鎮區光華國民小學,高雄市前鎮區,22.615,120.32,True,室內設施,高雄,高雄市,125,2.35,High Risk,最近測站 AQI 125 > 100,50
大武國小,臺東縣大武鄉,22.365009,120.905497,True,室內設施,台東,台東市,42,50.17,Low Risk,風險較低,10
尖山國小操場,苗栗縣頭份市,24.64686,120.894048,False,戶外設施,苗栗,苗栗市,52,11.73,Warning,最近測站 AQI 52 > 50 且為戶外設施,50
高雄市小港區鳳林國民小學,高雄市小港區,22.527,120.343,True,室內設施,高雄,高雄市,125,11.94,High Risk,最近測站 AQI 125 > 100,55
大武社區活動中心,屏東縣霧臺鄉,22.757534,120.754782,True,室內設施,屏東,屏東市,56,29.26,Low Risk,風險較低,35
和平國小,花蓮縣秀林鄉,24.308073,121.748879,True,室內設施,花蓮,花蓮市,35,39.78,Low Risk,風險較低,10
佳義社區活動中心,屏東縣瑪家鄉,22.653475,120.630874,True,室內設施,屏東,屏東市,56,14.98,Low Risk,風險較低,30
中東社區活動中心,彰化縣員林市,23.971414,120.599689,True,室內設施,南投,南投市,55,10.97,Low Risk,風險較低,30
崇實高工體育館,彰化縣員林市,23.961057,120.574848,True,室內設施,南投,南投市,55,12.46,Low Risk,風險較低,30
東芳國小,彰化縣彰化市,24.062538,120.516345,True,室內設施,彰化,彰化市,68,3.14,Low Risk,風險較低,25
三義社區活動中心,彰化縣員林市,23.95268,120.563531,True,室內設施,南投,南投市,55,13.13,Low Risk,風險較低,30
大同國中,彰化縣員林市,23.963213,120.579502,True,室內設施,南投,南投市,55,12.16,Low Risk,風險較低,30
員林農工體育館,彰化縣員林市,23.955187,120.581692,True,室內設施,南投,南投市,55,11.55,Low Risk,風險較低,30
員林市員東國小,彰化縣員林市,23.961879,120.587309,True,室內設施,南投,南投市,55,11.4,Low Risk,風險較低,30
員林市員林國中活動中心,彰化縣員林市,23.979184,120.557085,True,室內設施,彰化,彰化市,68,10.98,Low Risk,風險較低,30
員林市員林國小,彰化縣員林市,23.960059,120.57921,True,室內設施,南投,南投市,55,12.02,Low Risk,風險較低,30
健康公園,臺中市南區,24.119757,120.667553,False,戶外設施,台中,台中市,85,3.17,Warning,最近測站 AQI 85 > 50 且為戶外設施,45
屏東市信義國小,屏東縣屏東市,22.68523,120.49197,True,室內設施,屏東,屏東市,56,1.84,Low Risk,風險較低,25
光隆營區,臺中市太平區,24.1112,120.7305,True,室內設施,台中,台中市,85,7.06,Low Risk,風險較低,25
大快官藝文館,彰化縣彰化市,24.068651,120.613159,True,室內設施,彰化,彰化市,68,7.2,Low Risk,風險較低,25
彰德國中勤學樓、育英樓穿堂,彰化縣彰化市,24.08054,120.589342,True,室內設施,彰化,彰化市,68,4.74,Low Risk,風險較低,25
介壽社區活動中心,彰化縣彰化市,24.070873,120.551727,True,室內設施,彰化,彰化市,68,1.14,Low Risk,風險較低,25
國聖國小,彰化縣彰化市,24.092292,120.568089,True,室內設施,彰化,彰化市,68,3.07,Low Risk,風險較低,25
石牌國小,彰化縣彰化市,24.058558,120.614942,True,室內設施,彰化,彰化市,68,7.61,Low Risk,風險較低,25
茄苳社區活動中心,彰化縣彰化市,24.10378,120.547944,True,室內設施,彰化,彰化市,68,3.01,Low Risk,風險較低,25
三民國小,彰化縣彰化市,24.085743,120.604547,True,室內設施,彰化,彰化市,68,6.34,Low Risk,風險較低,25
南北管戲曲音樂館,彰化縣彰化市,24.068206,120.529851,True,室內設施,彰化,彰化市,68,1.65,Low Risk,風險較低,25
牛埔社區活動中心,彰化縣彰化市,24.081368,120.597531,True,室內設施,彰化,彰化市,68,5.58,Low Risk,風險較低,25
桃源社區活動中心,彰化縣彰化市,24.072547,120.559047,True,室內設施,彰化,彰化市,68,1.73,Low Risk,風險較低,25
南興社區活動中心,彰化縣彰化市,24.056604,120.533189,True,室內設施,彰化,彰化市,68,2.48,Low Risk,風險較低,25
快官社區活動中心,彰化縣彰化市,24.068422,120.612013,True,室內設施,彰化,彰化市,68,7.09,Low Risk,風險較低,25
福山社區活動中心,彰化縣彰化市,24.082668,120.571394,True,室內設施,彰化,彰化市,68,2.97,Low Risk,風險較低,25
延和社區活動中心,彰化縣彰化市,24.059306,120.538252,True,室內設施,彰化,彰化市,68,2.03,Low Risk,風險較低,25
泰和國小,彰化縣彰化市,24.092496,120.55168,True,室內設施,彰化,彰化市,68,1.93,Low Risk,風險較低,25
彰興國中,彰化縣彰化市,24.059274,120.538251,True,室內設施,彰化,彰化市,68,2.04,Low Risk,風險較低,25
信義國中小,彰化縣彰化市,24.062723,120.52814,True,室內設施,彰化,彰化市,68,2.18,Low Risk,風險較低,25
雅溝社區活動中心,彰化縣和美鎮,24.099707,120.492521,True,室內設施,彰化,彰化市,68,5.69,Low Risk,風險較低,25
港口社區活動中心,屏東縣滿州鄉,21.9912,120.8271,False,戶外設施,屏東,屏東市,56,83.21,Warning,最近測站 AQI 56 > 50 且為戶外設施,55
恆春國中收容所,屏東縣恆春鎮,22.0031,120.7475,True,室內設施,屏東,屏東市,56,78.85,Low Risk,風險較低,35
恆春鎮公所,屏東縣恆春鎮,22.0038,120.7474,True,室內設施,屏東,屏東市,56,78.78,Low Risk,風險較低,35
永靖社區活動中心,屏東縣滿州鄉,22.0052,120.8092,True,室內設施,屏東,屏東市,56,81.03,Low Risk,風險較低,35
永港國民小學,屏東縣滿州鄉,22.005679,120.817377,True,室內設施,屏東,屏東市,56,81.33,Low Risk,風險較低,35
恒春國小收容所,屏東縣恆春鎮,22.0064,120.7466,True,室內設施,屏東,屏東市,56,78.48,Low Risk,風險較低,35
僑勇國小收容所,屏東縣恆春鎮,22.0087,120.7442,True,室內設施,屏東,屏東市,56,78.15,Low Risk,風險較低,35
滿州國民小學,屏東縣滿州鄉,22.020382,120.838101,True,室內設施,屏東,屏東市,56,80.78,Low Risk,風險較低,35
屏東縣滿州鄉公所,屏東縣滿州鄉,22.0209,120.8386,True,室內設施,屏東,屏東市,56,80.75,Low Risk,風險較低,35
滿州社區活動中心,屏東縣滿州鄉,22.0233,120.8371,True,室內設施,屏東,屏東市,56,80.44,Low Risk,風險較低,35
屏東縣滿州鄉圖書館,屏東縣滿州鄉,22.0243,120.8377,True,室內設施,屏東,屏東市,56,80.37,Low Risk,風險較低,35
滿州國民中學,屏東縣滿州鄉,22.024499,120.839695,True,室內設施,屏東,屏東市,56,80.44,Low Risk,風險較低,35
蘭恩活動中心,臺東縣蘭嶼鄉,22.026,121.539,True,室內設施,台東,台東市,42,90.39,Low Risk,風險較低,10
響林活動中心,屏東縣滿州鄉,22.0377,120.8335,True,室內設施,屏東,屏東市,56,78.84,Low Risk,風險較低,35
椰油國民小學,臺東縣蘭嶼鄉,22.0453,121.5176,True,室內設施,台東,台東市,42,87.5,Low Risk,風險較低,10
蘭嶼完全高級中學,臺東縣蘭嶼鄉,22.0494,121.5126,True,室內設施,台東,台東市,42,86.87,Low Risk,風險較低,10
屏東縣立車城國小保力分校,屏東縣車城鄉,22.0561,120.7275,True,室內設施,屏東,屏東市,56,72.61,Low Risk,風險較低,35
屏東縣立車城國小射寮分校,屏東縣車城鄉,22.0567,120.7118,True,室內設施,屏東,屏東市,56,72.01,Low Risk,風險較低,35
屏東縣立車城國中,屏東縣車城鄉,22.0729,120.7165,True,室內設施,屏東,屏東市,56,70.47,Low Risk,風險較低,35
高士國小牡林分校,屏東縣牡丹鄉,22.0731,120.8139,True,室內設施,屏東,屏東市,56,74.42,Low Risk,風險較低,35
長樂村長壽俱樂部,屏東縣滿州鄉,22.0742,120.8258,True,室內設施,屏東,屏東市,56,74.87,Low Risk,風險較低,35
屏東縣立車城國小,屏東縣車城鄉,22.0749,120.7146,True,室內設施,屏東,屏東市,56,70.19,Low Risk,風險較低,35
長樂國小,屏東縣滿州鄉,22.0755,120.8286,True,室內設施,屏東,屏東市,56,74.88,Low Risk,風險較低,35
車城福安宮香客大樓,屏東縣車城鄉,22.0766,120.7119,True,室內設施,屏東,屏東市,56,69.92,Low Risk,風險較低,35
朗島國小,臺東縣蘭嶼鄉,22.0792,121.5286,True,室內設施,台東,台東市,42,84.63,Low Risk,風險較低,10
屏東縣立車城國小溫泉分校,屏東縣車城鄉,22.096,120.7487,True,室內設施,屏東,屏東市,56,69.28,Low Risk,風險較低,35
九棚永久屋大愛基地活動中心,屏東縣滿州鄉,22.111079,120.87378,True,室內設施,屏東,屏東市,56,73.82,Low Risk,風險較低,35
高士國小,屏東縣牡丹鄉,22.1248,120.847,True,室內設施,屏東,屏東市,56,71.06,Low Risk,風險較低,35
石門村活動中心,屏東縣牡丹鄉,22.1254,120.774,True,室內設施,屏東,屏東市,56,67.38,Low Risk,風險較低,35
港仔活動中心,屏東縣滿州鄉,22.1334,120.8815,True,室內設施,屏東,屏東市,56,72.18,Low Risk,風險較低,35
竹坑活動中心,屏東縣獅子鄉,22.1454,120.7012,True,室內設施,屏東,屏東市,56,62.36,Low Risk,風險較低,35
牡丹國小,屏東縣牡丹鄉,22.1766,120.8377,True,室內設施,屏東,屏東市,56,65.68,Low Risk,風險較低,35
楓港國民小學,屏東縣枋山鄉,22.1902,120.6922,True,室內設施,屏東,屏東市,56,57.38,Low Risk,風險較低,35
旭海村活動中心,屏東縣牡丹鄉,22.1917,120.8786,True,室內設施,屏東,屏東市,56,66.74,Low Risk,風險較低,35
楓港老人文康中心,屏東縣枋山鄉,22.193,120.6895,True,室內設施,屏東,屏東市,56,56.99,Low Risk,風險較低,35
楓林國小,屏東縣獅子鄉,22.2022,120.7038,True,室內設施,屏東,屏東市,56,56.6,Low Risk,風險較低,35
丹路國小,屏東縣獅子鄉,22.2034,120.7515,True,室內設施,屏東,屏東市,56,58.6,Low Risk,風險較低,35
獅子鄉立綜合體育館,屏東縣獅子鄉,22.2051,120.7014,True,室內設施,屏東,屏東市,56,56.21,Low Risk,風險較低,35
東源村活動中心,屏東縣牡丹鄉,22.2052,120.851,True,室內設施,屏東,屏東市,56,63.84,Low Risk,風險較低,35
內文活動中心,屏東縣獅子鄉,22.2183,120.8507,True,室內設施,屏東,屏東市,56,62.65,Low Risk,風險較低,35
獅子活動中心,屏東縣獅子鄉,22.2323,120.6805,True,室內設施,屏東,屏東市,56,52.59,Low Risk,風險較低,35
草埔活動中心,屏東縣獅子鄉,22.2341,120.8014,True,室內設施,屏東,屏東市,56,58.29,Low Risk,風險較低,35
枋山鄉公所,屏東縣枋山鄉,22.26396799,120.6524235,True,室內設施,屏東,屏東市,56,48.25,Low Risk,風險較低,35
枋寮高中正成分校,屏東縣枋山鄉,22.2643,120.6606,True,室內設施,屏東,屏東市,56,48.52,Low Risk,風險較低,35
南田基督教會,臺東縣達仁鄉,22.276682,120.890256,True,室內設施,台東,台東市,42,59.56,Low Risk,風險較低,10
森永活動中心,臺東縣達仁鄉,22.280641,120.864826,True,室內設施,屏東,屏東市,56,58.2,Low Risk,風險較低,35
南田活動中心,臺東縣達仁鄉,22.286514,120.888972,True,室內設施,台東,台東市,42,58.65,Low Risk,風險較低,10
安朔基督教會,臺東縣達仁鄉,22.292996,120.866016,True,室內設施,屏東,屏東市,56,57.27,Low Risk,風險較低,35
安朔集會所,臺東縣達仁鄉,22.293497,120.867753,True,室內設施,屏東,屏東市,56,57.35,Low Risk,風險較低,35
安朔國小,臺東縣達仁鄉,22.294292,120.868276,True,室內設施,屏東,屏東市,56,57.32,Low Risk,風險較低,35
達仁鄉公所禮堂,臺東縣達仁鄉,22.297005,120.883062,True,室內設施,台東,台東市,42,57.9,Low Risk,風險較低,10
內獅國小,屏東縣獅子鄉,22.3052,120.6427,True,室內設施,屏東,屏東市,56,43.61,Low Risk,風險較低,35
南興村社區活動中心,臺東縣大武鄉,22.3104,120.8867,True,室內設施,台東,台東市,42,56.41,Low Risk,風險較低,10
南福社區活動中心,屏東縣琉球鄉,22.3284,120.3634,True,室內設施,高雄,高雄市,125,33.84,High Risk,最近測站 AQI 125 > 100,60
加祿國民小學,屏東縣枋山鄉,22.3302,120.6211,True,室內設施,屏東,屏東市,56,40.22,Low Risk,風險較低,35
大福社區活動中心,屏東縣琉球鄉,22.3338,120.3708,True,室內設施,高雄,高雄市,125,33.41,High Risk,最近測站 AQI 125 > 100,60
琉球國中,屏東縣琉球鄉,22.336,120.3685,True,室內設施,高雄,高雄市,125,33.12,High Risk,最近測站 AQI 125 > 100,60
琉球國小,屏東縣琉球鄉,22.3371,120.3683,True,室內設施,高雄,高雄市,125,32.99,High Risk,最近測站 AQI 125 > 100,60
尚武村社區活動中心,臺東縣大武鄉,22.342,120.8818,True,室內設施,台東,台東市,42,53.61,Low Risk,風險較低,10
大武鄉立托兒所,臺東縣大武鄉,22.3425,120.8806,True,室內設施,台東,台東市,42,53.63,Low Risk,風險較低,10
全德國小,屏東縣琉球鄉,22.3462,120.3692,True,室內設施,高雄,高雄市,125,32.02,High Risk,最近測站 AQI 125 > 100,60
琉球鄉公所,屏東縣琉球鄉,22.3501,120.3837,True,室內設施,高雄,高雄市,125,31.96,High Risk,最近測站 AQI 125 > 100,60
老人文康活動中心,屏東縣枋寮鄉,22.3562,120.5997,True,室內設施,屏東,屏東市,56,36.77,Low Risk,風險較低,35
大武老人會館,臺東縣大武鄉,22.3564,120.9038,True,室內設施,台東,台東市,42,51.09,Low Risk,風險較低,10
大武鄉多功能綜合活動中心暨避難收容所,臺東縣大武鄉,22.3581,120.9064,True,室內設施,台東,台東市,42,50.79,Low Risk,風險較低,10
古華社區活動中心,屏東縣春日鄉,22.3596,120.6281,True,室內設施,屏東,屏東市,56,37.45,Low Risk,風險較低,35
大武村社區活動中心,臺東縣大武鄉,22.3596,120.8975,True,室內設施,台東,台東市,42,51.1,Low Risk,風險較低,10
古華國民小學,屏東縣春日鄉,22.361,120.626,True,室內設施,屏東,屏東市,56,37.22,Low Risk,風險較低,35
僑德國小,屏東縣枋寮鄉,22.3631,120.6,True,室內設施,屏東,屏東市,56,36.05,Low Risk,風險較低,35
枋寮國小,屏東縣枋寮鄉,22.3678,120.5908,True,室內設施,屏東,屏東市,56,35.26,Low Risk,風險較低,35
士文聚會所,屏東縣春日鄉,22.3685,120.6639,True,室內設施,屏東,屏東市,56,38.16,Low Risk,風險較低,35
古華國民小學-士文分校,屏東縣春日鄉,22.3689,120.6635,True,室內設施,屏東,屏東市,56,38.1,Low Risk,風險較低,35
春日社區活動中心,屏東縣春日鄉,22.3703,120.6243,True,室內設施,屏東,屏東市,56,36.2,Low Risk,風險較低,35
春日國民小學,屏東縣春日鄉,22.3703,120.627,True,室內設施,屏東,屏東市,56,36.31,Low Risk,風險較低,35
枋寮高中,屏東縣枋寮鄉,22.3711,120.5908,True,室內設施,屏東,屏東市,56,34.91,Low Risk,風險較低,35
臺東縣立安朔國小新化分校,臺東縣達仁鄉,22.381551,120.856773,True,室內設施,屏東,屏東市,56,49.78,Low Risk,風險較低,35
建興國小,屏東縣枋寮鄉,22.387,120.6019,True,室內設施,屏東,屏東市,56,33.62,Low Risk,風險較低,35
東海國小,屏東縣枋寮鄉,22.4013,120.5773,True,室內設施,屏東,屏東市,56,31.29,Low Risk,風險較低,35
東海國小太源分校,屏東縣枋寮鄉,22.4082,120.593,True,室內設施,屏東,屏東市,56,31.09,Low Risk,風險較低,35
國立佳冬高農,屏東縣佳冬鄉,22.409,120.5584,True,室內設施,屏東,屏東市,56,29.93,Low Risk,風險較低,35
加津林活動中心,臺東縣大武鄉,22.4162,120.9223,True,室內設施,台東,台東市,42,44.4,Low Risk,風險較低,10
佳冬鄉立幼兒園,屏東縣佳冬鄉,22.423,120.5669,True,室內設施,屏東,屏東市,56,28.67,Low Risk,風險較低,35
力里國民小學,屏東縣春日鄉,22.4277,120.629,True,室內設施,屏東,屏東市,56,30.66,Low Risk,風險較低,35
春日鄉立老人文康中心,屏東縣春日鄉,22.428,120.6279,True,室內設施,屏東,屏東市,56,30.58,Low Risk,風險較低,35
佳冬國中,屏東縣佳冬鄉,22.4285,120.5668,True,室內設施,屏東,屏東市,56,28.08,Low Risk,風險較低,35
屏東縣林邊鄉崎峰活動中心,屏東縣林邊鄉,22.4298,120.4902,True,室內設施,屏東,屏東市,56,26.68,Low Risk,風險較低,35
來義鄉文物館,屏東縣來義鄉,22.435,120.6379,True,室內設施,屏東,屏東市,56,30.41,Low Risk,風險較低,35
南和國小,屏東縣來義鄉,22.4364,120.6426,True,室內設施,屏東,屏東市,56,30.53,Low Risk,風險較低,35
屏東縣林邊鄉仁和國民小學,屏東縣林邊鄉,22.4374,120.5114,True,室內設施,屏東,屏東市,56,25.96,Low Risk,風險較低,35
土?天主堂,臺東縣達仁鄉,22.453848,120.886914,True,室內設施,台東,台東市,42,43.08,Low Risk,風險較低,10
臺東縣立土?國小,臺東縣達仁鄉,22.453853,120.887664,True,室內設施,台東,台東市,42,43.04,Low Risk,風險較低,10
達仁鄉立土?托兒所,臺東縣達仁鄉,22.454897,120.885982,True,室內設施,台東,台東市,42,43.05,Low Risk,風險較低,10
大潭國小,屏東縣東港鎮,22.456799,120.495771,True,室內設施,屏東,屏東市,56,23.7,Low Risk,風險較低,35
愛國蒲分校,臺東縣大武鄉,22.4575,120.9227,True,室內設施,台東,台東市,42,40.54,Low Risk,風險較低,10
以栗國小,屏東縣東港鎮,22.4624,120.4629,True,室內設施,屏東,屏東市,56,23.17,Low Risk,風險較低,35
東隆宮香客大樓,屏東縣東港鎮,22.4631,120.4488,True,室內設施,屏東,屏東市,56,23.29,Low Risk,風險較低,35
太麻里鄉多良村辦公處,臺東縣太麻里鄉,22.4631,120.9414,True,室內設施,台東,台東市,42,38.95,Low Risk,風險較低,10
東隆國小,屏東縣東港鎮,22.463386,120.449937,True,室內設施,屏東,屏東市,56,23.24,Low Risk,風險較低,35
望嘉警察派出所,屏東縣來義鄉,22.4636,120.6218,True,室內設施,屏東,屏東市,56,26.83,Low Risk,風險較低,35
屏東縣林邊鄉竹林國民小學,屏東縣林邊鄉,22.4642,120.5331,True,室內設施,屏東,屏東市,56,23.36,Low Risk,風險較低,35
東港高中,屏東縣東港鎮,22.4652,120.4555,True,室內設施,屏東,屏東市,56,22.95,Low Risk,風險較低,35
東光國小,屏東縣東港鎮,22.4694,120.4596,True,室內設施,屏東,屏東市,56,22.44,Low Risk,風險較低,35
東港國小,屏東縣東港鎮,22.4707,120.4547,True,室內設施,屏東,屏東市,56,22.36,Low Risk,風險較低,35
新埤鄉立幼兒園,屏東縣新埤鄉,22.4754,120.611,True,室內設施,屏東,屏東市,56,25.14,Low Risk,風險較低,35
臺東縣台?國民小學,臺東縣達仁鄉,22.47755,120.9077,True,室內設施,台東,台東市,42,39.69,Low Risk,風險較低,10
台?活動中心,臺東縣達仁鄉,22.47805,120.9081,True,室內設施,台東,台東市,42,39.62,Low Risk,風險較低,10
東興國小,屏東縣東港鎮,22.4784,120.4657,True,室內設施,屏東,屏東市,56,21.37,Low Risk,風險較低,35
北市大附小,臺北市中正區,22.4797,120.913,True,室內設施,台東,台東市,42,39.17,Low Risk,風險較低,10
台?基督教會,臺東縣達仁鄉,22.479837,120.913513,True,室內設施,台東,台東市,42,39.12,Low Risk,風險較低,10
啦里吧活動中心,臺東縣達仁鄉,22.48099,120.9136,True,室內設施,台東,台東市,42,39.01,Low Risk,風險較低,10
新埤國小,屏東縣新埤鄉,22.4844,120.5653,True,室內設施,屏東,屏東市,56,22.16,Low Risk,風險較低,35
高雄市立中芸國民中學,高雄市林園區,22.485875,120.395311,True,室內設施,高雄,高雄市,125,18.45,High Risk,最近測站 AQI 125 > 100,55
中芸國小,高雄市林園區,22.4871,120.3967,True,室內設施,高雄,高雄市,125,18.41,High Risk,最近測站 AQI 125 > 100,55
烏龍國小,屏東縣新園鄉,22.4877,120.4581,True,室內設施,屏東,屏東市,56,20.44,Low Risk,風險較低,35
鹽洲國小,屏東縣新園鄉,22.4883,120.4408,True,室內設施,屏東,屏東市,56,20.7,Low Risk,風險較低,35
溪北社區活動中心,屏東縣南州鄉,22.4945,120.5111,True,室內設施,屏東,屏東市,56,19.65,Low Risk,風險較低,30
溪北國小,屏東縣南州鄉,22.4957,120.5111,True,室內設施,屏東,屏東市,56,19.52,Low Risk,風險較低,30
文樂活動中心,屏東縣來義鄉,22.4999,120.6243,True,室內設施,屏東,屏東市,56,23.63,Low Risk,風險較低,35
高雄市林園區港埔國民小學,高雄市林園區,22.504297,120.378585,True,室內設施,高雄,高雄市,125,15.81,High Risk,最近測站 AQI 125 > 100,55
高雄市林園區王公國民小學,高雄市林園區,22.504698,120.388254,True,室內設施,高雄,高雄市,125,16.29,High Risk,最近測站 AQI 125 > 100,55
高雄市林園區林園國民小學,高雄市林園區,22.506778,120.394303,True,室內設施,高雄,高雄市,125,16.45,High Risk,最近測站 AQI 125 > 100,55
林園區長青文康活動中心,高雄市林園區,22.5087,120.3945,True,室內設施,高雄,高雄市,125,16.29,High Risk,最近測站 AQI 125 > 100,55
港西國小,屏東縣新園鄉,22.5087,120.4556,True,室內設施,屏東,屏東市,56,18.17,Low Risk,風險較低,30
來義鄉新來義部落多功能活動中心,屏東縣來義鄉,22.5087,120.5825,True,室內設施,屏東,屏東市,56,20.47,Low Risk,風險較低,35
潮南國小,屏東縣潮州鎮,22.512958,120.534672,True,室內設施,屏東,屏東市,56,18.13,Low Risk,風險較低,30
南榮國中,屏東縣崁頂鄉,22.5134,120.5184,True,室內設施,屏東,屏東市,56,17.7,Low Risk,風險較低,30
崁頂國小,屏東縣崁頂鄉,22.5141,120.5118,True,室內設施,屏東,屏東市,56,17.51,Low Risk,風險較低,30
高雄市小港區鳳鳴國民小學,高雄市小港區,22.515082,120.357564,True,室內設施,高雄,高雄市,125,13.75,High Risk,最近測站 AQI 125 > 100,55
崁頂老人文康中心,屏東縣崁頂鄉,22.5152,120.5069,True,室內設施,屏東,屏東市,56,17.31,Low Risk,風險較低,30
高雄市立林園高級中學,高雄市林園區,22.516726,120.395661,True,室內設施,高雄,高雄市,125,15.65,High Risk,最近測站 AQI 125 > 100,55
丹林活動中心,屏東縣來義鄉,22.5174,120.6348,True,室內設施,屏東,屏東市,56,22.81,Low Risk,風險較低,35
高雄市小港區鳳林國民中學,高雄市小港區,22.52185,120.348385,True,室內設施,高雄,高雄市,125,12.68,High Risk,最近測站 AQI 125 > 100,55
潮東國小,屏東縣潮州鎮,22.52309297,120.5609105,True,室內設施,屏東,屏東市,56,18.03,Low Risk,風險較低,30
新園國小,屏東縣新園鄉,22.5241,120.4519,True,室內設施,屏東,屏東市,56,16.56,Low Risk,風險較低,30
歷坵活動中心 Liqiu Activity Center,臺東縣金峰鄉,22.526384,120.926439,True,室內設施,台東,台東市,42,34.31,Low Risk,風險較低,10
古樓國小,屏東縣來義鄉,22.5275,120.6258,True,室內設施,屏東,屏東市,56,21.36,Low Risk,風險較低,35
高雄市林園區金潭國民小學,高雄市林園區,22.528055,120.396078,True,室內設施,高雄,高雄市,125,14.71,High Risk,最近測站 AQI 125 > 100,55
金崙溫泉長老教會,臺東縣太麻里鄉,22.530918,120.937667,True,室內設施,台東,台東市,42,33.17,Low Risk,風險較低,10
賓茂國小 Binmao Elementary School,臺東縣金峰鄉,22.532403,120.95583,True,室內設施,台東,台東市,42,31.84,Low Risk,風險較低,10
賓茂活動中心 Binmao Activity Center,臺東縣金峰鄉,22.532592,120.961712,True,室內設施,台東,台東市,42,31.45,Low Risk,風險較低,10
金崙活動中心,臺東縣太麻里鄉,22.533379,120.964363,True,室內設施,台東,台東市,42,31.21,Low Risk,風險較低,10
光春國中,屏東縣潮州鎮,22.534662,120.539763,True,室內設施,屏東,屏東市,56,16.0,Low Risk,風險較低,30
力社國小,屏東縣崁頂鄉,22.5388,120.5092,True,室內設施,屏東,屏東市,56,14.75,Low Risk,風險較低,30
義仁里社區活動中心,高雄市大寮區,22.539227,120.403252,True,室內設施,高雄,高雄市,125,14.33,High Risk,最近測站 AQI 125 > 100,55
光春國小,屏東縣潮州鎮,22.540379,120.536872,True,室內設施,屏東,屏東市,56,15.3,Low Risk,風險較低,30
高雄市大寮區昭明國小,高雄市大寮區,22.54239,120.408514,True,室內設施,高雄,高雄市,125,14.49,High Risk,最近測站 AQI 125 > 100,55
新園鄉公所,屏東縣新園鄉,22.5438,120.4615,True,室內設施,屏東,屏東市,56,14.22,Low Risk,風險較低,30
仙吉國小,屏東縣新園鄉,22.5443,120.4611,True,室內設施,屏東,屏東市,56,14.17,Low Risk,風險較低,30
四林國小,屏東縣潮州鎮,22.544592,120.569267,True,室內設施,屏東,屏東市,56,16.33,Low Risk,風險較低,30
新園國中,屏東縣新園鄉,22.5452,120.461,True,室內設施,屏東,屏東市,56,14.08,Low Risk,風險較低,30
光華國小,屏東縣潮州鎮,22.547268,120.543657,True,室內設施,屏東,屏東市,56,14.85,Low Risk,風險較低,30
鎮立幼兒園,屏東縣潮州鎮,22.547719,120.550815,True,室內設施,屏東,屏東市,56,15.11,Low Risk,風險較低,30
潮州國小,屏東縣潮州鎮,22.548406,120.541139,True,室內設施,屏東,屏東市,56,14.63,Low Risk,風險較低,30
佳佐國小中興分校,屏東縣萬巒鄉,22.5491,120.6123,True,室內設施,屏東,屏東市,56,18.66,Low Risk,風險較低,30
瓦?國小,屏東縣新園鄉,22.5523,120.4747,True,室內設施,屏東,屏東市,56,13.1,Low Risk,風險較低,30
平和活動中心,屏東縣泰武鄉,22.5527,120.6293,True,室內設施,屏東,屏東市,56,19.64,Low Risk,風險較低,30
潮州國中,屏東縣潮州鎮,22.554008,120.542947,True,室內設施,屏東,屏東市,56,14.13,Low Risk,風險較低,30
會結里社區活動中心,高雄市大寮區,22.554827,120.424982,True,室內設施,屏東,屏東市,56,14.22,Low Risk,風險較低,30
潮和國小,屏東縣潮州鎮,22.556803,120.538038,True,室內設施,屏東,屏東市,56,13.65,Low Risk,風險較低,30
潮昇國小,屏東縣潮州鎮,22.557031,120.547724,True,室內設施,屏東,屏東市,56,14.04,Low Risk,風險較低,30
新厝里社區活動中心,高雄市大寮區,22.560361,120.40918,True,室內設施,高雄,高雄市,125,13.34,High Risk,最近測站 AQI 125 > 100,55
高雄市小港區小港國民小學,高雄市小港區,22.56103,120.336089,True,室內設施,高雄,高雄市,125,8.18,High Risk,最近測站 AQI 125 > 100,50
志成佛寺,屏東縣萬巒鄉,22.5614,120.5629,True,室內設施,屏東,屏東市,56,14.4,Low Risk,風險較低,30
高雄市小港區鳳陽國民小學,高雄市小港區,22.561551,120.370393,True,室內設施,高雄,高雄市,125,10.18,High Risk,最近測站 AQI 125 > 100,55
潮寮老人活動中心,高雄市大寮區,22.562091,120.430298,True,室內設施,屏東,屏東市,56,13.26,Low Risk,風險較低,30
新庄國小,屏東縣萬丹鄉,22.5622,120.4803,True,室內設施,屏東,屏東市,56,11.97,Low Risk,風險較低,30
高雄市立潮寮國民中學,高雄市大寮區,22.563415,120.425175,True,室內設施,屏東,屏東市,56,13.36,Low Risk,風險較低,30
高雄市小港區二苓國民小學,高雄市小港區,22.5638,120.3533,True,室內設施,高雄,高雄市,125,8.85,High Risk,最近測站 AQI 125 > 100,50
高雄市立小港高級中學,高雄市小港區,22.565249,120.357413,True,室內設施,高雄,高雄市,125,8.98,High Risk,最近測站 AQI 125 > 100,50
高雄市大寮區潮寮國小,高雄市大寮區,22.565716,120.425144,True,室內設施,屏東,屏東市,56,13.14,Low Risk,風險較低,30
國立高雄餐旅大學附屬餐旅高級中等學校,高雄市小港區,22.566216,120.371763,True,室內設施,高雄,高雄市,125,9.92,High Risk,最近測站 AQI 125 > 100,50
高雄市小港區漢民國民小學,高雄市小港區,22.566473,120.35926,True,室內設施,高雄,高雄市,125,9.0,High Risk,最近測站 AQI 125 > 100,50
高雄市立中山國民中學,高雄市小港區,22.56665,120.356421,True,室內設施,高雄,高雄市,125,8.8,High Risk,最近測站 AQI 125 > 100,50
高雄市立小港國民中學,高雄市小港區,22.566732,120.338056,True,室內設施,高雄,高雄市,125,7.71,High Risk,最近測站 AQI 125 > 100,50
高雄市小港區華山國民小學,高雄市小港區,22.5677,120.3657,True,室內設施,高雄,高雄市,125,9.35,High Risk,最近測站 AQI 125 > 100,50
高雄市小港區港和國民小學,高雄市小港區,22.5681,120.3379,True,室內設施,高雄,高雄市,125,7.57,High Risk,最近測站 AQI 125 > 100,50
佳興活動中心,屏東縣泰武鄉,22.5703,120.6631,True,室內設施,屏東,屏東市,56,21.28,Low Risk,風險較低,35
佳佐國小,屏東縣萬巒鄉,22.5712,120.5956,True,室內設施,屏東,屏東市,56,15.71,Low Risk,風險較低,30
萬巒鄉公所展覽廳,屏東縣萬巒鄉,22.5725,120.5678,True,室內設施,屏東,屏東市,56,13.69,Low Risk,風險較低,30
高雄市前鎮區佛公國民小學,高雄市前鎮區,22.572651,120.320909,True,室內設施,高雄,高雄市,125,6.4,High Risk,最近測站 AQI 125 > 100,50
萬巒國小,屏東縣萬巒鄉,22.5727,120.5723,True,室內設施,屏東,屏東市,56,13.96,Low Risk,風險較低,30
大明國小,屏東縣竹田鄉,22.5756,120.5251,True,室內設施,屏東,屏東市,56,11.21,Low Risk,風險較低,30
過溪里社區活動中心,高雄市大寮區,22.576183,120.418885,True,室內設施,屏東,屏東市,56,12.47,Low Risk,風險較低,30
武潭活動中心,屏東縣泰武鄉,22.578,120.6361,True,室內設施,屏東,屏東市,56,18.48,Low Risk,風險較低,30
西方道堂,屏東縣萬巒鄉,22.5802,120.6297,True,室內設施,屏東,屏東市,56,17.8,Low Risk,風險較低,30
高雄市前鎮區明正國民小學,高雄市前鎮區,22.580243,120.326581,True,室內設施,高雄,高雄市,125,5.84,High Risk,最近測站 AQI 125 > 100,50
高雄市立明義國民中學,高雄市小港區,22.582027,120.368282,True,室內設施,高雄,高雄市,125,8.51,High Risk,最近測站 AQI 125 > 100,50
清山寺,高雄市大寮區,22.582377,120.385461,True,室內設施,高雄,高雄市,125,9.97,High Risk,最近測站 AQI 125 > 100,50
萬丹國小,屏東縣萬丹鄉,22.5826,120.4887,True,室內設施,屏東,屏東市,56,9.69,Low Risk,風險較低,25
竹田國小,屏東縣竹田鄉,22.5828,120.544,True,室內設施,屏東,屏東市,56,11.35,Low Risk,風險較低,30
高雄市小港區桂林國民小學,高雄市小港區,22.583128,120.350425,True,室內設施,高雄,高雄市,125,7.03,High Risk,最近測站 AQI 125 > 100,50
高雄市立前鎮國民中學,高雄市前鎮區,22.583367,120.321031,True,室內設施,高雄,高雄市,125,5.28,High Risk,最近測站 AQI 125 > 100,50
高雄市小港區明義國民小學,高雄市小港區,22.5834,120.3678,True,室內設施,高雄,高雄市,125,8.38,High Risk,最近測站 AQI 125 > 100,50
竹田鄉公所,屏東縣竹田鄉,22.5847,120.544,True,室內設施,屏東,屏東市,56,11.18,Low Risk,風險較低,30
富翔天廈,高雄市大寮區,22.584752,120.380306,True,室內設施,高雄,高雄市,125,9.38,High Risk,最近測站 AQI 125 > 100,50
高雄市前鎮區前鎮國民小學,高雄市前鎮區,22.585437,120.308702,True,室內設施,高雄,高雄市,125,4.71,High Risk,最近測站 AQI 125 > 100,50
高雄市立興仁國民中學,高雄市前鎮區,22.5863,120.3139,True,室內設施,高雄,高雄市,125,4.74,High Risk,最近測站 AQI 125 > 100,50
高雄市立前鎮高級中學,高雄市前鎮區,22.586862,120.32001,True,室內設施,高雄,高雄市,125,4.89,High Risk,最近測站 AQI 125 > 100,50
香蘭國小,臺東縣太麻里鄉,22.587759,120.993452,True,室內設施,台東,台東市,42,24.64,Low Risk,風險較低,10
高雄市旗津區大汕國民小學,高雄市旗津區,22.5879,120.2877,True,室內設施,高雄,高雄市,125,4.6,High Risk,最近測站 AQI 125 > 100,50
高雄市立旗津國民中學,高雄市旗津區,22.5885,120.286,True,室內設施,高雄,高雄市,125,4.59,High Risk,最近測站 AQI 125 > 100,50
萬巒鄉立幼兒園泗溝分班,屏東縣萬巒鄉,22.5885,120.58,True,室內設施,屏東,屏東市,56,13.22,Low Risk,風險較低,30
圖書館,屏東縣萬丹鄉,22.589,120.4849,True,室內設施,屏東,屏東市,56,8.97,Low Risk,風險較低,25
萬丹鄉行政中心,屏東縣萬丹鄉,22.5894,120.485,True,室內設施,屏東,屏東市,56,8.93,Low Risk,風險較低,25
高雄市旗津區公所5樓大禮堂,高雄市旗津區,22.589974,120.284774,True,室內設施,高雄,高雄市,125,4.49,High Risk,最近測站 AQI 125 > 100,50
佛聖宮,高雄市大寮區,22.590008,120.381144,True,室內設施,高雄,高雄市,125,9.18,High Risk,最近測站 AQI 125 > 100,50
高雄市鳳山區過埤國民小學,高雄市鳳山區,22.590382,120.362405,False,戶外設施,高雄,高雄市,125,7.49,High Risk,最近測站 AQI 125 > 100,70
高雄市立福誠高級中學,高雄市鳳山區,22.590487,120.323885,True,室內設施,高雄,高雄市,125,4.7,High Risk,最近測站 AQI 125 > 100,50
高雄市前鎮區鎮昌國民小學,高雄市前鎮區,22.590548,120.317983,True,室內設施,高雄,高雄市,125,4.43,High Risk,最近測站 AQI 125 > 100,50
五溝國小,屏東縣萬巒鄉,22.5908,120.594,True,室內設施,屏東,屏東市,56,14.14,Low Risk,風險較低,30
高雄市大寮區大寮國民小學,高雄市大寮區,22.590861,120.416445,True,室內設施,屏東,屏東市,56,11.3,Low Risk,風險較低,30
佳平活動中心,屏東縣泰武鄉,22.591406,120.628948,True,室內設施,屏東,屏東市,56,17.07,Low Risk,風險較低,30
大寮里社區活動中心,高雄市大寮區,22.591471,120.416643,True,室內設施,屏東,屏東市,56,11.23,Low Risk,風險較低,30
泰武國中,屏東縣泰武鄉,22.5915,120.6333,True,室內設施,屏東,屏東市,56,17.45,Low Risk,風險較低,30
澳洲特區,高雄市大寮區,22.591949,120.396834,True,室內設施,高雄,高雄市,125,10.56,High Risk,最近測站 AQI 125 > 100,55
荷蘭町,高雄市大寮區,22.591993,120.399701,True,室內設施,高雄,高雄市,125,10.83,High Risk,最近測站 AQI 125 > 100,55
興華國小,屏東縣萬丹鄉,22.5929,120.4615,True,室內設施,屏東,屏東市,56,8.9,Low Risk,風險較低,25
高雄市政府社會局無障礙之家,高雄市前鎮區,22.5941,120.3153,True,室內設施,高雄,高雄市,125,3.96,High Risk,最近測站 AQI 125 > 100,50
高雄市鳳山區南成國民小學,高雄市鳳山區,22.594316,120.335487,False,戶外設施,高雄,高雄市,125,5.07,High Risk,最近測站 AQI 125 > 100,70
龍成宮,高雄市鳳山區,22.5945,120.3283,True,室內設施,高雄,高雄市,125,4.57,High Risk,最近測站 AQI 125 > 100,50
米蘭特區,高雄市大寮區,22.594653,120.388157,True,室內設施,高雄,高雄市,125,9.62,High Risk,最近測站 AQI 125 > 100,50
四維國小,屏東縣萬丹鄉,22.595,120.49,True,室內設施,屏東,屏東市,56,8.32,Low Risk,風險較低,25
僑智國小,屏東縣內埔鄉,22.595,120.5566,True,室內設施,屏東,屏東市,56,11.03,Low Risk,風險較低,30
萬金天主教堂,屏東縣萬巒鄉,22.5951,120.6112,True,室內設施,屏東,屏東市,56,15.3,Low Risk,風險較低,30
嘉蘭國小 Jialan Elementary School,臺東縣金峰鄉,22.595308,120.961523,True,室內設施,台東,台東市,42,26.32,Low Risk,風險較低,10
高雄市鳳山區鳳翔國民小學,高雄市鳳山區,22.595332,120.340798,False,戶外設施,高雄,高雄市,125,5.38,High Risk,最近測站 AQI 125 > 100,70
高雄市立鳳翔國民中學,高雄市鳳山區,22.59641,120.348197,True,室內設施,高雄,高雄市,125,5.91,High Risk,最近測站 AQI 125 > 100,50
萬丹國中,屏東縣萬丹鄉,22.5966,120.4881,True,室內設施,屏東,屏東市,56,8.13,Low Risk,風險較低,25
嘉蘭村活動中心 Jialan Activity Center,臺東縣金峰鄉,22.596696,120.959985,True,室內設施,台東,台東市,42,26.33,Low Risk,風險較低,10
高雄市鳳山區福誠國民小學,高雄市鳳山區,22.596813,120.325055,False,戶外設施,高雄,高雄市,125,4.17,High Risk,最近測站 AQI 125 > 100,70
高雄市立五甲國民中學,高雄市鳳山區,22.598112,120.328691,True,室內設施,高雄,高雄市,125,4.29,High Risk,最近測站 AQI 125 > 100,50
高雄市鳳山區中崙國民小學,高雄市鳳山區,22.599431,120.350798,False,戶外設施,高雄,高雄市,125,5.94,High Risk,最近測站 AQI 125 > 100,70
大發公有市場3樓,高雄市大寮區,22.600592,120.397972,True,室內設施,高雄,高雄市,125,10.35,High Risk,最近測站 AQI 125 > 100,55
高雄市前鎮區瑞祥國民小學,高雄市前鎮區,22.600692,120.326798,True,室內設施,高雄,高雄市,125,3.94,High Risk,最近測站 AQI 125 > 100,50
高雄市旗津區中洲國民小學,高雄市旗津區,22.6008,120.2764,True,室內設施,高雄,高雄市,125,3.91,High Risk,最近測站 AQI 125 > 100,50
高雄市立瑞祥高級中學,高雄市前鎮區,22.602208,120.324758,True,室內設施,高雄,高雄市,125,3.68,High Risk,最近測站 AQI 125 > 100,50
高雄市立大寮幼兒園,高雄市大寮區,22.602808,120.422136,True,室內設施,屏東,屏東市,56,9.91,Low Risk,風險較低,25
高雄市立大寮國民中學,高雄市大寮區,22.602926,120.39266,True,室內設施,高雄,高雄市,125,9.75,High Risk,最近測站 AQI 125 > 100,50
高雄市立中崙國民中學,高雄市鳳山區,22.603304,120.353555,True,室內設施,高雄,高雄市,125,5.98,High Risk,最近測站 AQI 125 > 100,50
三隆里社區活動中心,高雄市大寮區,22.60349,120.406342,True,室內設施,屏東,屏東市,56,10.99,Low Risk,風險較低,30
高雄市鳳山區正義國民小學,高雄市鳳山區,22.603997,120.340127,False,戶外設施,高雄,高雄市,125,4.75,High Risk,最近測站 AQI 125 > 100,70
正興村活動中心Zhengxing Activity Center,臺東縣金峰鄉,22.604086,120.996484,True,室內設施,台東,台東市,42,23.08,Low Risk,風險較低,10
泰武活動中心,屏東縣泰武鄉,22.6046,120.6117,True,室內設施,屏東,屏東市,56,14.8,Low Risk,風險較低,30
高雄市立獅甲國民中學,高雄市前鎮區,22.6051,120.3083,True,室內設施,高雄,高雄市,125,2.57,High Risk,最近測站 AQI 125 > 100,50
竹田鄉立幼兒園,屏東縣竹田鄉,22.60513,120.5476216,True,室內設施,屏東,屏東市,56,9.57,Low Risk,風險較低,25
高雄市大寮區永芳國民小學,高雄市大寮區,22.605277,120.395195,True,室內設施,高雄,高雄市,125,9.93,High Risk,最近測站 AQI 125 > 100,50
高雄市前鎮區瑞豐國民小學,高雄市前鎮區,22.6061,120.337,True,室內設施,高雄,高雄市,125,4.35,High Risk,最近測站 AQI 125 > 100,50
金湯營區,高雄市鳳山區,22.6077,120.3623,True,室內設施,高雄,高雄市,125,6.62,High Risk,最近測站 AQI 125 > 100,50
中正營區,高雄市鳳山區,22.6077,120.3623,True,室內設施,高雄,高雄市,125,6.62,High Risk,最近測站 AQI 125 > 100,50
高雄市大寮區山頂國民小學,高雄市大寮區,22.607807,120.388806,False,戶外設施,高雄,高雄市,125,9.23,High Risk,最近測站 AQI 125 > 100,70
高雄市前鎮區復興國民小學,高雄市前鎮區,22.608203,120.311425,True,室內設施,高雄,高雄市,125,2.36,High Risk,最近測站 AQI 125 > 100,50
高雄市前鎮區樂群國民小學,高雄市前鎮區,22.608234,120.322489,True,室內設施,高雄,高雄市,125,3.03,High Risk,最近測站 AQI 125 > 100,50
山頂里社區活動中心,高雄市大寮區,22.608247,120.388518,False,戶外設施,高雄,高雄市,125,9.19,High Risk,最近測站 AQI 125 > 100,70
高雄市前鎮區民權國民小學,高雄市前鎮區,22.608482,120.314444,True,室內設施,高雄,高雄市,125,2.48,High Risk,最近測站 AQI 125 > 100,50
高雄市旗津區旗津國民小學,高雄市旗津區,22.609,120.2715,True,室內設施,高雄,高雄市,125,3.68,High Risk,最近測站 AQI 125 > 100,50
高雄市竹西里活動中心,高雄市前鎮區,22.60930404,120.3198654,True,室內設施,高雄,高雄市,125,2.76,High Risk,最近測站 AQI 125 > 100,50
內埔國小,屏東縣內埔鄉,22.61,120.5659,True,室內設施,屏東,屏東市,56,10.56,Low Risk,風險較低,30
高雄市立中正高級工業職業學校,高雄市前鎮區,22.610595,120.317629,True,室內設施,高雄,高雄市,125,2.5,High Risk,最近測站 AQI 125 > 100,50
高雄市立光華國民中學,高雄市前鎮區,22.61083,120.322944,True,室內設施,高雄,高雄市,125,2.87,High Risk,最近測站 AQI 125 > 100,50
內埔鄉文康中心,屏東縣內埔鄉,22.611,120.5695,True,室內設施,屏東,屏東市,56,10.78,Low Risk,風險較低,30
高雄市立瑞豐國民中學,高雄市前鎮區,22.611085,120.331091,True,室內設施,高雄,高雄市,125,3.54,High Risk,最近測站 AQI 125 > 100,50
內埔國中,屏東縣內埔鄉,22.6113,120.5705,True,室內設施,屏東,屏東市,56,10.84,Low Risk,風險較低,30
大王國小,臺東縣太麻里鄉,22.613304,121.003685,True,室內設施,台東,台東市,42,21.83,Low Risk,風險較低,10
高雄市鳳山區新甲國民小學,高雄市鳳山區,22.613771,120.339923,False,戶外設施,高雄,高雄市,125,4.23,High Risk,最近測站 AQI 125 > 100,70
高雄市苓雅區成功國民小學,高雄市苓雅區,22.613929,120.297064,True,室內設施,高雄,高雄市,125,1.55,High Risk,最近測站 AQI 125 > 100,50
高雄市前鎮區愛群國民小學,高雄市前鎮區,22.61396,120.312716,True,室內設施,高雄,高雄市,125,1.88,High Risk,最近測站 AQI 125 > 100,50
武侯宮,高雄市大寮區,22.613987,120.411173,True,室內設施,屏東,屏東市,56,9.86,Low Risk,風險較低,25
光武里社區活動中心,高雄市大寮區,22.614458,120.384658,True,室內設施,高雄,高雄市,125,8.66,High Risk,最近測站 AQI 125 > 100,50
高雄市苓洲國民小學,高雄市苓雅區,22.6145,120.3005,True,室內設施,高雄,高雄市,125,1.43,High Risk,最近測站 AQI 125 > 100,50
順安府,臺東縣太麻里鄉,22.614936,120.993368,True,室內設施,台東,台東市,42,22.45,Low Risk,風險較低,10
太麻里鄉老人會館,臺東縣太麻里鄉,22.614936,120.993368,True,室內設施,台東,台東市,42,22.45,Low Risk,風險較低,10
社皮國小,屏東縣萬丹鄉,22.615,120.4681,True,室內設施,屏東,屏東市,56,6.35,Low Risk,風險較低,25
高雄市立英明國民中學,高雄市苓雅區,22.615251,120.324395,True,室內設施,高雄,高雄市,125,2.71,High Risk,最近測站 AQI 125 > 100,50
東寧國小,屏東縣內埔鄉,22.6155,120.5629,True,室內設施,屏東,屏東市,56,9.94,Low Risk,風險較低,25
老人文康活動中心,屏東縣萬丹鄉,22.6157,120.4691,True,室內設施,屏東,屏東市,56,6.25,Low Risk,風險較低,25
老人文康活動中心,屏東縣萬丹鄉,22.6157,120.4691,True,室內設施,屏東,屏東市,56,6.25,Low Risk,風險較低,25
廣安國小,屏東縣萬丹鄉,22.6157,120.4905,True,室內設施,屏東,屏東市,56,6.02,Low Risk,風險較低,25
竹田國中,屏東縣竹田鄉,22.615722,120.524088,True,室內設施,屏東,屏東市,56,7.17,Low Risk,風險較低,25
黃厝北極上帝殿,高雄市大寮區,22.616179,120.410497,True,室內設施,屏東,屏東市,56,9.76,Low Risk,風險較低,25
富田國小,屏東縣內埔鄉,22.6163,120.5401,True,室內設施,屏東,屏東市,56,8.14,Low Risk,風險較低,25
高雄市大寮區忠義國民小學,高雄市大寮區,22.616353,120.384143,True,室內設施,高雄,高雄市,125,8.58,High Risk,最近測站 AQI 125 > 100,50
高雄市立鳳甲國民中學,高雄市鳳山區,22.616576,120.342588,True,室內設施,高雄,高雄市,125,4.39,High Risk,最近測站 AQI 125 > 100,50
高雄市鳳山區誠正國民小學,高雄市鳳山區,22.616848,120.363867,False,戶外設施,高雄,高雄市,125,6.52,High Risk,最近測站 AQI 125 > 100,70
高雄市鳳山區鳳西國民小學,高雄市鳳山區,22.61715,120.358728,False,戶外設施,高雄,高雄市,125,5.99,High Risk,最近測站 AQI 125 > 100,70
高雄市鳳山區忠孝國民小學,高雄市鳳山區,22.617854,120.349428,False,戶外設施,高雄,高雄市,125,5.04,High Risk,最近測站 AQI 125 > 100,70
高雄市立苓雅國民中學,高雄市苓雅區,22.618047,120.30541,True,室內設施,高雄,高雄市,125,1.11,High Risk,最近測站 AQI 125 > 100,50
忠義里里辦公處2樓,高雄市大寮區,22.618515,120.382478,True,室內設施,高雄,高雄市,125,8.38,High Risk,最近測站 AQI 125 > 100,50
中興里社區活動中心,高雄市大寮區,22.618811,120.387461,True,室內設施,高雄,高雄市,125,8.88,High Risk,最近測站 AQI 125 > 100,50
高雄市苓雅區福康國民小學,高雄市苓雅區,22.618957,120.32935,True,室內設施,高雄,高雄市,125,3.02,High Risk,最近測站 AQI 125 > 100,50
黃埔營區,高雄市鳳山區,22.6192,120.3656,True,室內設施,高雄,高雄市,125,6.65,High Risk,最近測站 AQI 125 > 100,50
高雄市立忠孝國民中學,高雄市鳳山區,22.619923,120.346448,True,室內設施,高雄,高雄市,125,4.7,High Risk,最近測站 AQI 125 > 100,50
新濱營區,高雄市鼓山區,22.6202,120.2745,True,室內設施,高雄,高雄市,125,2.87,High Risk,最近測站 AQI 125 > 100,50
高雄市政府社會局安琪兒家園,高雄市苓雅區,22.6205,120.312,True,室內設施,高雄,高雄市,125,1.32,High Risk,最近測站 AQI 125 > 100,50
高雄市政府社會局陽光家園,高雄市苓雅區,22.6205,120.312,True,室內設施,高雄,高雄市,125,1.32,High Risk,最近測站 AQI 125 > 100,50
高雄市苓雅區五權國民小學,高雄市苓雅區,22.62062,120.324166,True,室內設施,高雄,高雄市,125,2.45,High Risk,最近測站 AQI 125 > 100,50
育英國小,屏東縣內埔鄉,22.6207,120.5815,True,室內設施,屏東,屏東市,56,11.22,Low Risk,風險較低,30
高雄市立高雄高級女子中學,高雄市前金區,22.6209,120.2927,True,室內設施,高雄,高雄市,125,1.14,High Risk,最近測站 AQI 125 > 100,50
高雄市鹽埕區光榮國民小學,高雄市鹽埕區,22.621,120.288,True,室內設施,高雄,高雄市,125,1.54,High Risk,最近測站 AQI 125 > 100,50
謝府元帥廟,高雄市大寮區,22.621389,120.393778,True,室內設施,高雄,高雄市,125,9.5,High Risk,最近測站 AQI 125 > 100,50
高雄市鹽埕區忠孝國民小學,高雄市鹽埕區,22.6216,120.2852,True,室內設施,高雄,高雄市,125,1.78,High Risk,最近測站 AQI 125 > 100,50
沙鹿幼兒園埔子分班,臺中市沙鹿區,22.6219,120.3381,True,室內設施,高雄,高雄市,125,3.81,High Risk,最近測站 AQI 125 > 100,50
高雄市苓雅區四維國民小學,高雄市苓雅區,22.623092,120.312653,True,室內設施,高雄,高雄市,125,1.25,High Risk,最近測站 AQI 125 > 100,50
翁園里社區活動中心,高雄市大寮區,22.623246,120.408663,True,室內設施,屏東,屏東市,56,9.46,Low Risk,風險較低,25
高雄市大寮區翁園國民小學,高雄市大寮區,22.623246,120.408663,True,室內設施,屏東,屏東市,56,9.46,Low Risk,風險較低,25
高雄市鼓山區鼓山國民小學,高雄市鼓山區,22.6236,120.2713,False,戶外設施,高雄,高雄市,125,3.12,High Risk,最近測站 AQI 125 > 100,70
高雄市立鹽埕國民中學,高雄市鹽埕區,22.6236,120.2879,True,室內設施,高雄,高雄市,125,1.45,High Risk,最近測站 AQI 125 > 100,50
高雄市鹽埕區鹽埕國民小學,高雄市鹽埕區,22.6237,120.2829,True,室內設施,高雄,高雄市,125,1.94,High Risk,最近測站 AQI 125 > 100,50
高雄市鳳山區大東國民小學,高雄市鳳山區,22.623852,120.362625,False,戶外設施,高雄,高雄市,125,6.3,High Risk,最近測站 AQI 125 > 100,70
高雄市苓雅區福東國民小學,高雄市苓雅區,22.6241,120.3269,True,室內設施,高雄,高雄市,125,2.64,High Risk,最近測站 AQI 125 > 100,50
高雄市立新興高級中學,高雄市新興區,22.6244,120.304,True,室內設施,高雄,高雄市,125,0.42,High Risk,最近測站 AQI 125 > 100,50
鹽埕區公所11樓大禮堂,高雄市鹽埕區,22.6248,120.2868,True,室內設施,高雄,高雄市,125,1.52,High Risk,最近測站 AQI 125 > 100,50
高雄市鳳山區鳳山國民小學,高雄市鳳山區,22.624823,120.356507,False,戶外設施,高雄,高雄市,125,5.66,High Risk,最近測站 AQI 125 > 100,70
鳳山區公所大禮堂,高雄市鳳山區,22.6252,120.3592,False,戶外設施,高雄,高雄市,125,5.94,High Risk,最近測站 AQI 125 > 100,70
高雄市立鳳山國民中學,高雄市鳳山區,22.625285,120.372009,True,室內設施,高雄,高雄市,125,7.25,High Risk,最近測站 AQI 125 > 100,50
高雄市立高雄高級高商職業學校,高雄市新興區,22.6257,120.3095,True,室內設施,高雄,高雄市,125,0.85,High Risk,最近測站 AQI 125 > 100,50
高雄市前金區前金國民小學,高雄市前金區,22.626351,120.293922,True,室內設施,高雄,高雄市,125,0.77,High Risk,最近測站 AQI 125 > 100,50
高雄市立中正高級中學,高雄市苓雅區,22.626491,120.338791,True,室內設施,高雄,高雄市,125,3.84,High Risk,最近測站 AQI 125 > 100,50
高雄市新興區新興國民小學,高雄市新興區,22.627003,120.305317,True,室內設施,高雄,高雄市,125,0.4,High Risk,最近測站 AQI 125 > 100,50
萬安活動中心,屏東縣泰武鄉,22.6274,120.6384,True,室內設施,屏東,屏東市,56,16.34,Low Risk,風險較低,30
前金區公所5樓大禮堂,高雄市前金區,22.6276,120.2943,True,室內設施,高雄,高雄市,125,0.73,High Risk,最近測站 AQI 125 > 100,50
高雄市新興區大同國民小學,高雄市新興區,22.628,120.2985,True,室內設施,高雄,高雄市,125,0.31,High Risk,最近測站 AQI 125 > 100,50
高雄市鳳山區中正國民小學,高雄市鳳山區,22.628249,120.37408,False,戶外設施,高雄,高雄市,125,7.46,High Risk,最近測站 AQI 125 > 100,70
溪寮里社區活動中心,高雄市大寮區,22.628398,120.420494,True,室內設施,屏東,屏東市,56,8.13,Low Risk,風險較低,25
基督教鳳山長老教會,高雄市鳳山區,22.6284,120.361,True,室內設施,高雄,高雄市,125,6.12,High Risk,最近測站 AQI 125 > 100,50
高雄市立前金國民中學,高雄市前金區,22.6294,120.2905,True,室內設施,高雄,高雄市,125,1.14,High Risk,最近測站 AQI 125 > 100,50
國立鳳山高級中學,高雄市鳳山區,22.629893,120.345723,True,室內設施,高雄,高雄市,125,4.56,High Risk,最近測站 AQI 125 > 100,50
排灣社區活動中心,屏東縣瑪家鄉,22.63,120.6264,True,室內設施,屏東,屏東市,56,15.08,Low Risk,風險較低,30
高雄市苓雅區中正國民小學,高雄市苓雅區,22.630177,120.333309,True,室內設施,高雄,高雄市,125,3.29,High Risk,最近測站 AQI 125 > 100,50
高雄市鳳山區瑞興國民小學,高雄市鳳山區,22.63018,120.368353,False,戶外設施,高雄,高雄市,125,6.88,High Risk,最近測站 AQI 125 > 100,70
鳳山街友服務中心,高雄市鳳山區,22.6303,120.3648,True,室內設施,高雄,高雄市,125,6.52,High Risk,最近測站 AQI 125 > 100,50
高雄市大寮區溪寮國民小學,高雄市大寮區,22.630524,120.420439,True,室內設施,屏東,屏東市,56,8.01,Low Risk,風險較低,25
高雄市鳳山區中山國民小學,高雄市鳳山區,22.630617,120.349906,False,戶外設施,高雄,高雄市,125,4.99,High Risk,最近測站 AQI 125 > 100,70
高雄市立青年國民中學,高雄市鳳山區,22.630785,120.349,True,室內設施,高雄,高雄市,125,4.9,High Risk,最近測站 AQI 125 > 100,50
泰安國小,屏東縣內埔鄉,22.6308,120.5943,True,室內設施,屏東,屏東市,56,11.94,Low Risk,風險較低,30
北里活動中心,臺東縣太麻里鄉,22.6313,120.9994,True,室內設施,台東,台東市,42,20.75,Low Risk,風險較低,10
高雄市新興區信義國民小學,高雄市新興區,22.6316,120.311,True,室內設施,高雄,高雄市,125,1.1,High Risk,最近測站 AQI 125 > 100,50
高雄市鼓山區壽山國民小學,高雄市鼓山區,22.631757,120.280013,False,戶外設施,高雄,高雄市,125,2.25,High Risk,最近測站 AQI 125 > 100,70
高雄市前金區建國國民小學,高雄市前金區,22.6324,120.2979,True,室內設施,高雄,高雄市,125,0.67,High Risk,最近測站 AQI 125 > 100,50
高雄市立壽山國民中學,高雄市鼓山區,22.633012,120.278437,True,室內設施,高雄,高雄市,125,2.44,High Risk,最近測站 AQI 125 > 100,50
高雄市三民區河濱國民小學,高雄市三民區,22.634,120.2878,True,室內設施,高雄,高雄市,125,1.58,High Risk,最近測站 AQI 125 > 100,50
高雄市新興區七賢國民小學,高雄市新興區,22.634,120.307,True,室內設施,高雄,高雄市,125,0.94,High Risk,最近測站 AQI 125 > 100,50
高雄市鳳山區文華國民小學,高雄市鳳山區,22.6344,120.352746,False,戶外設施,高雄,高雄市,125,5.33,High Risk,最近測站 AQI 125 > 100,70
高雄市大寮區中庄國民小學,高雄市大寮區,22.634717,120.397497,True,室內設施,屏東,屏東市,56,9.87,Low Risk,風險較低,25
"千歲,千北,立德,鳳南聯合里活動中心",高雄市三民區,22.6354,120.2906,True,室內設施,高雄,高雄市,125,1.43,High Risk,最近測站 AQI 125 > 100,50
三塊厝聯合里活動中心,高雄市三民區,22.6361,120.2958,True,室內設施,高雄,高雄市,125,1.13,High Risk,最近測站 AQI 125 > 100,50
高雄市苓雅區凱旋國民小學,高雄市苓雅區,22.636415,120.319935,True,室內設施,高雄,高雄市,125,2.16,High Risk,最近測站 AQI 125 > 100,50
高雄市立中庄國民中學,高雄市大寮區,22.636416,120.401844,True,室內設施,屏東,屏東市,56,9.39,Low Risk,風險較低,25
高雄市三民區三民國民小學,高雄市三民區,22.6367,120.2911,True,室內設施,高雄,高雄市,125,1.49,High Risk,最近測站 AQI 125 > 100,50
鼓山區行政中心七樓大禮堂,高雄市鼓山區,22.6368,120.281,False,戶外設施,高雄,高雄市,125,2.35,High Risk,最近測站 AQI 125 > 100,70
江山里社區活動中心,高雄市大寮區,22.63768,120.411378,True,室內設施,屏東,屏東市,56,8.44,Low Risk,風險較低,25
高雄市大寮區後庄國民小學,高雄市大寮區,22.637822,120.389503,True,室內設施,高雄,高雄市,125,9.12,High Risk,最近測站 AQI 125 > 100,50
屏東市公館國小,屏東縣屏東市,22.6379,120.4822,True,室內設施,屏東,屏東市,56,3.56,Low Risk,風險較低,25
高雄市立高雄高級中學,高雄市三民區,22.6382,120.298,True,室內設施,高雄,高雄市,125,1.26,High Risk,最近測站 AQI 125 > 100,50
高雄市三民區光武國民小學,高雄市三民區,22.6388,120.3343,True,室內設施,高雄,高雄市,125,3.61,High Risk,最近測站 AQI 125 > 100,50
北辰宮,高雄市鳳山區,22.6393,120.3658,True,室內設施,高雄,高雄市,125,6.74,High Risk,最近測站 AQI 125 > 100,50
高雄市鼓山區鼓岩國民小學,高雄市鼓山區,22.6401,120.283,False,戶外設施,高雄,高雄市,125,2.36,High Risk,最近測站 AQI 125 > 100,70
高雄市立民族國民中學,高雄市三民區,22.640511,120.33318,True,室內設施,高雄,高雄市,125,3.58,High Risk,最近測站 AQI 125 > 100,50
"德北,十全,十美聯合里活動中心",高雄市三民區,22.6406,120.2951,True,室內設施,高雄,高雄市,125,1.61,High Risk,最近測站 AQI 125 > 100,50
高雄市鳳山區文德國民小學,高雄市鳳山區,22.640693,120.353925,False,戶外設施,高雄,高雄市,125,5.59,High Risk,最近測站 AQI 125 > 100,70
寶安里活動中心,高雄市三民區,22.6407,120.3289,True,室內設施,高雄,高雄市,125,3.19,High Risk,最近測站 AQI 125 > 100,50
後庄老人活動中心,高雄市大寮區,22.640743,120.390201,True,室內設施,高雄,高雄市,125,9.24,High Risk,最近測站 AQI 125 > 100,50
麟洛鄉公所,屏東縣麟洛鄉,22.641,120.536,True,室內設施,屏東,屏東市,56,6.05,Low Risk,風險較低,25
國立屏東科技大學孟祥體育館,屏東縣內埔鄉,22.64119569,120.5960839,True,室內設施,屏東,屏東市,56,11.74,Low Risk,風險較低,30
屏東縣立公正國中,屏東縣屏東市,22.6412,120.4842,True,室內設施,屏東,屏東市,56,3.17,Low Risk,風險較低,25
義和代天府,高雄市大寮區,22.641423,120.420934,True,室內設施,屏東,屏東市,56,7.37,Low Risk,風險較低,25
高雄市鳳山區鎮北國民小學,高雄市鳳山區,22.642652,120.368052,False,戶外設施,高雄,高雄市,125,7.05,High Risk,最近測站 AQI 125 > 100,70
新興國小 Xingxing Elementary School,臺東縣金峰鄉,22.64298,121.002857,True,室內設施,台東,台東市,42,19.64,Low Risk,風險較低,5
"德智,德仁里活動中心",高雄市三民區,22.643,120.3088,True,室內設施,高雄,高雄市,125,1.9,High Risk,最近測站 AQI 125 > 100,50
寶珠溝里活動中心,高雄市三民區,22.6431,120.3339,True,室內設施,高雄,高雄市,125,3.77,High Risk,最近測站 AQI 125 > 100,50
高雄市立陽明國民中學,高雄市三民區,22.643129,120.340424,True,室內設施,高雄,高雄市,125,4.37,High Risk,最近測站 AQI 125 > 100,50
高雄市三民區民族國民小學,高雄市三民區,22.6435,120.3202,True,室內設施,高雄,高雄市,125,2.64,High Risk,最近測站 AQI 125 > 100,50
高雄市避難收容暨備災訓練中心,高雄市鳳山區,22.6436,120.3648,True,室內設施,高雄,高雄市,125,6.75,High Risk,最近測站 AQI 125 > 100,50
中都地區聯合里活動中心,高雄市三民區,22.6442,120.283,True,室內設施,高雄,高雄市,125,2.66,High Risk,最近測站 AQI 125 > 100,50
高雄市立正興國民中學,高雄市三民區,22.644461,120.319684,True,室內設施,高雄,高雄市,125,2.68,High Risk,最近測站 AQI 125 > 100,50
高雄市三民區愛國國民小學,高雄市三民區,22.6445,120.3137,True,室內設施,高雄,高雄市,125,2.29,High Risk,最近測站 AQI 125 > 100,50
高雄市三民區博愛國民小學,高雄市三民區,22.6453,120.3067,True,室內設施,高雄,高雄市,125,2.07,High Risk,最近測站 AQI 125 > 100,50
高雄市三民區陽明國民小學,高雄市三民區,22.6457,120.3356,True,室內設施,高雄,高雄市,125,4.06,High Risk,最近測站 AQI 125 > 100,50
高雄市三民區正興國民小學,高雄市三民區,22.6463,120.3261,True,室內設施,高雄,高雄市,125,3.3,High Risk,最近測站 AQI 125 > 100,50
高雄市立三民國民中學,高雄市三民區,22.64653,120.306679,True,室內設施,高雄,高雄市,125,2.21,High Risk,最近測站 AQI 125 > 100,50
高雄市三民區十全國民小學,高雄市三民區,22.6467,120.2987,True,室內設施,高雄,高雄市,125,2.17,High Risk,最近測站 AQI 125 > 100,50
"安東,安和,達明聯合里活動中心",高雄市三民區,22.6467,120.304,True,室內設施,高雄,高雄市,125,2.17,High Risk,最近測站 AQI 125 > 100,50
高雄市三民區公所,高雄市三民區,22.6476,120.2998,True,室內設施,高雄,高雄市,125,2.26,High Risk,最近測站 AQI 125 > 100,50
麟洛國中,屏東縣麟洛鄉,22.648,120.5227,True,室內設施,屏東,屏東市,56,4.48,Low Risk,風險較低,25
高雄市立文山高級中學,高雄市鳥松區,22.64819,120.352786,True,室內設施,高雄,高雄市,125,5.76,High Risk,最近測站 AQI 125 > 100,50
寶盛里活動中心,高雄市三民區,22.6483,120.3263,True,室內設施,高雄,高雄市,125,3.46,High Risk,最近測站 AQI 125 > 100,50
高雄市三民區東光國民小學,高雄市三民區,22.649,120.3397,True,室內設施,高雄,高雄市,125,4.61,High Risk,最近測站 AQI 125 > 100,50
安宜里活動中心,高雄市三民區,22.6498,120.2967,True,室內設施,高雄,高雄市,125,2.55,High Risk,最近測站 AQI 125 > 100,50
屏東市前進國小,屏東縣屏東市,22.6502,120.4583,True,室內設施,屏東,屏東市,56,3.57,Low Risk,風險較低,25
高雄市立高雄高級工業職業學校,高雄市三民區,22.65063,120.326452,True,室內設施,高雄,高雄市,125,3.65,High Risk,最近測站 AQI 125 > 100,50
麟洛鄉圖書館,屏東縣麟洛鄉,22.6507,120.5272,True,室內設施,屏東,屏東市,56,4.74,Low Risk,風險較低,25
麟洛國小,屏東縣麟洛鄉,22.6507,120.5272,True,室內設施,屏東,屏東市,56,4.74,Low Risk,風險較低,25
老人文康活動中心,高雄市鳥松區,22.6511,120.3953,True,室內設施,屏東,屏東市,56,9.52,Low Risk,風險較低,25
高雄市立鼓山高級中學,高雄市鼓山區,22.651425,120.27469,True,室內設施,高雄,高雄市,125,3.84,High Risk,最近測站 AQI 125 > 100,50
高雄市鼓山區九如國民小學,高雄市鼓山區,22.652148,120.278711,False,戶外設施,高雄,高雄市,125,3.61,High Risk,最近測站 AQI 125 > 100,70
佳義基督長老教會教育館,屏東縣瑪家鄉,22.6536,120.6311,True,室內設施,屏東,屏東市,56,15.01,Low Risk,風險較低,30
高雄市鳥松區大華國民小學,高雄市鳥松區,22.653733,120.340501,True,室內設施,高雄,高雄市,125,4.97,High Risk,最近測站 AQI 125 > 100,50
高雄市鼓山區龍華國民小學,高雄市鼓山區,22.655,120.2977,False,戶外設施,高雄,高雄市,125,3.1,High Risk,最近測站 AQI 125 > 100,70
本和里活動中心,高雄市三民區,22.6555,120.3261,True,室內設施,高雄,高雄市,125,4.03,High Risk,最近測站 AQI 125 > 100,50
高雄市立鼎金國民中學,高雄市三民區,22.655593,120.320505,True,室內設施,高雄,高雄市,125,3.71,High Risk,最近測站 AQI 125 > 100,50
本館里集會所,高雄市三民區,22.6557,120.3315,True,室內設施,高雄,高雄市,125,4.42,High Risk,最近測站 AQI 125 > 100,50
高雄市大樹區九曲國民小學,高雄市大樹區,22.655886,120.423343,True,室內設施,屏東,屏東市,56,6.6,Low Risk,風險較低,25
高雄市立鼎金國民中學,高雄市三民區,22.6561,120.322,True,室內設施,高雄,高雄市,125,3.84,High Risk,最近測站 AQI 125 > 100,50
台灣基督教長老教會仁美教會短期收,高雄市鳥松區,22.6562,120.3933,True,室內設施,屏東,屏東市,56,9.62,Low Risk,風險較低,25
高雄市三民區莊敬國民小學,高雄市三民區,22.6563,120.3241,True,室內設施,高雄,高雄市,125,3.98,High Risk,最近測站 AQI 125 > 100,50
高雄市鼓山區內惟國民小學,高雄市鼓山區,22.6565,120.2762,False,戶外設施,高雄,高雄市,125,4.15,High Risk,最近測站 AQI 125 > 100,70
大樹區綜合體育館,高雄市大樹區,22.6569,120.4245,True,室內設施,屏東,屏東市,56,6.46,Low Risk,風險較低,25
高雄市立大樹國民中學,高雄市大樹區,22.657006,120.422752,True,室內設施,屏東,屏東市,56,6.63,Low Risk,風險較低,25
高雄市立七賢國民中學,高雄市鼓山區,22.657594,120.28928,True,室內設施,高雄,高雄市,125,3.59,High Risk,最近測站 AQI 125 > 100,50
灣愛里活動中心,高雄市三民區,22.6579,120.3213,True,室內設施,高雄,高雄市,125,3.97,High Risk,最近測站 AQI 125 > 100,50
仁美營區,高雄市大樹區,22.6579,120.4137,True,室內設施,屏東,屏東市,56,7.52,Low Risk,風險較低,25
高雄市立龍華國民中學,高雄市左營區,22.658147,120.309546,True,室內設施,高雄,高雄市,125,3.53,High Risk,最近測站 AQI 125 > 100,50
高雄市鳥松區仁美國民小學,高雄市鳥松區,22.658433,120.394141,True,室內設施,屏東,屏東市,56,9.5,Low Risk,風險較低,25
屏東大學屏商校區活動中心,屏東縣屏東市,22.65860765,120.5122037,True,室內設施,屏東,屏東市,56,2.97,Low Risk,風險較低,25
屏東縣立鶴聲國中,屏東縣屏東市,22.6595,120.4725,True,室內設施,屏東,屏東市,56,1.78,Low Risk,風險較低,25
屏東市復興國小,屏東縣屏東市,22.6599,120.4862,True,室內設施,屏東,屏東市,56,1.09,Low Risk,風險較低,25
鳥松區公所三樓,高雄市鳥松區,22.66,120.3643,True,室內設施,高雄,高雄市,125,7.41,High Risk,最近測站 AQI 125 > 100,50
屏東市民生國小,屏東縣屏東市,22.6609,120.509,True,室內設施,屏東,屏東市,56,2.56,Low Risk,風險較低,25
高雄市立明華國民中學,高雄市鼓山區,22.661903,120.301532,True,室內設施,高雄,高雄市,125,3.85,High Risk,最近測站 AQI 125 > 100,50
華源活動中心,臺東縣太麻里鄉,22.66241819,121.027792,True,室內設施,台東,台東市,42,16.29,Low Risk,風險較低,5
屏東市公所,屏東縣屏東市,22.6626,120.4915,True,室內設施,屏東,屏東市,56,0.98,Low Risk,風險較低,25
高雄市鳥松區鳥松國民小學（備用）,高雄市鳥松區,22.663078,120.361721,True,室內設施,高雄,高雄市,125,7.36,High Risk,最近測站 AQI 125 > 100,50
高雄市立三民高級中學,高雄市三民區,22.663103,120.32672,True,室內設施,高雄,高雄市,125,4.75,High Risk,最近測站 AQI 125 > 100,50
空軍綠島探空分隊,臺東縣綠島鄉,22.6644,121.4718,True,室內設施,台東,台東市,42,34.46,Low Risk,風險較低,10
屏東大學民生校區體育館,屏東縣屏東市,22.66539013,120.5044684,True,室內設施,屏東,屏東市,56,1.96,Low Risk,風險較低,25
屏東市建國國小,屏東縣屏東市,22.6654,120.4866,True,室內設施,屏東,屏東市,56,0.48,Low Risk,風險較低,25
屏東市鶴聲國小,屏東縣屏東市,22.6656,120.4797,True,室內設施,屏東,屏東市,56,0.78,Low Risk,風險較低,25
高雄市立三民高級家事商業職業學校,高雄市左營區,22.666009,120.300608,True,室內設施,高雄,高雄市,125,4.31,High Risk,最近測站 AQI 125 > 100,50
高雄市立鳥松國民中學,高雄市鳥松區,22.666471,120.371072,True,室內設施,高雄,高雄市,125,8.37,High Risk,最近測站 AQI 125 > 100,50
"鼎中,鼎力,鼎膝,鼎金,鼎強,鼎盛聯合里",高雄市三民區,22.6667,120.3217,True,室內設施,高雄,高雄市,125,4.85,High Risk,最近測站 AQI 125 > 100,50
屏東市大同國小,屏東縣屏東市,22.6668,120.476,True,室內設施,屏東,屏東市,56,1.07,Low Risk,風險較低,25
崇文國小,屏東縣內埔鄉,22.6669,120.6002,True,室內設施,屏東,屏東市,56,11.73,Low Risk,風險較低,30
新生國小,屏東縣內埔鄉,22.6673,120.5909,True,室內設施,屏東,屏東市,56,10.78,Low Risk,風險較低,30
高雄市大樹區水寮國民小學,高雄市大樹區,22.667994,120.407847,True,室內設施,屏東,屏東市,56,8.01,Low Risk,風險較低,25
三民街友服務中心,高雄市三民區,22.6684,120.3157,True,室內設施,高雄,高雄市,125,4.8,High Risk,最近測站 AQI 125 > 100,50
南寮社區活動中心,臺東縣綠島鄉,22.6686,121.4687,True,室內設施,台東,台東市,42,34.02,Low Risk,風險較低,10
財團法人玄光聖堂短期收容,高雄市鳥松區,22.668784,120.389996,True,室內設施,屏東,屏東市,56,9.84,Low Risk,風險較低,25
高雄市鼓山區中山國民小學,高雄市鼓山區,22.6691,120.2848,False,戶外設施,高雄,高雄市,125,4.95,High Risk,最近測站 AQI 125 > 100,70
高雄市左營區新莊國民小學,高雄市左營區,22.669267,120.309875,True,室內設施,高雄,高雄市,125,4.75,High Risk,最近測站 AQI 125 > 100,50
太麻里鄉三和村辦公處,臺東縣太麻里鄉,22.6695,121.0354,True,室內設施,台東,台東市,42,15.19,Low Risk,風險較低,5
屏東市民和國小,屏東縣屏東市,22.6706,120.4958,True,室內設施,屏東,屏東市,56,1.02,Low Risk,風險較低,25
高雄新莊天后宮備用,高雄市左營區,22.6716,120.3117,True,室內設施,高雄,高雄市,125,5.04,High Risk,最近測站 AQI 125 > 100,50
屏東市唐榮國小,屏東縣屏東市,22.6716,120.4852,True,室內設施,屏東,屏東市,56,0.22,Low Risk,風險較低,25
仁慈活動中心,高雄市仁武區,22.6717,120.3587,True,室內設施,高雄,高雄市,125,7.68,High Risk,最近測站 AQI 125 > 100,50
和平營區,高雄市三民區,22.6718,120.3314,True,室內設施,高雄,高雄市,125,5.83,High Risk,最近測站 AQI 125 > 100,50
高雄市左營區勝利國民小學,高雄市左營區,22.672458,120.295103,True,室內設施,高雄,高雄市,125,5.06,High Risk,最近測站 AQI 125 > 100,50
高雄市三民區獅湖國民小學,高雄市三民區,22.6726,120.3224,True,室內設施,高雄,高雄市,125,5.48,High Risk,最近測站 AQI 125 > 100,50
屏東縣立中正國中,屏東縣屏東市,22.6726,120.5088,True,室內設施,屏東,屏東市,56,2.37,Low Risk,風險較低,25
綠島國中,臺東縣綠島鄉,22.6731,121.4701,True,室內設施,台東,台東市,42,34.02,Low Risk,風險較低,10
綠島國民小學,臺東縣綠島鄉,22.6737,121.4699,True,室內設施,台東,台東市,42,33.98,Low Risk,風險較低,10
高雄市立大義國民中學,高雄市左營區,22.6742,120.2928,True,室內設施,高雄,高雄市,125,5.29,High Risk,最近測站 AQI 125 > 100,50
中寮社區活動中心,臺東縣綠島鄉,22.6747,121.4702,True,室內設施,台東,台東市,42,33.98,Low Risk,風險較低,10
高雄市立海青高級工商職業學校,高雄市左營區,22.6752,120.2856,True,室內設施,高雄,高雄市,125,5.57,High Risk,最近測站 AQI 125 > 100,50
國立屏東女中,屏東縣屏東市,22.6753,120.4942,True,室內設施,屏東,屏東市,56,1.05,Low Risk,風險較低,25
瑪家社區活動中心,屏東縣瑪家鄉,22.6756,120.6869,True,室內設施,屏東,屏東市,56,20.63,Low Risk,風險較低,35
崇聖殿備用,高雄市大樹區,22.6757,120.4074,True,室內設施,屏東,屏東市,56,8.08,Low Risk,風險較低,25
高雄市立大灣國民中學,高雄市仁武區,22.676023,120.341612,True,室內設施,高雄,高雄市,125,6.81,High Risk,最近測站 AQI 125 > 100,50
公館國民小學,臺東縣綠島鄉,22.6764,121.4848,True,室內設施,台東,台東市,42,35.38,Low Risk,風險較低,10
高雄市左營區新民國民小學,高雄市左營區,22.676691,120.313158,True,室內設施,高雄,高雄市,125,5.62,High Risk,最近測站 AQI 125 > 100,50
屏東市仁愛國小,屏東縣屏東市,22.6767,120.4948,True,室內設施,屏東,屏東市,56,1.2,Low Risk,風險較低,25
屏東市忠孝國小,屏東縣屏東市,22.6769,120.5039,True,室內設施,屏東,屏東市,56,2.01,Low Risk,風險較低,25
綠島鄉社會福利活動中心,臺東縣綠島鄉,22.6769,121.4847,True,室內設施,台東,台東市,42,35.36,Low Risk,風險較低,10
長興國小,屏東縣長治鄉,22.6772,120.5261,True,室內設施,屏東,屏東市,56,4.21,Low Risk,風險較低,25
菜公豐谷宮備用,高雄市左營區,22.6774,120.3155,True,室內設施,高雄,高雄市,125,5.76,High Risk,最近測站 AQI 125 > 100,50
屏東縣立大同高中,屏東縣屏東市,22.678,120.4777,True,室內設施,屏東,屏東市,56,1.25,Low Risk,風險較低,25
崇文國中,屏東縣內埔鄉,22.6786,120.6021,True,室內設施,屏東,屏東市,56,11.96,Low Risk,風險較低,30
高雄市立左營國民中學,高雄市左營區,22.679456,120.306724,True,室內設施,高雄,高雄市,125,5.83,High Risk,最近測站 AQI 125 > 100,50
高雄市仁武區登發國民小學,高雄市仁武區,22.679647,120.354051,True,室內設施,高雄,高雄市,125,7.94,High Risk,最近測站 AQI 125 > 100,50
高雄市左營區新光國民小學,高雄市左營區,22.67983,120.304805,True,室內設施,高雄,高雄市,125,5.85,High Risk,最近測站 AQI 125 > 100,50
屏東縣立明正國中,屏東縣屏東市,22.6799,120.4976,True,室內設施,屏東,屏東市,56,1.65,Low Risk,風險較低,25
埤子頭鎮福廟,高雄市左營區,22.680335,120.289652,True,室內設施,高雄,高雄市,125,6.02,High Risk,最近測站 AQI 125 > 100,50
屏東市勝利國小,屏東縣屏東市,22.6807,120.4857,True,室內設施,屏東,屏東市,56,1.22,Low Risk,風險較低,25
屏東市瑞光國小,屏東縣屏東市,22.6808,120.5091,True,室內設施,屏東,屏東市,56,2.68,Low Risk,風險較低,25
高雄市立新莊高級中學,高雄市左營區,22.6812,120.3176,True,室內設施,高雄,高雄市,125,6.22,High Risk,最近測站 AQI 125 > 100,50
啟明堂備用,高雄市左營區,22.682,120.2923,True,室內設施,高雄,高雄市,125,6.15,High Risk,最近測站 AQI 125 > 100,50
舊城城隍廟,高雄市左營區,22.682196,120.290474,True,室內設施,高雄,高雄市,125,6.21,High Risk,最近測站 AQI 125 > 100,50
左營元帝廟,高雄市左營區,22.682521,120.288158,True,室內設施,高雄,高雄市,125,6.29,High Risk,最近測站 AQI 125 > 100,50
高雄市仁武區灣內國民小學,高雄市仁武區,22.683088,120.357281,True,室內設施,高雄,高雄市,125,8.45,High Risk,最近測站 AQI 125 > 100,50
高雄市左營區舊城國民小學,高雄市左營區,22.683177,120.293004,True,室內設施,高雄,高雄市,125,6.27,High Risk,最近測站 AQI 125 > 100,50
高雄市左營區福山國民小學,高雄市左營區,22.683573,120.317215,True,室內設施,高雄,高雄市,125,6.46,High Risk,最近測站 AQI 125 > 100,50
屏東市崇蘭國小,屏東縣屏東市,22.6842,120.477,True,室內設施,屏東,屏東市,56,1.85,Low Risk,風險較低,25
護安寺,高雄市左營區,22.6853,120.2951,True,室內設施,高雄,高雄市,125,6.48,High Risk,最近測站 AQI 125 > 100,50
左營揚善堂,高雄市左營區,22.685509,120.288708,True,室內設施,高雄,高雄市,125,6.6,High Risk,最近測站 AQI 125 > 100,50
國立屏東高中,屏東縣屏東市,22.6861,120.4888,True,室內設施,屏東,屏東市,56,1.85,Low Risk,風險較低,25
屏東市和平國小,屏東縣屏東市,22.687,120.5017,True,室內設施,屏東,屏東市,56,2.52,Low Risk,風險較低,25
天府宮,高雄市左營區,22.687113,120.296399,True,室內設施,高雄,高雄市,125,6.67,High Risk,最近測站 AQI 125 > 100,50
黎明國小,屏東縣內埔鄉,22.6874,120.5969,True,室內設施,屏東,屏東市,56,11.56,Low Risk,風險較低,30
太麻里鄉美和國民小學,臺東縣太麻里鄉,22.687685,121.044275,True,室內設施,台東,台東市,42,13.25,Low Risk,風險較低,5
高雄市大樹區大樹國民小學,高雄市大樹區,22.687763,120.43459,True,室內設施,屏東,屏東市,56,5.63,Low Risk,風險較低,25
高雄市左營區明德國民小學,高雄市左營區,22.688006,120.289355,True,室內設施,高雄,高雄市,125,6.86,High Risk,最近測站 AQI 125 > 100,50
?後北極殿,高雄市左營區,22.688899,120.291964,True,室內設施,高雄,高雄市,125,6.92,High Risk,最近測站 AQI 125 > 100,50
高雄市仁武區八卦國民小學,高雄市仁武區,22.689043,120.333146,True,室內設施,高雄,高雄市,125,7.6,High Risk,最近測站 AQI 125 > 100,50
左營區公所8樓大禮堂,高雄市左營區,22.689882,120.29511,True,室內設施,高雄,高雄市,125,6.99,High Risk,最近測站 AQI 125 > 100,50
涼山社區活動中心,屏東縣瑪家鄉,22.6901,120.6369,True,室內設施,屏東,屏東市,56,15.66,Low Risk,風險較低,30
高雄市左營區左營國民小學,高雄市左營區,22.690488,120.293299,True,室內設施,高雄,高雄市,125,7.08,High Risk,最近測站 AQI 125 > 100,50
高楠活動中心,高雄市仁武區,22.6917,120.3242,True,室內設施,高雄,高雄市,125,7.53,High Risk,最近測站 AQI 125 > 100,50
屏東縣立至正國中,屏東縣屏東市,22.6917,120.4936,True,室內設施,屏東,屏東市,56,2.57,Low Risk,風險較低,25
知本金聯世紀酒店,臺東縣卑南鄉,22.692402,121.019876,True,室內設施,台東,台東市,42,15.12,Low Risk,風險較低,5
大樹區公所二樓會議室,高雄市大樹區,22.6933,120.4331,True,室內設施,屏東,屏東市,56,6.02,Low Risk,風險較低,25
長治國中,屏東縣長治鄉,22.6934,120.5437,True,室內設施,屏東,屏東市,56,6.49,Low Risk,風險較低,25
高雄市立左營高級中學,高雄市左營區,22.693416,120.296158,True,室內設施,高雄,高雄市,125,7.37,High Risk,最近測站 AQI 125 > 100,50
德協國小,屏東縣長治鄉,22.6941,120.5415,True,室內設施,屏東,屏東市,56,6.32,Low Risk,風險較低,25
大社村辦公處含活動中心,屏東縣三地門鄉,22.694157,120.637733,True,室內設施,屏東,屏東市,56,15.81,Low Risk,風險較低,30
高雄東照山關帝廟備用,高雄市大樹區,22.6942,120.3941,True,室內設施,屏東,屏東市,56,9.8,Low Risk,風險較低,25
循理會南三和教會,屏東縣瑪家鄉,22.6949,120.5989,True,室內設施,屏東,屏東市,56,11.93,Low Risk,風險較低,30
復興永清里活動中心,高雄市左營區,22.69567,120.299673,True,室內設施,高雄,高雄市,125,7.6,High Risk,最近測站 AQI 125 > 100,50
祥和山莊活動中心,高雄市左營區,22.69635,120.301803,True,室內設施,高雄,高雄市,125,7.68,High Risk,最近測站 AQI 125 > 100,50
原大樹鄉民代表會,高雄市大樹區,22.6964,120.4321,True,室內設施,屏東,屏東市,56,6.27,Low Risk,風險較低,25
臺東縣農會東遊季溫泉渡假村,臺東縣卑南鄉,22.696483,121.019705,True,室內設施,台東,台東市,42,14.93,Low Risk,風險較低,5
溫泉國民小學,臺東縣卑南鄉,22.697667,121.02593,True,室內設施,台東,台東市,42,14.3,Low Risk,風險較低,5
溫泉村活動中心,臺東縣卑南鄉,22.697823,121.025091,True,室內設施,台東,台東市,42,14.37,Low Risk,風險較低,5
高雄市仁武區.烏林國民小學,高雄市仁武區,22.697888,120.372598,True,室內設施,高雄,高雄市,125,10.72,High Risk,最近測站 AQI 125 > 100,55
元新溫泉飯店,臺東縣卑南鄉,22.698053,121.024826,True,室內設施,台東,台東市,42,14.38,Low Risk,風險較低,5
屏東市海豐國小,屏東縣屏東市,22.6989,120.508,True,室內設施,屏東,屏東市,56,3.96,Low Risk,風險較低,25
高雄市仁武區仁武國民小學,高雄市仁武區,22.701263,120.348359,True,室內設施,高雄,高雄市,125,9.53,High Risk,最近測站 AQI 125 > 100,50
仁武區綜合活動中心,高雄市仁武區,22.7013,120.3484,True,室內設施,高雄,高雄市,125,9.54,High Risk,最近測站 AQI 125 > 100,50
隘寮國小,屏東縣內埔鄉,22.7024,120.6357,True,室內設施,屏東,屏東市,56,15.79,Low Risk,風險較低,30
繁華國小,屏東縣長治鄉,22.7026,120.5722,True,室內設施,屏東,屏東市,56,9.58,Low Risk,風險較低,25
瑪家國中,屏東縣瑪家鄉,22.7026,120.6095,True,室內設施,屏東,屏東市,56,13.2,Low Risk,風險較低,30
亞莊酒店,臺東縣卑南鄉,22.703397,121.032022,True,室內設施,台東,台東市,42,13.46,Low Risk,風險較低,5
中村基督長老教會,屏東縣瑪家鄉,22.7034,120.6078,True,室內設施,屏東,屏東市,56,13.06,Low Risk,風險較低,30
玉泉社區活動中心,屏東縣瑪家鄉,22.7036,120.6089,True,室內設施,屏東,屏東市,56,13.17,Low Risk,風險較低,30
仁武里活動中心,高雄市仁武區,22.70434779,120.3447169,True,室內設施,高雄,高雄市,125,9.65,High Risk,最近測站 AQI 125 > 100,50
知本社區活動中心,臺東縣臺東市,22.705462,121.055645,True,室內設施,台東,台東市,42,11.2,Low Risk,風險較低,5
北葉國小體育館,屏東縣瑪家鄉,22.7074,120.646,True,室內設施,屏東,屏東市,56,16.95,Low Risk,風險較低,30
F Hotel,臺東縣卑南鄉,22.707519,121.042182,True,室內設施,台東,台東市,42,12.32,Low Risk,風險較低,5
高雄市楠梓區廣、大、久、盛昌里活動中心,高雄市楠梓區,22.707528,120.285079,True,室內設施,高雄,高雄市,125,9.08,High Risk,最近測站 AQI 125 > 100,50
建業社區活動中心,臺東縣臺東市,22.707748,121.050993,True,室內設施,台東,台東市,42,11.5,Low Risk,風險較低,5
中華里活動中心,高雄市仁武區,22.7085,120.3272,True,室內設施,高雄,高雄市,125,9.41,High Risk,最近測站 AQI 125 > 100,50
高雄市楠梓區油廠國民小學,高雄市楠梓區,22.708958,120.302919,True,室內設施,高雄,高雄市,125,9.08,High Risk,最近測站 AQI 125 > 100,50
北葉社區活動中心,屏東縣瑪家鄉,22.7096,120.6479,True,室內設施,屏東,屏東市,56,17.2,Low Risk,風險較低,30
高雄市仁武區竹後國民小學,高雄市仁武區,22.710042,120.334866,True,室內設施,高雄,高雄市,125,9.82,High Risk,最近測站 AQI 125 > 100,50
高雄市左營區莒光國民小學,高雄市左營區,22.711558,120.295275,True,室內設施,高雄,高雄市,125,9.39,High Risk,最近測站 AQI 125 > 100,50
高雄市楠梓區莒光國民小學,高雄市楠梓區,22.711558,120.295275,True,室內設施,高雄,高雄市,125,9.39,High Risk,最近測站 AQI 125 > 100,50
高雄市立右昌國民中學,高雄市楠梓區,22.713585,120.286911,True,室內設施,高雄,高雄市,125,9.71,High Risk,最近測站 AQI 125 > 100,50
高雄市楠梓區右昌國民小學,高雄市楠梓區,22.713629,120.292106,True,室內設施,高雄,高雄市,125,9.65,High Risk,最近測站 AQI 125 > 100,50
三地門鄉立體育館,屏東縣三地門鄉,22.7141,120.6539,True,室內設施,屏東,屏東市,56,17.93,Low Risk,風險較低,30
地磨兒國小,屏東縣三地門鄉,22.714903,120.654518,True,室內設施,屏東,屏東市,56,18.01,Low Risk,風險較低,30
國軍退役官兵輔導委員會高雄榮譽國民之家,高雄市楠梓區,22.7151,120.3018,True,室內設施,高雄,高雄市,125,9.76,High Risk,最近測站 AQI 125 > 100,50
高雄市楠梓區宏昌等六里聯合活動中心,高雄市楠梓區,22.7154,120.2941,True,室內設施,高雄,高雄市,125,9.82,High Risk,最近測站 AQI 125 > 100,50
臺東縣臺東市建和國小,臺東縣臺東市,22.716736,121.049167,True,室內設施,台東,台東市,42,11.25,Low Risk,風險較低,5
高雄市立國昌國民中學,高雄市楠梓區,22.7194,120.2861,True,室內設施,高雄,高雄市,125,10.36,High Risk,最近測站 AQI 125 > 100,55
高雄市楠梓區加昌國民小學,高雄市楠梓區,22.720392,120.296547,True,室內設施,高雄,高雄市,125,10.36,High Risk,最近測站 AQI 125 > 100,55
建農里民眾活動中心,臺東縣臺東市,22.720423,121.084143,True,室內設施,台東,台東市,42,7.84,Low Risk,風險較低,0
高雄市楠梓區後勁國民小學,高雄市楠梓區,22.721706,120.314216,True,室內設施,高雄,高雄市,125,10.58,High Risk,最近測站 AQI 125 > 100,55
中里社區活動中心,高雄市大社區,22.7226,120.3513,True,室內設施,高雄,高雄市,125,11.77,High Risk,最近測站 AQI 125 > 100,55
高雄市立後勁國民中學,高雄市楠梓區,22.722854,120.316198,True,室內設施,高雄,高雄市,125,10.73,High Risk,最近測站 AQI 125 > 100,55
九如鄉九如國民小學,屏東縣九如鄉,22.7233,120.4918,True,室內設施,屏東,屏東市,56,5.99,Low Risk,風險較低,25
高雄市楠梓區仁昌里活動中心,高雄市楠梓區,22.724246,120.294854,True,室內設施,高雄,高雄市,125,10.8,High Risk,最近測站 AQI 125 > 100,55
高雄市楠梓區楠陽國民小學,高雄市楠梓區,22.724927,120.331144,True,室內設施,高雄,高雄市,125,11.28,High Risk,最近測站 AQI 125 > 100,55
高雄市楠梓區翠屏里活動中心,高雄市楠梓區,22.726779,120.302159,True,室內設施,高雄,高雄市,125,11.06,High Risk,最近測站 AQI 125 > 100,55
高雄市楠梓區惠豐里活動中心,高雄市楠梓區,22.727244,120.318969,True,室內設施,高雄,高雄市,125,11.26,High Risk,最近測站 AQI 125 > 100,55
高雄市楠梓區援中國民小學,高雄市楠梓區,22.728206,120.27799,True,室內設施,高雄,高雄市,125,11.47,High Risk,最近測站 AQI 125 > 100,55
高雄市楠梓區行政中心7樓大禮堂,高雄市楠梓區,22.7283,120.3263,True,室內設施,高雄,高雄市,125,11.52,High Risk,最近測站 AQI 125 > 100,55
高雄市立蚵寮國民中學（備用）,高雄市梓官區,22.728551,120.25873,True,室內設施,高雄,高雄市,125,12.08,High Risk,最近測站 AQI 125 > 100,55
高雄市立大社國民中學,高雄市大社區,22.729029,120.357267,True,室內設施,高雄,高雄市,125,12.68,High Risk,最近測站 AQI 125 > 100,55
大社老人文康中心,高雄市大社區,22.7293,120.3546,True,室內設施,高雄,高雄市,125,12.59,High Risk,最近測站 AQI 125 > 100,55
高雄市立翠屏國民中小學,高雄市楠梓區,22.729477,120.299446,True,室內設施,高雄,高雄市,125,11.36,High Risk,最近測站 AQI 125 > 100,55
高雄市立中山高級中學,高雄市楠梓區,22.7295,120.2922,True,室內設施,高雄,高雄市,125,11.4,High Risk,最近測站 AQI 125 > 100,55
智信蚵社區聯合活動中心（備用）,高雄市梓官區,22.729634,120.254588,True,室內設施,高雄,高雄市,125,12.35,High Risk,最近測站 AQI 125 > 100,55
大社中山堂,高雄市大社區,22.73,120.3466,True,室內設施,高雄,高雄市,125,12.33,High Risk,最近測站 AQI 125 > 100,55
高雄市楠梓區惠民里集會所,高雄市楠梓區,22.732098,120.323083,True,室內設施,高雄,高雄市,125,11.86,High Risk,最近測站 AQI 125 > 100,55
豐里社區活動中心,臺東縣臺東市,22.732187,121.116004,True,室內設施,台東,台東市,42,4.38,Low Risk,風險較低,0
高雄市楠梓區楠梓國民小學,高雄市楠梓區,22.7322,120.3284,True,室內設施,高雄,高雄市,125,11.99,High Risk,最近測站 AQI 125 > 100,55
高雄市梓官區蚵寮國民小學（備用）,高雄市梓官區,22.733411,120.248239,True,室內設施,高雄,高雄市,125,13.0,High Risk,最近測站 AQI 125 > 100,55
高雄市立楠梓國民中學,高雄市楠梓區,22.733936,120.327507,True,室內設施,高雄,高雄市,125,12.16,High Risk,最近測站 AQI 125 > 100,55
保安里活動中心,高雄市大社區,22.7341,120.3527,True,室內設施,高雄,高雄市,125,12.99,High Risk,最近測站 AQI 125 > 100,55
九如鄉圖書館,屏東縣九如鄉,22.7344,120.4896,True,室內設施,屏東,屏東市,56,7.2,Low Risk,風險較低,25
赤崁老人活動中心（備用）,高雄市梓官區,22.736052,120.25016,True,室內設施,高雄,高雄市,125,13.19,High Risk,最近測站 AQI 125 > 100,55
國立臺東大學,臺東縣卑南鄉,22.736056,121.070583,True,室內設施,台東,台東市,42,8.48,Low Risk,風險較低,0
高雄市橋頭區甲圍國民小學,高雄市橋頭區,22.736237,120.293408,True,室內設施,高雄,高雄市,125,12.14,High Risk,最近測站 AQI 125 > 100,55
新圍國小,屏東縣鹽埔鄉,22.7383,120.5539,True,室內設施,屏東,屏東市,56,10.34,Low Risk,風險較低,30
彭厝國小,屏東縣鹽埔鄉,22.7399,120.5314,True,室內設施,屏東,屏東市,56,9.09,Low Risk,風險較低,25
九如鄉公所禮堂,屏東縣九如鄉,22.7404,120.4904,True,室內設施,屏東,屏東市,56,7.88,Low Risk,風險較低,25
高雄市大樹區興田國民小學,高雄市大樹區,22.740507,120.445966,True,室內設施,屏東,屏東市,56,8.88,Low Risk,風險較低,25
賽嘉國小,屏東縣三地門鄉,22.74307039,120.6394454,True,室內設施,屏東,屏東市,56,17.74,Low Risk,風險較低,30
賽嘉村辦公處含活動中心,屏東縣三地門鄉,22.743817,120.640299,True,室內設施,屏東,屏東市,56,17.85,Low Risk,風險較低,30
高雄市立楠梓高級中學,高雄市楠梓區,22.744044,120.331155,True,室內設施,高雄,高雄市,125,13.34,High Risk,最近測站 AQI 125 > 100,55
霧台長老教會,屏東縣霧臺鄉,22.7445,120.7312,True,室內設施,屏東,屏東市,56,26.5,Low Risk,風險較低,35
霧台社區活動中心,屏東縣霧臺鄉,22.745,120.7321,True,室內設施,屏東,屏東市,56,26.61,Low Risk,風險較低,35
霧臺國小,屏東縣霧臺鄉,22.7452,120.7312,True,室內設施,屏東,屏東市,56,26.53,Low Risk,風險較低,35
霧台國小運動場,屏東縣霧臺鄉,22.747111,120.723288,False,戶外設施,屏東,屏東市,56,25.83,Warning,最近測站 AQI 56 > 50 且為戶外設施,55
佛光山寺備用,高雄市大樹區,22.7473,120.4463,True,室內設施,屏東,屏東市,56,9.54,Low Risk,風險較低,25
霧台鄉避難收容所,屏東縣霧臺鄉,22.7498,120.7263,True,室內設施,屏東,屏東市,56,26.22,Low Risk,風險較低,35
神山社區活動中心運動場,屏東縣霧臺鄉,22.750455,120.719513,False,戶外設施,屏東,屏東市,56,25.59,Warning,最近測站 AQI 56 > 50 且為戶外設施,55
高雄市橋頭區仕隆國民小學,高雄市橋頭區,22.750578,120.310636,True,室內設施,高雄,高雄市,125,13.74,High Risk,最近測站 AQI 125 > 100,55
高雄市橋頭區興糖國民小學,高雄市橋頭區,22.750876,120.317,True,室內設施,高雄,高雄市,125,13.83,High Risk,最近測站 AQI 125 > 100,55
高雄市燕巢區鳳雄國民小學（備用）,高雄市燕巢區,22.753304,120.358101,True,室內設施,高雄,高雄市,125,15.17,High Risk,最近測站 AQI 125 > 100,55
鹽埔國中,屏東縣鹽埔鄉,22.7536,120.5741,True,室內設施,屏東,屏東市,56,13.0,Low Risk,風險較低,30
臺東市公所,臺東縣臺東市,22.754695,121.146637,True,室內設施,台東,台東市,42,0.41,Low Risk,風險較低,0
鳳雄營區,高雄市燕巢區,22.7555,120.3602,True,室內設施,高雄,高雄市,125,15.48,High Risk,最近測站 AQI 125 > 100,55
梓平社區活動中心（備用）,高雄市梓官區,22.756467,120.269167,True,室內設施,高雄,高雄市,125,14.74,High Risk,最近測站 AQI 125 > 100,55
鄉立幼兒園,屏東縣鹽埔鄉,22.756522,120.575722,True,室內設施,屏東,屏東市,56,13.34,Low Risk,風險較低,30
橋頭區公所,高雄市橋頭區,22.7576,120.3058,True,室內設施,高雄,高雄市,125,14.5,High Risk,最近測站 AQI 125 > 100,55
高雄市立橋頭國民中學,高雄市橋頭區,22.759012,120.30751,True,室內設施,高雄,高雄市,125,14.66,High Risk,最近測站 AQI 125 > 100,55
梓和社區活動中心（備用）,高雄市梓官區,22.759573,120.266109,True,室內設施,高雄,高雄市,125,15.15,High Risk,最近測站 AQI 125 > 100,55
高雄市橋頭區五林國民小學,高雄市橋頭區,22.75995,120.293721,True,室內設施,高雄,高雄市,125,14.77,High Risk,最近測站 AQI 125 > 100,55
梓官國小（備用）,高雄市梓官區,22.760292,120.264756,True,室內設施,高雄,高雄市,125,15.26,High Risk,最近測站 AQI 125 > 100,55
高雄市立彌陀國民中學（備用）,高雄市彌陀區,22.760359,120.262962,True,室內設施,高雄,高雄市,125,15.31,High Risk,最近測站 AQI 125 > 100,55
梓官區公所,高雄市梓官區,22.7607,120.2673,True,室內設施,高雄,高雄市,125,15.24,High Risk,最近測站 AQI 125 > 100,55
中華社區活動中心,臺東縣臺東市,22.761527,121.158116,True,室內設施,台東,台東市,42,1.04,Low Risk,風險較低,0
高雄市橋頭區橋頭國民小學,高雄市橋頭區,22.761764,120.305864,True,室內設施,高雄,高雄市,125,14.96,High Risk,最近測站 AQI 125 > 100,55
高雄市立梓官國民中學,高雄市梓官區,22.762428,120.263476,True,室內設施,高雄,高雄市,125,15.52,High Risk,最近測站 AQI 125 > 100,55
新園社區活動中心,臺東縣臺東市,22.763938,121.052313,True,室內設施,台東,台東市,42,10.12,Low Risk,風險較低,5
四維寶桑多功能活動中心,臺東縣臺東市,22.764164,121.154697,True,室內設施,台東,台東市,42,1.07,Low Risk,風險較低,0
東興村活動中心,臺東縣卑南鄉,22.765011,121.041149,True,室內設施,台東,台東市,42,11.27,Low Risk,風險較低,5
臺東縣臺東市新園國小,臺東縣臺東市,22.765066,121.062352,True,室內設施,台東,台東市,42,9.11,Low Risk,風險較低,0
塔樓國小,屏東縣里港鄉,22.7655,120.4838,True,室內設施,屏東,屏東市,56,10.65,Low Risk,風險較低,30
口社國小,屏東縣三地門鄉,22.7666,120.6445,True,室內設施,屏東,屏東市,56,19.51,Low Risk,風險較低,30
高雄市燕巢區橫山國民小學（備用）,高雄市燕巢區,22.768542,120.379471,True,室內設施,屏東,屏東市,56,15.49,Low Risk,風險較低,30
口社村辦公處含活動中心,屏東縣三地門鄉,22.76925,120.647735,True,室內設施,屏東,屏東市,56,19.95,Low Risk,風險較低,30
地磨兒國小德文分校,屏東縣三地門鄉,22.770929,120.701867,True,室內設施,屏東,屏東市,56,24.85,Low Risk,風險較低,35
財團法人臺東縣私立仁愛之家,臺東縣卑南鄉,22.771069,121.106473,True,室內設施,台東,台東市,42,4.85,Low Risk,風險較低,0
德文村辦公處含活動中心,屏東縣三地門鄉,22.771351,120.701874,True,室內設施,屏東,屏東市,56,24.87,Low Risk,風險較低,35
行政院國軍退除役官兵輔導委員會馬蘭榮譽國民之家,臺東縣臺東市,22.772402,121.132093,True,室內設施,台東,台東市,42,2.69,Low Risk,風險較低,0
嶺口營區,高雄市旗山區,22.7737,120.4417,True,室內設施,屏東,屏東市,56,12.42,Low Risk,風險較低,30
玉田國小,屏東縣里港鄉,22.7743,120.4912,True,室內設施,屏東,屏東市,56,11.64,Low Risk,風險較低,30
豐田里民眾活動中心,臺東縣臺東市,22.774331,121.086381,True,室內設施,台東,台東市,42,6.92,Low Risk,風險較低,0
利嘉村活動中心,臺東縣卑南鄉,22.77663,121.061011,True,室內設施,台東,台東市,42,9.49,Low Risk,風險較低,0
南勝社區活動中心備用,高雄市旗山區,22.7768,120.4488,True,室內設施,屏東,屏東市,56,12.5,Low Risk,風險較低,30
高雄市燕巢區深水國民小學（備用）,高雄市燕巢區,22.777039,120.405278,True,室內設施,屏東,屏東市,56,14.52,Low Risk,風險較低,30
里港鄉立圖書館,屏東縣里港鄉,22.7802,120.494,True,室內設施,屏東,屏東市,56,12.32,Low Risk,風險較低,30
載興國小,屏東縣里港鄉,22.7806,120.5242,True,室內設施,屏東,屏東市,56,12.94,Low Risk,風險較低,30
里港國小,屏東縣里港鄉,22.7807,120.4945,True,室內設施,屏東,屏東市,56,12.37,Low Risk,風險較低,30
高雄市政府社會局仁愛之家,高雄市燕巢區,22.781,120.4189,True,室內設施,屏東,屏東市,56,14.16,Low Risk,風險較低,30
彌陀區公所,高雄市彌陀區,22.7817,120.2506,True,室內設施,高雄,高雄市,125,17.94,High Risk,最近測站 AQI 125 > 100,55
太平村活動中心,臺東縣卑南鄉,22.781975,121.088375,True,室內設施,台東,台東市,42,7.04,Low Risk,風險較低,0
卑南里民眾活動中心,臺東縣臺東市,22.782039,121.122367,True,室內設施,台東,台東市,42,4.15,Low Risk,風險較低,0
高雄市岡山區和平國民小學,高雄市岡山區,22.782054,120.303827,False,戶外設施,高雄,高雄市,125,17.21,High Risk,最近測站 AQI 125 > 100,75
彌仁社區活動中心（備用）,高雄市彌陀區,22.78219078,120.2499242,True,室內設施,高雄,高雄市,125,18.01,High Risk,最近測站 AQI 125 > 100,55
燕巢區民眾活動中心,高雄市燕巢區,22.782475,120.362246,True,室內設施,屏東,屏東市,56,17.84,Low Risk,風險較低,30
富豐社區活動中心,臺東縣臺東市,22.782915,121.161997,True,室內設施,台東,台東市,42,3.29,Low Risk,風險較低,0
高雄市彌陀區彌陀國民小學,高雄市彌陀區,22.783678,120.247781,True,室內設施,高雄,高雄市,125,18.24,High Risk,最近測站 AQI 125 > 100,55
高雄市岡山區兆湘國民小學,高雄市岡山區,22.785034,120.28671,False,戶外設施,高雄,高雄市,125,17.6,High Risk,最近測站 AQI 125 > 100,75
高雄市立燕巢國民中學（備用）,高雄市燕巢區,22.785833,120.362845,True,室內設施,屏東,屏東市,56,18.06,Low Risk,風險較低,30
鹽埕過港社區康樂室（備用）,高雄市彌陀區,22.78790506,120.2425845,True,室內設施,高雄,高雄市,125,18.85,High Risk,最近測站 AQI 125 > 100,55
屏東縣立泰山國民小學,屏東縣高樹鄉,22.788,120.6142,True,室內設施,屏東,屏東市,56,18.61,Low Risk,風險較低,30
燕巢區公所禮堂,高雄市燕巢區,22.78808,120.362079,True,室內設施,屏東,屏東市,56,18.29,Low Risk,風險較低,30
馬兒村辦公處含活動中心,屏東縣三地門鄉,22.78859227,120.6334763,True,室內設施,屏東,屏東市,56,20.1,Low Risk,風險較低,35
臺東棒球村第一棒球場,臺東縣臺東市,22.788893,121.128397,False,戶外設施,台東,台東市,42,4.37,Low Risk,風險較低,20
高雄市立前峰國民中學,高雄市岡山區,22.789449,120.28842,True,室內設施,高雄,高雄市,125,18.08,High Risk,最近測站 AQI 125 > 100,55
金陵營區,高雄市燕巢區,22.79,120.3598,True,室內設施,屏東,屏東市,56,18.61,Low Risk,風險較低,30
太平國民小學,臺東縣卑南鄉,22.790805,121.075772,True,室內設施,台東,台東市,42,8.63,Low Risk,風險較低,0
安招國民小學備用,高雄市燕巢區,22.7909,120.3378,True,室內設施,高雄,高雄市,125,18.57,High Risk,最近測站 AQI 125 > 100,55
竹圍國小,高雄市岡山區,22.7914,120.2937,True,室內設施,高雄,高雄市,125,18.26,High Risk,最近測站 AQI 125 > 100,55
高雄市岡山區岡山國民小學,高雄市岡山區,22.791424,120.293671,False,戶外設施,高雄,高雄市,125,18.27,High Risk,最近測站 AQI 125 > 100,75
臺東市老人文康活動中心,臺東縣臺東市,22.792025,121.184558,True,室內設施,台東,台東市,42,5.37,Low Risk,風險較低,0
高雄市岡山區後紅國民小學,高雄市岡山區,22.792904,120.30344,False,戶外設施,高雄,高雄市,125,18.42,High Risk,最近測站 AQI 125 > 100,75
高雄市岡山區前峰國民小學,高雄市岡山區,22.793052,120.283164,False,戶外設施,高雄,高雄市,125,18.53,High Risk,最近測站 AQI 125 > 100,75
泰安活動中心,臺東縣卑南鄉,22.793873,121.067371,True,室內設施,台東,台東市,42,9.55,Low Risk,風險較低,0
高雄市燕巢區燕巢國民小學（備用）,高雄市燕巢區,22.795258,120.36587,True,室內設施,屏東,屏東市,56,18.61,Low Risk,風險較低,30
高雄市彌陀區壽齡國民小學（備用）,高雄市彌陀區,22.795345,120.234509,True,室內設施,高雄,高雄市,125,19.91,High Risk,最近測站 AQI 125 > 100,55
高雄市立岡山國民中學,高雄市岡山區,22.796169,120.291956,True,室內設施,高雄,高雄市,125,18.8,High Risk,最近測站 AQI 125 > 100,55
安坡村辦公處含活動中心,屏東縣三地門鄉,22.7982,120.6378,True,室內設施,屏東,屏東市,56,21.14,Low Risk,風險較低,35
高雄市岡山區壽天國民小學,高雄市岡山區,22.798857,120.292481,False,戶外設施,高雄,高雄市,125,19.1,High Risk,最近測站 AQI 125 > 100,75
岡山區老人活動中心,高雄市岡山區,22.7989,120.2925,False,戶外設施,高雄,高雄市,125,19.1,High Risk,最近測站 AQI 125 > 100,75
公園西路14號公所廳舍,高雄市岡山區,22.799129,120.289345,False,戶外設施,高雄,高雄市,125,19.15,High Risk,最近測站 AQI 125 > 100,75
岡山榮譽國民之家,高雄市燕巢區,22.7993,120.3288,True,室內設施,高雄,高雄市,125,19.33,High Risk,最近測站 AQI 125 > 100,55
高雄市永安區維新國民小學,高雄市永安區,22.80403364,120.2479631,True,室內設施,高雄,高雄市,125,20.4,High Risk,最近測站 AQI 125 > 100,60
高雄市燕巢區金山國民小學（備用）,高雄市燕巢區,22.811802,120.398079,True,室內設施,屏東,屏東市,56,18.19,Low Risk,風險較低,30
富源村活動中心,臺東縣卑南鄉,22.812554,121.149689,True,室內設施,台東,台東市,42,6.37,Low Risk,風險較低,0
高雄市立嘉興國民中學,高雄市岡山區,22.816175,120.311911,True,室內設施,高雄,高雄市,125,21.03,High Risk,最近測站 AQI 125 > 100,60
青山國小,屏東縣三地門鄉,22.817112,120.641368,True,室內設施,屏東,屏東市,56,22.87,Low Risk,風險較低,35
中正堂,高雄市永安區,22.8183,120.2253,True,室內設施,台南,台南市,67,20.19,Low Risk,風險較低,35
三和國小,屏東縣里港鄉,22.82,120.5064,True,室內設施,屏東,屏東市,56,16.84,Low Risk,風險較低,30
三地門鄉青山村辦公處,屏東縣三地門鄉,22.82065061,120.6406033,True,室內設施,屏東,屏東市,56,23.1,Low Risk,風險較低,35
土庫社區活動中心,屏東縣里港鄉,22.8209,120.5068,True,室內設施,屏東,屏東市,56,16.95,Low Risk,風險較低,30
高雄市永安區新港國民小學,高雄市永安區,22.82114749,120.2092311,True,室內設施,台南,台南市,67,19.96,Low Risk,風險較低,30
富山村活動中心,臺東縣卑南鄉,22.821416,121.190095,True,室內設施,台東,台東市,42,8.39,Low Risk,風險較低,0
富山國民小學,臺東縣卑南鄉,22.821416,121.190095,True,室內設施,台東,台東市,42,8.39,Low Risk,風險較低,0
高雄市岡山區嘉興國民小學,高雄市岡山區,22.821597,120.305292,False,戶外設施,台南,台南市,67,21.39,Warning,最近測站 AQI 67 > 50 且為戶外設施,55
高雄市立永安國民中學,高雄市永安區,22.823171,120.240646,True,室內設施,台南,台南市,67,19.7,Low Risk,風險較低,30
高雄市路竹區北嶺國民小學,高雄市路竹區,22.823505,120.269765,True,室內設施,台南,台南市,67,20.1,Low Risk,風險較低,35
賓朗老人暨多功能活動中心,臺東縣卑南鄉,22.8239,121.090749,True,室內設施,台東,台東市,42,9.79,Low Risk,風險較低,0
利吉村活動中心,臺東縣卑南鄉,22.824082,121.134111,True,室內設施,台東,台東市,42,7.83,Low Risk,風險較低,0
高雄市岡山區華崗社區活動中心,高雄市岡山區,22.824142,120.322418,False,戶外設施,台南,台南市,67,21.86,Warning,最近測站 AQI 67 > 50 且為戶外設施,55
屏東縣立高樹國民小學,屏東縣高樹鄉,22.8262,120.5992,True,室內設施,屏東,屏東市,56,20.92,Low Risk,風險較低,35
美農村活動中心,臺東縣卑南鄉,22.830504,121.093361,True,室內設施,台東,台東市,42,10.22,Low Risk,風險較低,5
高雄市永安區鹽田社區活動中心,高雄市永安區,22.833587,120.208428,True,室內設施,台南,台南市,67,18.59,Low Risk,風險較低,30
高雄市田寮區新興國民小學,高雄市田寮區,22.835015,120.369769,True,室內設施,屏東,屏東市,56,21.9,Low Risk,風險較低,35
大洲國中備用,高雄市旗山區,22.8354,120.4605,True,室內設施,屏東,屏東市,56,18.61,Low Risk,風險較低,30
東成國民小學,臺東縣卑南鄉,22.835594,121.082405,True,室內設施,台東,台東市,42,11.34,Low Risk,風險較低,5
高雄市立路竹區三埤國民小學,高雄市路竹區,22.8368,120.2801,True,室內設施,台南,台南市,67,18.94,Low Risk,風險較低,30
青葉國小,屏東縣三地門鄉,22.83769182,120.6391229,True,室內設施,屏東,屏東市,56,24.41,Low Risk,風險較低,35
青葉村辦公處含活動中心,屏東縣三地門鄉,22.838158,120.638444,True,室內設施,屏東,屏東市,56,24.4,Low Risk,風險較低,35
高雄市旗山區溪洲國民小學（備用）,高雄市旗山區,22.847646,120.465528,False,戶外設施,屏東,屏東市,56,19.9,Warning,最近測站 AQI 56 > 50 且為戶外設施,50
屏東縣立舊寮國民小學,屏東縣高樹鄉,22.8486,120.6101,True,室內設施,屏東,屏東市,56,23.62,Low Risk,風險較低,35
合天大道院,高雄市旗山區,22.8489,120.4734,True,室內設施,屏東,屏東市,56,19.97,Low Risk,風險較低,30
高雄市阿蓮區復安國民小學（備用）,高雄市阿蓮區,22.849101,120.324142,True,室內設施,台南,台南市,67,19.5,Low Risk,風險較低,30
鯤洲社區多功能活動中心,高雄市旗山區,22.84953,120.476208,True,室內設施,屏東,屏東市,56,20.02,Low Risk,風險較低,35
高雄市美濃區吉東國民小學,高雄市美濃區,22.851314,120.540959,True,室內設施,屏東,屏東市,56,20.97,Low Risk,風險較低,35
路竹老人活動中心,高雄市路竹區,22.8543,120.2546,True,室內設施,台南,台南市,67,16.44,Low Risk,風險較低,30
高雄市立路竹高級中學,高雄市路竹區,22.855385,120.25221,True,室內設施,台南,台南市,67,16.28,Low Risk,風險較低,30
上洲社區活動中心,高雄市旗山區,22.8565,120.4735,True,室內設施,屏東,屏東市,56,20.81,Low Risk,風險較低,35
廣福社區活動中心,高雄市旗山區,22.8575,120.5049,True,室內設施,屏東,屏東市,56,20.97,Low Risk,風險較低,35
初鹿國民小學,臺東縣卑南鄉,22.860167,121.092081,True,室內設施,台東,台東市,42,13.11,Low Risk,風險較低,5
初鹿村多功能暨老人活動中心,臺東縣卑南鄉,22.860646,121.092522,True,室內設施,台東,台東市,42,13.14,Low Risk,風險較低,5
高雄市路竹區蔡文國民小學,高雄市路竹區,22.861515,120.256002,True,室內設施,台南,台南市,67,15.67,Low Risk,風險較低,30
高雄市立路竹區竹滬國民小學,高雄市路竹區,22.8625,120.2304,True,室內設施,台南,台南市,67,15.28,Low Risk,風險較低,30
高雄市路竹區路竹國民小學,高雄市路竹區,22.862524,120.230427,True,室內設施,台南,台南市,67,15.28,Low Risk,風險較低,30
屏東縣立新豐國民小學,屏東縣高樹鄉,22.8634,120.6343,True,室內設施,屏東,屏東市,56,26.37,Low Risk,風險較低,35
龍山國小,高雄市美濃區,22.864611,120.555856,True,室內設施,屏東,屏東市,56,22.83,Low Risk,風險較低,35
高雄市路竹區大社國民小學,高雄市路竹區,22.867067,120.265351,True,室內設施,台南,台南市,67,15.29,Low Risk,風險較低,30
高雄市立一甲國民中學學生,高雄市路竹區,22.868822,120.271882,True,室內設施,台南,台南市,67,15.29,Low Risk,風險較低,30
高雄市立路竹區下坑國民小學備用,高雄市路竹區,22.8691,120.2908,True,室內設施,台南,台南市,67,15.95,Low Risk,風險較低,30
田寮區公所3樓大禮堂,高雄市田寮區,22.8699,120.3594,True,室內設施,台南,台南市,67,19.83,Low Risk,風險較低,30
竹子門水利工作站,高雄市美濃區,22.870284,120.588802,True,室內設施,屏東,屏東市,56,24.67,Low Risk,風險較低,35
都蘭活動中心,臺東縣東河鄉,22.876498,121.227556,True,室內設施,台東,台東市,42,15.62,Low Risk,風險較低,5
高雄市美濃區吉洋國民小學,高雄市美濃區,22.876682,120.535858,True,室內設施,屏東,屏東市,56,23.58,Low Risk,風險較低,35
高雄市田寮區崇德國民小學,高雄市田寮區,22.877635,120.379682,True,室內設施,台南,台南市,67,20.73,Low Risk,風險較低,35
高雄市立龍肚國民中學,高雄市美濃區,22.877733,120.571037,True,室內設施,屏東,屏東市,56,24.72,Low Risk,風險較低,35
都蘭國小,臺東縣東河鄉,22.877955,121.226932,True,室內設施,台東,台東市,42,15.72,Low Risk,風險較低,5
湖東社區活動中心,高雄市湖內區,22.878344,120.246231,True,室內設施,台南,台南市,67,13.66,Low Risk,風險較低,30
新寮社區活動中心,高雄市六龜區,22.8806,120.6145,True,室內設施,屏東,屏東市,56,26.9,Low Risk,風險較低,35
樹人醫護管理專科學校,高雄市路竹區,22.8827,120.2611,True,室內設施,台南,台南市,67,13.49,Low Risk,風險較低,30
高雄市美濃區福安國民小學,高雄市美濃區,22.882868,120.533938,True,室內設施,屏東,屏東市,56,24.21,Low Risk,風險較低,35
阿蓮區公所3樓會議室,高雄市阿蓮區,22.8832,120.3275,True,室內設施,台南,台南市,67,16.57,Low Risk,風險較低,30
高雄市阿蓮區阿蓮國民小學（備 用）,高雄市阿蓮區,22.88323,120.329869,True,室內設施,台南,台南市,67,16.72,Low Risk,風險較低,30
高雄市美濃區中壇國民小學,高雄市美濃區,22.884022,120.53057,True,室內設施,屏東,屏東市,56,24.27,Low Risk,風險較低,35
靈山寺,高雄市旗山區,22.8847,120.4784,True,室內設施,屏東,屏東市,56,23.92,Low Risk,風險較低,35
高雄市立阿蓮國民中學（備用）,高雄市阿蓮區,22.88532,120.326138,True,室內設施,台南,台南市,67,16.3,Low Risk,風險較低,30
高雄市美濃區龍肚國民小學,高雄市美濃區,22.885381,120.579605,True,室內設施,屏東,屏東市,56,25.84,Low Risk,風險較低,35
高雄市茂林區茂林國民小學,高雄市茂林區,22.8865,120.6643,True,室內設施,屏東,屏東市,56,30.26,Low Risk,風險較低,35
鳳山區農會茂林辦事處,高雄市茂林區,22.8869,120.6633,False,戶外設施,屏東,屏東市,56,30.23,Warning,最近測站 AQI 56 > 50 且為戶外設施,55
茂林基督長老教會,高雄市茂林區,22.8871,120.6661,True,室內設施,屏東,屏東市,56,30.43,Low Risk,風險較低,35
高雄市湖內區大湖國民小學,高雄市湖內區,22.887757,120.244517,True,室內設施,台南,台南市,67,12.6,Low Risk,風險較低,30
高雄市其山區旗山國小（備用）,高雄市旗山區,22.888297,120.480651,False,戶外設施,屏東,屏東市,56,24.31,Warning,最近測站 AQI 56 > 50 且為戶外設施,55
旗山區公所,高雄市旗山區,22.8886,120.4836,False,戶外設施,屏東,屏東市,56,24.34,Warning,最近測站 AQI 56 > 50 且為戶外設施,55
高雄市茄萣區成功國民小學,高雄市茄萣區,22.888687,120.186031,True,室內設施,台南,台南市,67,13.06,Low Risk,風險較低,30
新威天台聖宮,高雄市六龜區,22.8889,120.6166,True,室內設施,屏東,屏東市,56,27.81,Low Risk,風險較低,35
大津登山訓練中心,高雄市六龜區,22.889,120.6471,True,室內設施,屏東,屏東市,56,29.46,Low Risk,風險較低,35
湄州里活動中心,高雄市旗山區,22.8898,120.4811,True,室內設施,屏東,屏東市,56,24.48,Low Risk,風險較低,35
茄萣老人活動中心,高雄市茄萣區,22.8911,120.186,True,室內設施,台南,台南市,67,12.8,Low Risk,風險較低,30
竹峰里辦公處,高雄市旗山區,22.8912,120.4786,True,室內設施,屏東,屏東市,56,24.64,Low Risk,風險較低,35
大津社區活動中心,高雄市六龜區,22.891873,120.647154,True,室內設施,屏東,屏東市,56,29.73,Low Risk,風險較低,35
紅葉村活動中心,臺東縣延平鄉,22.893619,121.063062,True,室內設施,台東,台東市,42,17.81,Low Risk,風險較低,5
古亭社區活動中心,高雄市田寮區,22.89410114,120.4023526,True,室內設施,台南,台南市,67,21.47,Low Risk,風險較低,35
台灣基督長老教會海埔教會,高雄市湖內區,22.8944,120.2234,True,室內設施,台南,台南市,67,11.74,Low Risk,風險較低,30
美濃區老人文康活動中心,高雄市美濃區,22.8946,120.5427,True,室內設施,屏東,屏東市,56,25.68,Low Risk,風險較低,35
高雄市立美濃國民中學,高雄市美濃區,22.894745,120.5435,True,室內設施,屏東,屏東市,56,25.71,Low Risk,風險較低,35
美濃區公所,高雄市美濃區,22.8948,120.5418,True,室內設施,屏東,屏東市,56,25.68,Low Risk,風險較低,35
高雄市阿蓮區中路國民小學（備用）,高雄市阿蓮區,22.89493,120.298575,True,室內設施,台南,台南市,67,13.79,Low Risk,風險較低,30
興隆國小,臺東縣東河鄉,22.895301,121.24875,True,室內設施,台東,台東市,42,18.53,Low Risk,風險較低,5
鸞山村活動中心,臺東縣延平鄉,22.899002,121.151603,True,室內設施,台東,台東市,42,15.98,Low Risk,風險較低,5
高雄市美濃區美濃國民小學,高雄市美濃區,22.899581,120.543255,True,室內設施,屏東,屏東市,56,26.23,Low Risk,風險較低,35
高雄市六龜區新威國民小學,高雄市六龜區,22.900102,120.627629,True,室內設施,屏東,屏東市,56,29.45,Low Risk,風險較低,35
高雄市美濃區東門國民小學,高雄市美濃區,22.900489,120.553201,True,室內設施,屏東,屏東市,56,26.57,Low Risk,風險較低,35
永和社區活動中心備用,高雄市旗山區,22.9006,120.4782,True,室內設施,屏東,屏東市,56,25.69,Low Risk,風險較低,35
新威社區活動中心,高雄市六龜區,22.9025,120.6284,True,室內設施,屏東,屏東市,56,29.72,Low Risk,風險較低,35
桃源村活動中心,臺東縣延平鄉,22.902922,121.084336,True,室內設施,台東,台東市,42,17.76,Low Risk,風險較低,5
高雄市茄萣區茄萣國民小學,高雄市茄萣區,22.903281,120.181985,True,室內設施,台南,台南市,67,11.69,Low Risk,風險較低,30
臺南市關廟區崇和國小,臺南市關廟區,22.904,120.3547,True,室內設施,台南,台南市,67,16.88,Low Risk,風險較低,30
龍田社區活動中心,臺東縣鹿野鄉,22.9042,121.1206,True,室內設施,台東,台東市,42,16.84,Low Risk,風險較低,5
龍田國小,臺東縣鹿野鄉,22.9042,121.1243,True,室內設施,台東,台東市,42,16.77,Low Risk,風險較低,5
和平社區活動中心,臺東縣鹿野鄉,22.9051,121.1192,True,室內設施,台東,台東市,42,16.96,Low Risk,風險較低,5
茄萣區公所大禮堂,高雄市茄萣區,22.9065,120.1825,True,室內設施,台南,台南市,67,11.34,Low Risk,風險較低,30
高雄市立茄萣國民中學,高雄市茄萣區,22.906889,120.181014,True,室內設施,台南,台南市,67,11.36,Low Risk,風險較低,30
鹿野國中,臺東縣鹿野鄉,22.907,121.1352,True,室內設施,台東,台東市,42,16.94,Low Risk,風險較低,5
財團法人一貫道興毅純陽聖道院,高雄市湖內區,22.907202,120.21789,True,室內設施,台南,台南市,67,10.35,Low Risk,風險較低,30
新興社區活動中心,高雄市六龜區,22.9076,120.6335,True,室內設施,屏東,屏東市,56,30.48,Low Risk,風險較低,35
高雄市立湖內國民中學,高雄市湖內區,22.907722,120.227397,True,室內設施,台南,台南市,67,10.25,Low Risk,風險較低,30
中圳社區活動中心,高雄市美濃區,22.908018,120.547647,True,室內設施,屏東,屏東市,56,27.25,Low Risk,風險較低,35
中正堂二樓,高雄市湖內區,22.9091,120.2129,True,室內設施,台南,台南市,67,10.2,Low Risk,風險較低,30
鹿野國小,臺東縣鹿野鄉,22.9094,121.137,True,室內設施,台東,台東市,42,17.19,Low Risk,風險較低,5
白雲社區活動中心,高雄市茄萣區,22.9096,120.1851,True,室內設施,台南,台南市,67,10.91,Low Risk,風險較低,30
高雄市茂林區多納國民小學,高雄市茂林區,22.9101,120.7159,True,室內設施,屏東,屏東市,56,35.64,Low Risk,風險較低,35
多納里社區活動中心,高雄市茂林區,22.9105,120.7167,True,室內設施,屏東,屏東市,56,35.73,Low Risk,風險較低,35
萬山里避難屋,高雄市茂林區,22.911115,120.682514,True,室內設施,屏東,屏東市,56,33.57,Low Risk,風險較低,35
高雄市茄萣區砂崙國民小學,高雄市茄萣區,22.91319,120.182354,True,室內設施,台南,台南市,67,10.67,Low Risk,風險較低,30
臺南市歸仁區大潭國小,臺南市歸仁區,22.9138,120.2718,True,室內設施,台南,台南市,67,10.62,Low Risk,風險較低,30
鹿野鄉公所,臺東縣鹿野鄉,22.9143,121.1362,True,室內設施,台東,台東市,42,17.74,Low Risk,風險較低,5
廣林里社區活動中心,高雄市美濃區,22.916916,120.579295,True,室內設施,屏東,屏東市,56,29.11,Low Risk,風險較低,35
臺南市關廟區文和國小,臺南市關廟區,22.917,120.3428,True,室內設施,台南,台南市,67,15.03,Low Risk,風險較低,30
內門紫竹寺香客大樓,高雄市內門區,22.9172,120.4554,True,室內設施,台南,台南市,67,25.14,Low Risk,風險較低,35
高雄市美濃區廣興國民小學,高雄市美濃區,22.917251,120.567922,True,室內設施,屏東,屏東市,56,28.78,Low Risk,風險較低,35
高雄市內門區觀亭國民小學,高雄市內門區,22.918343,120.453734,True,室內設施,台南,台南市,67,24.93,Low Risk,風險較低,35
高雄市內門區西門國民小學,高雄市內門區,22.918619,120.426716,True,室內設施,台南,台南市,67,22.37,Low Risk,風險較低,35
高雄市立內門國民中學,高雄市內門區,22.921882,120.453517,True,室內設施,台南,台南市,67,24.77,Low Risk,風險較低,35
華山營區,高雄市旗山區,22.9266,120.5039,True,室內設施,屏東,屏東市,56,28.63,Low Risk,風險較低,35
臺南市龍崎區大坪里民活動中心,臺南市龍崎區,22.9268,120.3921,True,室內設施,台南,台南市,67,18.77,Low Risk,風險較低,30
永康村鄉立幼兒園,臺東縣延平鄉,22.927897,121.115208,True,室內設施,台東,台東市,42,19.53,Low Risk,風險較低,5
隆昌村辦公處活動中心,臺東縣東河鄉,22.928015,121.269255,True,室內設施,台東,台東市,42,22.73,Low Risk,風險較低,10
臺南市歸仁區沙崙國中,臺南市歸仁區,22.9287,120.2816,True,室內設施,台南,台南市,67,9.7,Low Risk,風險較低,25
臺南市龍崎區牛埔里里民活動中心,臺南市龍崎區,22.9313,120.4096,True,室內設施,台南,台南市,67,20.2,Low Risk,風險較低,35
永安社區活動中心,臺東縣鹿野鄉,22.9316,121.1296,True,室內設施,台東,台東市,42,19.72,Low Risk,風險較低,5
臺南市南區南寧中學,臺南市南區,22.9318,120.1834,True,室內設施,台南,台南市,67,8.78,Low Risk,風險較低,25
臺南市南區灣裡聯合里活動中心,臺南市南區,22.9323,120.1808,True,室內設施,台南,台南市,67,8.88,Low Risk,風險較低,25
臺南市南區省躬國小,臺南市南區,22.9325,120.1804,True,室內設施,台南,台南市,67,8.88,Low Risk,風險較低,25
永昌社區活動中心,臺東縣鹿野鄉,22.9328,121.1308,True,室內設施,台東,台東市,42,19.84,Low Risk,風險較低,5
中正社區活動中心,高雄市旗山區,22.9329,120.5022,True,室內設施,台南,台南市,67,29.15,Low Risk,風險較低,35
永安國小,臺東縣鹿野鄉,22.9336,121.1283,True,室內設施,台東,台東市,42,19.96,Low Risk,風險較低,5
臺南市關廟區深坑國小,臺南市關廟區,22.9371,120.3353,True,室內設施,台南,台南市,67,13.11,Low Risk,風險較低,30
鹿野鄉立托兒所,臺東縣鹿野鄉,22.9403,121.1515,True,室內設施,台東,台東市,42,20.57,Low Risk,風險較低,10
南海紫竹寺香客大樓,高雄市內門區,22.9417,120.4613,True,室內設施,台南,台南市,67,24.85,Low Risk,風險較低,35
臺南市仁德區臺南都會公園管理中心,臺南市仁德區,22.9437,120.2211,False,戶外設施,台南,台南市,67,6.28,Warning,最近測站 AQI 67 > 50 且為戶外設施,45
臺南市仁德區後壁里老人文康活動中心,臺南市仁德區,22.9475,120.2532,True,室內設施,台南,台南市,67,6.42,Low Risk,風險較低,25
月美社區活動中心,高雄市杉林區,22.948034,120.528674,True,室內設施,屏東,屏東市,56,31.26,Low Risk,風險較低,35
臺南市龍崎區龍船里里民活動中心,臺南市龍崎區,22.952,120.4213,True,室內設施,台南,台南市,67,20.6,Low Risk,風險較低,35
瑞源社區活動中心,臺東縣鹿野鄉,22.955,121.1562,True,室內設施,台東,台東市,42,22.21,Low Risk,風險較低,10
瑞隆社區活動中心,臺東縣鹿野鄉,22.955,121.1562,True,室內設施,台東,台東市,42,22.21,Low Risk,風險較低,10
永富社區活動中心景義國小,高雄市內門區,22.956,120.4942,True,室內設施,台南,台南市,67,27.8,Low Risk,風險較低,35
高雄市內門區內門國民小學,高雄市內門區,22.956009,120.470326,True,室內設施,台南,台南市,67,25.39,Low Risk,風險較低,35
瑞源國小,臺東縣鹿野鄉,22.9578,121.1554,True,室內設施,台東,台東市,42,22.52,Low Risk,風險較低,10
高雄市杉林區月美國民小學,高雄市杉林區,22.958186,120.535203,True,室內設施,台南,台南市,67,31.9,Low Risk,風險較低,35
臺南市關廟區五甲國小,臺南市關廟區,22.9583,120.3343,True,室內設施,台南,台南市,67,11.93,Low Risk,風險較低,30
臺南市關廟社區活動中心,臺南市關廟區,22.9589,120.3242,True,室內設施,台南,台南市,67,10.95,Low Risk,風險較低,30
大林社區活動中心備用,高雄市旗山區,22.9591,120.5147,True,室內設施,台南,台南市,67,29.81,Low Risk,風險較低,35
臺南市關廟區關廟國中,臺南市關廟區,22.9608,120.3247,True,室內設施,台南,台南市,67,10.92,Low Risk,風險較低,30
臺南市南區區公所,臺南市南區,22.9609,120.1884,True,室內設施,台南,台南市,67,5.86,Low Risk,風險較低,25
臺南市南區龍崗國小,臺南市南區,22.9614,120.1696,True,室內設施,台南,台南市,67,7.26,Low Risk,風險較低,25
臺南市東區大智里活動中心,臺南市東區,22.9615,120.2303,True,室內設施,台南,台南市,67,4.28,Low Risk,風險較低,25
臺南市歸仁區紅瓦厝國小,臺南市歸仁區,22.9617,120.2987,True,室內設施,台南,台南市,67,8.49,Low Risk,風險較低,25
尚德國小村辦公室,臺東縣東河鄉,22.9627,121.2407,True,室內設施,台東,台東市,42,24.84,Low Risk,風險較低,10
臺南市南區永華國小,臺南市南區,22.9631,120.1886,True,室內設施,台南,台南市,67,5.67,Low Risk,風險較低,25
臺南市關廟區關廟國小,臺南市關廟區,22.9637,120.3261,True,室內設施,台南,台南市,67,10.92,Low Risk,風險較低,30
高雄市杉林區大愛民族國民小學,高雄市杉林區,22.963823,120.538829,True,室內設施,台南,台南市,67,32.18,Low Risk,風險較低,35
臺南市歸仁區歸南國小,臺南市歸仁區,22.9642,120.2883,True,室內設施,台南,台南市,67,7.43,Low Risk,風險較低,25
臺南市龍崎區民活動中心,臺南市龍崎區,22.9642,120.3595,True,室內設施,台南,台南市,67,14.14,Low Risk,風險較低,30
臺南市立龍崎國民小學,臺南市龍崎區,22.964425,120.35906,True,室內設施,台南,台南市,67,14.09,Low Risk,風險較低,30
臺南市南區明興社區活動中心,臺南市南區,22.9651,120.1923,True,室內設施,台南,台南市,67,5.25,Low Risk,風險較低,25
臺南市龍崎區老人文康活中心,臺南市龍崎區,22.9651,120.3603,True,室內設施,台南,台南市,67,14.19,Low Risk,風險較低,30
大愛活動中心,高雄市杉林區,22.966082,120.545574,True,室內設施,台南,台南市,67,32.84,Low Risk,風險較低,35
月眉社區活動中心,高雄市杉林區,22.96649744,120.5354386,True,室內設施,台南,台南市,67,31.8,Low Risk,風險較低,35
臺南市歸仁區公所,臺南市歸仁區,22.9669,120.294,True,室內設施,台南,台南市,67,7.79,Low Risk,風險較低,25
臺南市南區開南里活動中心,臺南市南區,22.967,120.1856,True,室內設施,台南,台南市,67,5.59,Low Risk,風險較低,25
臺南市仁德區仁義里運動公園育樂中心,臺南市仁德區,22.9675,120.2585,False,戶外設施,台南,台南市,67,4.84,Warning,最近測站 AQI 67 > 50 且為戶外設施,45
上平社區活動中心,高雄市杉林區,22.96796903,120.557561,True,室內設施,屏東,屏東市,56,33.97,Low Risk,風險較低,35
臺南市龍崎區龍崎國民中學,臺南市龍崎區,22.9683,120.3608,True,室內設施,台南,台南市,67,14.15,Low Risk,風險較低,30
高雄市立杉林國民中學,高雄市杉林區,22.968577,120.540834,True,室內設施,台南,台南市,67,32.32,Low Risk,風險較低,35
東河鄉公所2樓大會議室,臺東縣東河鄉,22.969096,121.302729,True,室內設施,台東,台東市,42,28.43,Low Risk,風險較低,10
臺南市歸仁區歸仁國中,臺南市歸仁區,22.9696,120.2939,True,室內設施,台南,台南市,67,7.64,Low Risk,風險較低,25
臺南市南區白雪社區活動中心,臺南市南區,22.9697,120.1888,True,室內設施,台南,台南市,67,5.15,Low Risk,風險較低,25
臺南市歸仁區歸仁國小,臺南市歸仁區,22.9698,120.2966,True,室內設施,台南,台南市,67,7.88,Low Risk,風險較低,25
武陵村活動中心,臺東縣延平鄉,22.969833,121.117842,True,室內設施,台東,台東市,42,24.09,Low Risk,風險較低,10
臺南市歸仁區文化國小,臺南市歸仁區,22.9708,120.2891,True,室內設施,台南,台南市,67,7.14,Low Risk,風險較低,25
臺南市歸仁區歸仁里活動中心,臺南市歸仁區,22.9708,120.2984,True,室內設施,台南,台南市,67,8.0,Low Risk,風險較低,25
臺南市南區大忠大林社區活動中心,臺南市南區,22.9726,120.2125,True,室內設施,台南,台南市,67,3.37,Low Risk,風險較低,25
臺南市仁德區公所,臺南市仁德區,22.973,120.2517,True,室內設施,台南,台南市,67,3.92,Low Risk,風險較低,25
瑞源國中,臺東縣鹿野鄉,22.9742,121.1567,True,室內設施,台東,台東市,42,24.35,Low Risk,風險較低,10
臺南市南區府南里活動中心,臺南市南區,22.9744,120.1953,True,室內設施,台南,台南市,67,4.3,Low Risk,風險較低,25
高雄市內門區木柵國民小學,高雄市內門區,22.975346,120.467861,True,室內設施,台南,台南市,67,24.82,Low Risk,風險較低,35
臺南市東區崇德里活動中心,臺南市東區,22.9757,120.2281,True,室內設施,台南,台南市,67,2.69,Low Risk,風險較低,25
臺南市南區田寮社區活動中心,臺南市南區,22.9765,120.1955,True,室內設施,台南,台南市,67,4.14,Low Risk,風險較低,25
高雄市杉林區上平國民小學,高雄市杉林區,22.976853,120.544072,True,室內設施,台南,台南市,67,32.57,Low Risk,風險較低,35
臺南市東區和平里活動中心,臺南市東區,22.977,120.2326,True,室內設施,台南,台南市,67,2.61,Low Risk,風險較低,25
臺南市南區國宅社區活動中心,臺南市南區,22.9771,120.1879,True,室內設施,台南,台南市,67,4.73,Low Risk,風險較低,25
臺南市關廟區新光國小,臺南市關廟區,22.9772,120.3595,True,室內設施,台南,台南市,67,13.81,Low Risk,風險較低,30
臺南市安平區漁光里活動中心,臺南市安平區,22.977225,120.159968,True,室內設施,台南,台南市,67,7.3,Low Risk,風險較低,25
日光小林社區活動中心,高雄市杉林區,22.977268,120.556689,True,室內設施,台南,台南市,67,33.85,Low Risk,風險較低,35
永吉社區活動中心,高雄市內門區,22.9774,120.498,True,室內設施,台南,台南市,67,27.86,Low Risk,風險較低,35
臺南市南區新興國中,臺南市南區,22.9778,120.1876,True,室內設施,台南,台南市,67,4.71,Low Risk,風險較低,25
木柵社區活動中心,高雄市內門區,22.978,120.4677,True,室內設施,台南,台南市,67,24.77,Low Risk,風險較低,35
臺南市南區體育公園,臺南市南區,22.9785,120.2068,False,戶外設施,台南,台南市,67,3.15,Warning,最近測站 AQI 67 > 50 且為戶外設施,45
新豐社區活動中心,臺東縣鹿野鄉,22.9789,121.1315,True,室內設施,台東,台東市,42,24.94,Low Risk,風險較低,10
瑞豐國小,臺東縣鹿野鄉,22.9791,121.1369,True,室內設施,台東,台東市,42,24.92,Low Risk,風險較低,10
臺南市南區大成國中,臺南市南區,22.9796,120.198,True,室內設施,台南,台南市,67,3.72,Low Risk,風險較低,25
臺南市東區崇學國民小學操場,臺南市東區,22.9796,120.2234,False,戶外設施,台南,台南市,67,2.29,Warning,最近測站 AQI 67 > 50 且為戶外設施,45
臺南市東區復興里活動中心,臺南市東區,22.9803,120.2416,True,室內設施,台南,台南市,67,2.65,Low Risk,風險較低,25
臺南市東區區公所,臺南市東區,22.980519,120.224015,True,室內設施,台南,台南市,67,2.18,Low Risk,風險較低,25
臺南市東區德光里活動中心,臺南市東區,22.9806,120.2188,True,室內設施,台南,台南市,67,2.3,Low Risk,風險較低,25
臺南市南區台南高商,臺南市南區,22.9811,120.202,True,室內設施,台南,台南市,67,3.3,Low Risk,風險較低,25
臺南市東區虎尾里活動中心,臺南市東區,22.9815,120.2353,True,室內設施,台南,台南市,67,2.22,Low Risk,風險較低,25
臺南市東區裕聖里活動中心,臺南市東區,22.9817,120.2464,True,室內設施,台南,台南市,67,2.84,Low Risk,風險較低,25
臺南市仁德區太子里活動中心,臺南市仁德區,22.9823,120.255,True,室內設施,台南,台南市,67,3.48,Low Risk,風險較低,25
臺南市東區裕文國民小學,臺南市東區,22.982499,120.245741,True,室內設施,台南,台南市,67,2.73,Low Risk,風險較低,25
臺南市東區復興國民小學風雨球場,臺南市東區,22.9826,120.2387,False,戶外設施,台南,台南市,67,2.27,Warning,最近測站 AQI 67 > 50 且為戶外設施,45
臺南市中西區五妃社區活動中心,臺南市中西區,22.983,120.2049,True,室內設施,台南,台南市,67,2.93,Low Risk,風險較低,25
臺南市東區龍山社區活動中心,臺南市東區,22.9836,120.2193,True,室內設施,台南,台南市,67,1.97,Low Risk,風險較低,25
臺南市東區自強里活動中心,臺南市東區,22.984,120.2352,True,室內設施,台南,台南市,67,1.96,Low Risk,風險較低,25
臺南市中西區仙草里活動中心,臺南市中西區,22.9844,120.1995,True,室內設施,台南,台南市,67,3.29,Low Risk,風險較低,25
臺南市東區富裕里活動中心,臺南市東區,22.9847,120.2276,True,室內設施,台南,台南市,67,1.69,Low Risk,風險較低,25
臺南市中西區中山國中,臺南市中西區,22.9848,120.2033,True,室內設施,台南,台南市,67,2.94,Low Risk,風險較低,25
臺南市東區富強里活動中心,臺南市東區,22.986,120.2317,True,室內設施,台南,台南市,67,1.62,Low Risk,風險較低,25
臺南市安平區億載里活動中心,臺南市安平區,22.986221,120.161834,True,室內設施,台南,台南市,67,6.83,Low Risk,風險較低,25
臺南市東區關聖社區活動中心,臺南市東區,22.9865,120.2434,True,室內設施,台南,台南市,67,2.25,Low Risk,風險較低,25
臺南市安平區文平里活動中心,臺南市安平區,22.986772,120.185499,True,室內設施,台南,台南市,67,4.48,Low Risk,風險較低,25
臺南市安平區育平里活動中心,臺南市安平區,22.987404,120.167087,True,室內設施,台南,台南市,67,6.28,Low Risk,風險較低,25
臺南市東區衛國里活動中心,臺南市東區,22.9879,120.2254,True,室內設施,台南,台南市,67,1.34,Low Risk,風險較低,25
新和社區舊圖書室,高雄市杉林區,22.98792,120.563198,True,室內設施,台南,台南市,67,34.45,Low Risk,風險較低,35
瑞豐社區活動中心,臺東縣鹿野鄉,22.988,121.1398,True,室內設施,台東,台東市,42,25.9,Low Risk,風險較低,10
高雄市杉林區新庄國民小學,高雄市杉林區,22.989102,120.559681,True,室內設施,台南,台南市,67,34.08,Low Risk,風險較低,35
臺南市中西區郡西里活動中心,臺南市中西區,22.989445,120.194075,True,室內設施,台南,台南市,67,3.56,Low Risk,風險較低,25
臺南市安平區國平里活動中心,臺南市安平區,22.98948,120.176458,True,室內設施,台南,台南市,67,5.29,Low Risk,風險較低,25
臺南市東區後甲南聖里聯合社區活動中心,臺南市東區,22.9895,120.2427,True,室內設施,台南,台南市,67,1.99,Low Risk,風險較低,25
臺南市中西區忠義國小,臺南市中西區,22.989572,120.20315,True,室內設施,台南,台南市,67,2.69,Low Risk,風險較低,25
臺南市東區崇誨里活動中心,臺南市東區,22.9898,120.2247,True,室內設施,台南,台南市,67,1.15,Low Risk,風險較低,25
臺南市安平區億載國小-操場,臺南市安平區,22.990008,120.163155,False,戶外設施,台南,台南市,67,6.62,Warning,最近測站 AQI 67 > 50 且為戶外設施,45
臺南市中西區永福小西三民里活動中心,臺南市中西區,22.9901,120.2008,True,室內設施,台南,台南市,67,2.89,Low Risk,風險較低,25
臺南市中西區萬昌公正里活動中心,臺南市中西區,22.991183,120.21101,True,室內設施,台南,台南市,67,1.89,Low Risk,風險較低,25
臺南市中西區中頭社區活動中心,臺南市中西區,22.9912,120.1913,True,室內設施,台南,台南市,67,3.77,Low Risk,風險較低,25
臺南市中西區民生社區活動中心,臺南市中西區,22.9912,120.1913,True,室內設施,台南,台南市,67,3.77,Low Risk,風險較低,25
臺南市歸仁區保西國小,臺南市歸仁區,22.9919,120.2936,True,室內設施,台南,台南市,67,6.89,Low Risk,風險較低,25
東寧運動公園,臺南市東區,22.992061,120.224271,False,戶外設施,台南,台南市,67,0.91,Warning,最近測站 AQI 67 > 50 且為戶外設施,45
臺南市東區大學東寧聯合社區活動中心,臺南市東區,22.9921,120.2243,True,室內設施,台南,台南市,67,0.91,Low Risk,風險較低,25
臺南市中西區青年銀同里活動中心,臺南市中西區,22.9922,120.2057,True,室內設施,台南,台南市,67,2.33,Low Risk,風險較低,25
臺南市中西區建國里活動中心,臺南市中西區,22.9928,120.2006,True,室內設施,台南,台南市,67,2.81,Low Risk,風險較低,25
高雄市立六龜高級中學,高雄市六龜區,22.99318,120.635085,True,室內設施,屏東,屏東市,56,39.08,Low Risk,風險較低,35
高雄市內門區溝坪國民小學,高雄市內門區,22.993331,120.501231,True,室內設施,台南,台南市,67,28.09,Low Risk,風險較低,35
臺南市關廟區保東國小,臺南市關廟區,22.9934,120.3175,True,室內設施,台南,台南市,67,9.3,Low Risk,風險較低,25
臺南市中西區大涼社區活動中心,臺南市中西區,22.9936,120.1908,True,室內設施,台南,台南市,67,3.76,Low Risk,風險較低,25
高雄市六龜區龍興國民小學,高雄市六龜區,22.993875,120.644983,True,室內設施,屏東,屏東市,56,39.56,Low Risk,風險較低,35
臺南市安平區安平國小-風雨球場,臺南市安平區,22.993942,120.176439,False,戶外設施,台南,台南市,67,5.21,Warning,最近測站 AQI 67 > 50 且為戶外設施,45
小馬活動中心 Siao-Ma Community Center,臺東縣成功鎮,22.99397,121.314613,True,室內設施,台東,台東市,42,31.41,Low Risk,風險較低,10
臺南市中西區中正里活動中心,臺南市中西區,22.9945,120.1972,True,室內設施,台南,台南市,67,3.1,Low Risk,風險較低,25
臺南市安平區公所,臺南市安平區,22.994806,120.168802,True,室內設施,台南,台南市,67,5.97,Low Risk,風險較低,25
臺南市安平區台南聖教會,臺南市安平區,22.995143,120.185097,True,室內設施,台南,台南市,67,4.31,Low Risk,風險較低,25
臺南市安平區建平里活動中心,臺南市安平區,22.99525,120.185584,True,室內設施,台南,台南市,67,4.26,Low Risk,風險較低,25
臺南市安平區華平里活動中心,臺南市安平區,22.995282,120.171965,True,室內設施,台南,台南市,67,5.65,Low Risk,風險較低,25
六龜綜合社會福利服務中心,高雄市六龜區,22.9955,120.6349,True,室內設施,屏東,屏東市,56,39.31,Low Risk,風險較低,35
白水泉社區活動中心,高雄市杉林區,22.9967,120.5784,True,室內設施,台南,台南市,67,35.98,Low Risk,風險較低,35
臺南市安平區沙灘忠誠社區聯合活動中心,臺南市安平區,22.997064,120.148967,False,戶外設施,台南,台南市,67,7.98,Warning,最近測站 AQI 67 > 50 且為戶外設施,45
臺南市中西區民權里活動中心,臺南市中西區,22.9971,120.1962,True,室內設施,台南,台南市,67,3.16,Low Risk,風險較低,25
臺南市安平區平通里活動中心,臺南市安平區,22.99731,120.170604,True,室內設施,台南,台南市,67,5.77,Low Risk,風險較低,25
臺南市安平區安平國中-安平館,臺南市安平區,22.997889,120.168263,True,室內設施,台南,台南市,67,6.01,Low Risk,風險較低,25
泰源活動中心村辦公處,臺東縣東河鄉,22.997948,121.286015,True,室內設施,台東,台東市,42,30.34,Low Risk,風險較低,10
臺南市中西區天后里活動中心,臺南市中西區,22.998046,120.201382,True,室內設施,台南,台南市,67,2.62,Low Risk,風險較低,25
高雄市杉林區杉林國民小學,高雄市杉林區,22.998095,120.548069,True,室內設施,台南,台南市,67,32.87,Low Risk,風險較低,35
臺南市中西區龍盛社區活動中心,臺南市中西區,22.9982,120.1938,True,室內設施,台南,台南市,67,3.39,Low Risk,風險較低,25
臺南市安平區天橋教會,臺南市安平區,22.99822,120.16822,True,室內設施,台南,台南市,67,6.01,Low Risk,風險較低,25
泰源國小,臺東縣東河鄉,22.998414,121.285041,True,室內設施,台東,台東市,42,30.34,Low Risk,風險較低,10
臺南市中西區協進國小,臺南市中西區,22.9987,120.1875,True,室內設施,台南,台南市,67,4.04,Low Risk,風險較低,25
臺南市永康區復興里活動中心,臺南市永康區,22.9988,120.2415,True,室內設施,台南,台南市,67,1.5,Low Risk,風險較低,25
臺南市中西區成功國小,臺南市中西區,22.998887,120.20317,True,室內設施,台南,台南市,67,2.43,Low Risk,風險較低,25
六龜社區活動中心,高雄市六龜區,22.9991,120.6301,True,室內設施,屏東,屏東市,56,39.5,Low Risk,風險較低,35
新和社區活動中心,高雄市杉林區,22.999381,120.574128,True,室內設施,台南,台南市,67,35.54,Low Risk,風險較低,35
臺南市安平區平安里活動中心,臺南市安平區,22.999443,120.17692,True,室內設施,台南,台南市,67,5.12,Low Risk,風險較低,25
原加拿托兒所,臺東縣海端鄉,22.999481,121.130244,True,室內設施,台東,台東市,42,27.23,Low Risk,風險較低,10
臺南市北區區公所,臺南市北區,22.9997,120.2029,True,室內設施,台南,台南市,67,2.46,Low Risk,風險較低,25
臺南市安平區石門國小-操場,臺南市安平區,22.999878,120.166309,False,戶外設施,台南,台南市,67,6.2,Warning,最近測站 AQI 67 > 50 且為戶外設施,45
臺南市北區東興社區活動中心,臺南市北區,22.99999,120.232393,True,室內設施,台南,台南市,67,0.56,Low Risk,風險較低,25
臺南市北區公園里活動中心,臺南市北區,23.0002,120.2116,False,戶外設施,台南,台南市,67,1.57,Warning,最近測站 AQI 67 > 50 且為戶外設施,45
臺南市龍崎區石[石曹]里里民活動中心,臺南市龍崎區,23.0002,120.3974,True,室內設施,台南,台南市,67,17.45,Low Risk,風險較低,30
臺南市北區公園國小,臺南市北區,23.0003,120.2091,False,戶外設施,台南,台南市,67,1.82,Warning,最近測站 AQI 67 > 50 且為戶外設施,45
臺南市安平區觀音亭,臺南市安平區,23.000378,120.162984,True,室內設施,台南,台南市,67,6.54,Low Risk,風險較低,25
杉林社區活動中心,高雄市杉林區,23.00041918,120.552286,True,室內設施,台南,台南市,67,33.31,Low Risk,風險較低,35
中興社區活動中心,高雄市六龜區,23.0008,120.6448,True,室內設施,屏東,屏東市,56,40.26,Low Risk,風險較低,35
臺南市安平區開台天后宮,臺南市安平區,23.000908,120.160689,True,室內設施,台南,台南市,67,6.78,Low Risk,風險較低,25
臺南市北區立人國小,臺南市北區,23.0014,120.2021,True,室內設施,台南,台南市,67,2.54,Low Risk,風險較低,25
臺南市永康區中華里活動中心,臺南市永康區,23.0015,120.2381,True,室內設施,台南,台南市,67,1.16,Low Risk,風險較低,25
臺南市中西區西湖社區活動中心,臺南市中西區,23.0016,120.1808,True,室內設施,台南,台南市,67,4.72,Low Risk,風險較低,25
臺南市永康區勝利里活動中心,臺南市永康區,23.0021,120.2294,True,室內設施,台南,台南市,67,0.35,Low Risk,風險較低,25
臺南市北區安民社區活動中心,臺南市北區,23.0022,120.1992,True,室內設施,台南,台南市,67,2.85,Low Risk,風險較低,25
臺南市安平區西門國小-多功能教室及普通教室,臺南市安平區,23.002924,120.159508,True,室內設施,台南,台南市,67,6.91,Low Risk,風險較低,25
臺南市永康區永康公園,臺南市永康區,23.003,120.2427,False,戶外設施,台南,台南市,67,1.65,Warning,最近測站 AQI 67 > 50 且為戶外設施,45
臺南市中西區光賢里活動中心,臺南市中西區,23.003161,120.189831,True,室內設施,台南,台南市,67,3.81,Low Risk,風險較低,25
臺南市北區裕民社區活動中心,臺南市北區,23.0032,120.1973,True,室內設施,台南,台南市,67,3.05,Low Risk,風險較低,25
金竹社區活動中心,高雄市內門區,23.0033,120.5074,True,室內設施,台南,台南市,67,28.71,Low Risk,風險較低,35
臺南市北區重興社區活動中心,臺南市北區,23.0036,120.2266,True,室內設施,台南,台南市,67,0.41,Low Risk,風險較低,25
臺南市北區和順里活動中心,臺南市北區,23.0037,120.2012,True,室內設施,台南,台南市,67,2.66,Low Risk,風險較低,25
臺南市安平區海頭社區活動中心,臺南市安平區,23.004411,120.160277,True,室內設施,台南,台南市,67,6.84,Low Risk,風險較低,25
臺南市永康區崑山里活動中心,臺南市永康區,23.0048,120.2602,True,室內設施,台南,台南市,67,3.45,Low Risk,風險較低,25
臺南市永康區東灣里活動中心,臺南市永康區,23.0051,120.2694,True,室內設施,台南,台南市,67,4.39,Low Risk,風險較低,25
興龍社區活動中心,高雄市六龜區,23.0051,120.6482,True,室內設施,屏東,屏東市,56,40.84,Low Risk,風險較低,35
臺南市北區民德國中,臺南市北區,23.0054,120.2052,True,室內設施,台南,台南市,67,2.3,Low Risk,風險較低,25
臺南市北區文賢國中,臺南市北區,23.0057,120.1962,True,室內設施,台南,台南市,67,3.21,Low Risk,風險較低,25
臺南市永康區復國里活動中心,臺南市永康區,23.006,120.2474,True,室內設施,台南,台南市,67,2.21,Low Risk,風險較低,25
關山鎮電光國民小學,臺東縣關山鎮,23.0061,121.1737,True,室內設施,台東,台東市,42,27.99,Low Risk,風險較低,10
臺南市永康區中興里活動中心,臺南市永康區,23.0063,120.2402,True,室內設施,台南,台南市,67,1.54,Low Risk,風險較低,25
臺南市左鎮區岡林國小,臺南市左鎮區,23.0074,120.4153,True,室內設施,台南,台南市,67,19.3,Low Risk,風險較低,30
臺南市北區賢北國小,臺南市北區,23.0076,120.1792,True,室內設施,台南,台南市,67,4.96,Low Risk,風險較低,25
臺南市北區國姓社區活動中心,臺南市北區,23.0078,120.209,True,室內設施,台南,台南市,67,2.03,Low Risk,風險較低,25
臺南市北區賢北里活動中心,臺南市北區,23.0086,120.1833,True,室內設施,台南,台南市,67,4.57,Low Risk,風險較低,25
臺南市北區大仁社區活動中心,臺南市北區,23.009,120.2165,True,室內設施,台南,台南市,67,1.47,Low Risk,風險較低,25
臺南市新化區大坑里活動中心,臺南市新化區,23.009,120.3849,True,室內設施,台南,台南市,67,16.2,Low Risk,風險較低,30
臺南市永康區六合里活動中心,臺南市永康區,23.0091,120.2303,True,室內設施,台南,台南市,67,1.08,Low Risk,風險較低,25
高雄市內門區金竹國民小學,高雄市內門區,23.009137,120.514514,True,室內設施,台南,台南市,67,29.46,Low Risk,風險較低,35
電光活動中心,臺東縣關山鎮,23.0093,121.1652,True,室內設施,台東,台東市,42,28.28,Low Risk,風險較低,10
臺南市北區延平國中,臺南市北區,23.0095,120.2107,True,室內設施,台南,台南市,67,1.97,Low Risk,風險較低,25
臺南市永康區體一運動公園,臺南市永康區,23.0095,120.2405,False,戶外設施,台南,台南市,67,1.75,Warning,最近測站 AQI 67 > 50 且為戶外設施,45
臺南市北區文元文成里聯合活動中心,臺南市北區,23.0099,120.1942,True,室內設施,台南,台南市,67,3.53,Low Risk,風險較低,25
臺南市永康區西灣里活動中心,臺南市永康區,23.0102,120.259,True,室內設施,台南,台南市,67,3.48,Low Risk,風險較低,25
臺南市永康區北灣里活動中心,臺南市永康區,23.0119,120.2673,True,室內設施,台南,台南市,67,4.34,Low Risk,風險較低,25
關山鎮月眉國民小學,臺東縣關山鎮,23.0126,121.1425,True,室內設施,台東,台東市,42,28.62,Low Risk,風險較低,10
臺南市北區實踐社區活動中心,臺南市北區,23.0134,120.2158,True,室內設施,台南,台南市,67,1.88,Low Risk,風險較低,25
臺南市北區開元國小,臺南市北區,23.0138,120.2219,True,室內設施,台南,台南市,67,1.63,Low Risk,風險較低,25
臺南市安南區海南里活動中心,臺南市安南區,23.0142,120.1822,True,室內設施,台南,台南市,67,4.84,Low Risk,風險較低,25
臺南市北區昇平社區活動中心,臺南市北區,23.0142,120.2146,True,室內設施,台南,台南市,67,2.03,Low Risk,風險較低,25
臺南市永康區安康里活動中心,臺南市永康區,23.0151,120.2281,True,室內設施,台南,台南市,67,1.69,Low Risk,風險較低,25
臺南市北區文元國小,臺南市北區,23.0154,120.2,True,室內設施,台南,台南市,67,3.25,Low Risk,風險較低,25
月眉活動中心,臺東縣關山鎮,23.0159,121.1516,True,室內設施,台東,台東市,42,28.98,Low Risk,風險較低,10
臺南市永康區復華里活動中心,臺南市永康區,23.0168,120.2452,True,室內設施,台南,台南市,67,2.65,Low Risk,風險較低,25
臺南市安南區四草里活動中心,臺南市安南區,23.017087,120.128311,True,室內設施,台南,台南市,67,10.27,Low Risk,風險較低,30
臺南市永康區社教中心,臺南市永康區,23.0187,120.26,True,室內設施,台南,台南市,67,3.98,Low Risk,風險較低,25
臺南市南化區東和里活動中心,臺南市南化區,23.0206,120.4741,True,室內設施,台南,台南市,67,25.4,Low Risk,風險較低,35
臺南市永康區尚頂里活動中心,臺南市永康區,23.0211,120.2233,True,室內設施,台南,台南市,67,2.39,Low Risk,風險較低,25
臺南市永康區東橋里活動中心,臺南市永康區,23.0212,120.2365,True,室內設施,台南,台南市,67,2.56,Low Risk,風險較低,25
臺南市永康區大橋里活動中心,臺南市永康區,23.0218,120.2296,True,室內設施,台南,台南市,67,2.45,Low Risk,風險較低,25
集來社區活動中心,高雄市杉林區,23.0222,120.5615,True,室內設施,台南,台南市,67,34.33,Low Risk,風險較低,35
高雄市杉林區集來國民小學,高雄市杉林區,23.022241,120.561499,True,室內設施,台南,台南市,67,34.34,Low Risk,風險較低,35
臺南市永康區新樹里活動中心,臺南市永康區,23.0229,120.2751,True,室內設施,台南,台南市,67,5.56,Low Risk,風險較低,25
臺南市永康區甲頂里活動中心,臺南市永康區,23.0237,120.2144,True,室內設施,台南,台南市,67,2.94,Low Risk,風險較低,25
臺南市安南區安富里活動中心,臺南市安南區,23.02479,120.1966,True,室內設施,台南,台南市,67,4.16,Low Risk,風險較低,25
臺南市永康區公所3樓禮堂,臺南市永康區,23.0261,120.257,True,室內設施,台南,台南市,67,4.24,Low Risk,風險較低,25
臺南市左鎮區光榮國小澄山分校,臺南市左鎮區,23.0262,120.3855,True,室內設施,台南,台南市,67,16.49,Low Risk,風險較低,30
臺南市南化區龍湖寺,臺南市南化區,23.0264,120.4969,True,室內設施,台南,台南市,67,27.79,Low Risk,風險較低,35
臺南市永康區探索教育公園,臺南市永康區,23.0266,120.2579,False,戶外設施,台南,台南市,67,4.35,Warning,最近測站 AQI 67 > 50 且為戶外設施,45
"成功鎮信義國民小學 Xin-Yi Elementary School,Chenggon Township",臺東縣成功鎮,23.02686,121.330869,True,室內設施,台東,台東市,42,35.4,Low Risk,風險較低,10
臺南市安南區海佃國民中學,臺南市安南區,23.026965,120.197792,True,室內設施,台南,台南市,67,4.23,Low Risk,風險較低,25
臺南市安南區溪北里活動中心,臺南市安南區,23.027,120.213,True,室內設施,台南,台南市,67,3.33,Low Risk,風險較低,25
臺南市安南區溪墘里活動中心,臺南市安南區,23.0279,120.1922,True,室內設施,台南,台南市,67,4.72,Low Risk,風險較低,25
臺南市永康區永康國民小學,臺南市永康區,23.027954,120.24811,True,室內設施,台南,台南市,67,3.8,Low Risk,風險較低,25
都歷活動中心 Du-Li Community Center,臺東縣成功鎮,23.028107,121.33089,True,室內設施,台東,台東市,42,35.51,Low Risk,風險較低,10
臺南市新化區體育公園,臺南市新化區,23.0295,120.3067,False,戶外設施,台南,台南市,67,8.81,Warning,最近測站 AQI 67 > 50 且為戶外設施,45
臺南市安南區安順國中-順中館,臺南市安南區,23.0313,120.2126,True,室內設施,台南,台南市,67,3.79,Low Risk,風險較低,25
北源活動中心村辦公處,臺東縣東河鄉,23.031352,121.286649,True,室內設施,台東,台東市,42,33.71,Low Risk,風險較低,10
臺南市永康區龍潭里活動中心,臺南市永康區,23.0314,120.2667,True,室內設施,台南,台南市,67,5.37,Low Risk,風險較低,25
高雄市六龜區新發國民小學,高雄市六龜區,23.031783,120.662467,True,室內設施,屏東,屏東市,56,44.14,Low Risk,風險較低,35
新發社區活動中心,高雄市六龜區,23.032,120.6633,True,室內設施,屏東,屏東市,56,44.2,Low Risk,風險較低,35
臺南市安南區安西里活動中心,臺南市安南區,23.032486,120.208978,True,室內設施,台南,台南市,67,4.06,Low Risk,風險較低,25
臺南市新化區保生大帝廟,臺南市新化區,23.0334,120.2959,True,室內設施,台南,台南市,67,7.98,Low Risk,風險較低,25
臺南市安南區安東里活動中心,臺南市安南區,23.033564,120.214219,True,室內設施,台南,台南市,67,3.96,Low Risk,風險較低,25
慈霖園原木梓國小,高雄市杉林區,23.033981,120.534542,True,室內設施,台南,台南市,67,31.71,Low Risk,風險較低,35
臺南市安南區理想大安社區活動中心,臺南市安南區,23.034,120.1931,True,室內設施,台南,台南市,67,5.13,Low Risk,風險較低,25
關山鎮老人文康活動中心,臺東縣關山鎮,23.0352,121.1682,True,室內設施,台東,台東市,42,31.18,Low Risk,風險較低,10
臺南市安南區?田里活動中心,臺南市安南區,23.0367,120.1411,True,室內設施,台南,台南市,67,9.69,Low Risk,風險較低,25
臺南市新化區大新國小大禮堂,臺南市新化區,23.0379,120.2991,True,室內設施,台南,台南市,67,8.51,Low Risk,風險較低,25
臺南市新化區新化國中大禮堂,臺南市新化區,23.0379,120.3076,True,室內設施,台南,台南市,67,9.28,Low Risk,風險較低,25
臺南市新化區新化果菜市場停車場,臺南市新化區,23.038,120.3093,True,室內設施,台南,台南市,67,9.44,Low Risk,風險較低,25
臺南市安南區海西里活動中心,臺南市安南區,23.038021,120.18432,True,室內設施,台南,台南市,67,6.08,Low Risk,風險較低,25
臺南市新化區公所3樓展演廳,臺南市新化區,23.0382,120.3108,True,室內設施,台南,台南市,67,9.58,Low Risk,風險較低,25
臺南市新化區新化國小大禮堂,臺南市新化區,23.0383,120.311,True,室內設施,台南,台南市,67,9.61,Low Risk,風險較低,25
臺南大學附屬啟聰學校活動中心,臺南市新化區,23.0386,120.3193,True,室內設施,台南,台南市,67,10.39,Low Risk,風險較低,30
臺南市新化區新化高中新民館,臺南市新化區,23.0391,120.3326,True,室內設施,台南,台南市,67,11.66,Low Risk,風險較低,30
里?活動中心,臺東縣關山鎮,23.0392,121.161,True,室內設施,台東,台東市,42,31.59,Low Risk,風險較低,10
臺南市安南區安慶里活動中心,臺南市安南區,23.0397,120.2101,True,室內設施,台南,台南市,67,4.75,Low Risk,風險較低,25
北源國小,臺東縣東河鄉,23.039731,121.292706,True,室內設施,台東,台東市,42,34.82,Low Risk,風險較低,10
臺南市永康區埔園里活動中心,臺南市永康區,23.040107,120.252374,True,室內設施,台南,台南市,67,5.18,Low Risk,風險較低,25
臺南市永康區鹽行文化會館,臺南市永康區,23.0402,120.2395,True,室內設施,台南,台南市,67,4.66,Low Risk,風險較低,25
臺南市新化區唪口順天宮,臺南市新化區,23.0407,120.2901,True,室內設施,台南,台南市,67,7.9,Low Risk,風險較低,25
臺南市安南區安慶國民小學,臺南市安南區,23.040741,120.192929,True,室內設施,台南,台南市,67,5.72,Low Risk,風險較低,25
臺南市安南區鹿耳門天后宮-公館,臺南市安南區,23.04156,120.10991,True,室內設施,台南,台南市,67,12.84,Low Risk,風險較低,30
臺東縣池上鄉萬安國民小學振興分校,臺東縣池上鄉,23.0426,121.1951,True,室內設施,台東,台東市,42,32.27,Low Risk,風險較低,10
臺南市南化區老人文康中心,臺南市南化區,23.0431,120.4776,True,室內設施,台南,台南市,67,26.1,Low Risk,風險較低,35
靈隱寺備用,高雄市甲仙區,23.0446,120.55,True,室內設施,台南,台南市,67,33.44,Low Risk,風險較低,35
臺南市永康區鹽洲里活動中心,臺南市永康區,23.0448,120.2338,True,室內設施,台南,台南市,67,5.04,Low Risk,風險較低,25
臺南市永康區烏竹里活動中心,臺南市永康區,23.0449,120.2633,True,室內設施,台南,台南市,67,6.24,Low Risk,風險較低,25
臺南市安南區媽祖宮社區活動中心,臺南市安南區,23.045997,120.127812,True,室內設施,台南,台南市,67,11.36,Low Risk,風險較低,30
新福活動中心,臺東縣關山鎮,23.0461,121.1722,True,室內設施,台東,台東市,42,32.41,Low Risk,風險較低,10
臺南市安南區公所,臺南市安南區,23.0472,120.1848,True,室內設施,台南,台南市,67,6.8,Low Risk,風險較低,25
中福活動中心,臺東縣關山鎮,23.0491,121.1636,True,室內設施,台東,台東市,42,32.7,Low Risk,風險較低,10
臺南市安南區海東國民小學,臺南市安南區,23.049279,120.174766,True,室內設施,台南,台南市,67,7.66,Low Risk,風險較低,25
高雄市甲仙區寶隆國民小學（備用）,高雄市甲仙區,23.049345,120.555507,True,室內設施,台南,台南市,67,34.08,Low Risk,風險較低,35
臺南市安南區安南國中-禮堂,臺南市安南區,23.0496,120.1773,True,室內設施,台南,台南市,67,7.5,Low Risk,風險較低,25
豐田活動中心 Fong-Tian Community Center,臺東縣成功鎮,23.050198,121.338751,True,室內設施,台東,台東市,42,38.04,Low Risk,風險較低,10
臺南市安南區原佃里活動中心,臺南市安南區,23.0505,120.1971,True,室內設施,台南,台南市,67,6.4,Low Risk,風險較低,25
關山鎮關山國民小學,臺東縣關山鎮,23.0506,121.1634,True,室內設施,台東,台東市,42,32.86,Low Risk,風險較低,10
元宋太祖宮,高雄市甲仙區,23.0507,120.5642,True,室內設施,台南,台南市,67,34.98,Low Risk,風險較低,35
臺南市永康區王行里活動中心,臺南市永康區,23.0511,120.2778,True,室內設施,台南,台南市,67,7.72,Low Risk,風險較低,25
豐泉活動中心,臺東縣關山鎮,23.0533,121.1536,True,室內設施,台東,台東市,42,33.14,Low Risk,風險較低,10
關山鎮德高國民小學,臺東縣關山鎮,23.0533,121.1536,True,室內設施,台東,台東市,42,33.14,Low Risk,風險較低,10
臺南市安南區梅花里活動中心,臺南市安南區,23.05388,120.1699,True,室內設施,台南,台南市,67,8.37,Low Risk,風險較低,25
臺南市南化區中坑里活動中心,臺南市南化區,23.0539,120.4715,True,室內設施,台南,台南市,67,25.74,Low Risk,風險較低,35
高雄市桃源區寶山國民小學,高雄市桃源區,23.0554,120.7221,True,室內設施,屏東,屏東市,56,49.24,Low Risk,風險較低,35
高雄市桃源區寶山國民小學,高雄市桃源區,23.055409,120.72159,True,室內設施,屏東,屏東市,56,49.22,Low Risk,風險較低,35
臺南市左鎮區左鎮國中,臺南市左鎮區,23.0562,120.4106,True,室內設施,台南,台南市,67,19.81,Low Risk,風險較低,30
臺南市左鎮區公所,臺南市左鎮區,23.0565,120.4087,True,室內設施,台南,台南市,67,19.64,Low Risk,風險較低,30
臺南市安南區城西里活動中心,臺南市安南區,23.057,120.0956,True,室內設施,台南,台南市,67,14.86,Low Risk,風險較低,30
臺南市左鎮區老人活動中心,臺南市左鎮區,23.0577,120.4061,True,室內設施,台南,台南市,67,19.43,Low Risk,風險較低,30
臺南市安南區城南里活動中心,臺南市安南區,23.0606,120.1272,True,室內設施,台南,台南市,67,12.23,Low Risk,風險較低,30
臺南市安南區東和里活動中心,臺南市安南區,23.062,120.2287,True,室內設施,台南,台南市,67,6.91,Low Risk,風險較低,25
臺南市安南區布袋里活動中心,臺南市安南區,23.0632,120.2071,True,室內設施,台南,台南市,67,7.32,Low Risk,風險較低,25
臺南市安南區安佃國民小學,臺南市安南區,23.064001,120.173444,True,室內設施,台南,台南市,67,8.98,Low Risk,風險較低,25
臺南市新化區接天寺,臺南市新化區,23.0646,120.3482,True,室內設施,台南,台南市,67,14.35,Low Risk,風險較低,30
臺南市左鎮區榮和里活動中心,臺南市左鎮區,23.0646,120.3887,True,室內設施,台南,台南市,67,18.05,Low Risk,風險較低,30
臺南市安南區長安國民小學,臺南市安南區,23.065467,120.197829,True,室內設施,台南,台南市,67,7.87,Low Risk,風險較低,25
臺南市安南區和順國民中學,臺南市安南區,23.06584,120.2208,True,室內設施,台南,台南市,67,7.36,Low Risk,風險較低,25
臺南市安南區佃東佃西社區活動中心,臺南市安南區,23.0661,120.1743,True,室內設施,台南,台南市,67,9.12,Low Risk,風險較低,25
臺南市安南區土城國民小學,臺南市安南區,23.066375,120.131192,True,室內設施,台南,台南市,67,12.27,Low Risk,風險較低,30
臺南市安南區正統鹿耳門土城聖母廟,臺南市安南區,23.0668,120.1273,True,室內設施,台南,台南市,67,12.62,Low Risk,風險較低,30
臺南市安南區和順國民小學,臺南市安南區,23.066821,120.218204,True,室內設施,台南,台南市,67,7.49,Low Risk,風險較低,25
臺南市安南區城東里活動中心,臺南市安南區,23.066898,120.127576,True,室內設施,台南,台南市,67,12.6,Low Risk,風險較低,30
臺南市南化區茅埔活動中心,臺南市南化區,23.0676,120.5153,True,室內設施,台南,台南市,67,30.46,Low Risk,風險較低,35
臺南市新化區那拔國小操場,臺南市新化區,23.0677,120.3497,False,戶外設施,台南,台南市,67,14.65,Warning,最近測站 AQI 67 > 50 且為戶外設施,50
臺南市安南區州北里活動中心,臺南市安南區,23.0682,120.2174,True,室內設施,台南,台南市,67,7.66,Low Risk,風險較低,25
臺南市安南區塭南里活動中心,臺南市安南區,23.071146,120.219603,True,室內設施,台南,台南市,67,7.96,Low Risk,風險較低,25
荖濃社區活動中心,高雄市六龜區,23.0731,120.673772,True,室內設施,台南,台南市,67,46.45,Low Risk,風險較低,35
臺南市安南區南興國民小學,臺南市安南區,23.07394,120.160816,True,室內設施,台南,台南市,67,10.65,Low Risk,風險較低,30
德高活動中心,臺東縣關山鎮,23.0748,121.1776,True,室內設施,台東,台東市,42,35.63,Low Risk,風險較低,10
臺南市新市區文康育樂中心,臺南市新市區,23.0751,120.2945,True,室內設施,台南,台南市,67,10.85,Low Risk,風險較低,30
臺南市南化區玉山里活動中心,臺南市南化區,23.0757,120.5201,True,室內設施,台南,台南市,67,31.16,Low Risk,風險較低,35
臺南市安南區青草里活動中心,臺南市安南區,23.07598,120.112012,True,室內設施,台南,台南市,67,14.48,Low Risk,風險較低,30
臺南市新市區老人文康活動中心,臺南市新市區,23.0766,120.2816,True,室內設施,台南,台南市,67,10.2,Low Risk,風險較低,30
臺南市安南區青草國民小學,臺南市安南區,23.076717,120.117215,True,室內設施,台南,台南市,67,14.1,Low Risk,風險較低,30
臺南市山上區豐德里活動中心,臺南市山上區,23.0774,120.3596,True,室內設施,台南,台南市,67,16.08,Low Risk,風險較低,30
臺南市南化區北寮里活動中心,臺南市南化區,23.0774,120.4915,True,室內設施,台南,台南市,67,28.41,Low Risk,風險較低,35
大田老人活動中心（備用）,高雄市甲仙區,23.078,120.5823,True,室內設施,台南,台南市,67,37.39,Low Risk,風險較低,35
臺南市安南區學東國民小學,臺南市安南區,23.07819,120.145483,True,室內設施,台南,台南市,67,12.05,Low Risk,風險較低,30
臺南市新市區公所三樓大禮堂,臺南市新市區,23.0787,120.2952,True,室內設施,台南,台南市,67,11.21,Low Risk,風險較低,30
臺南市新市區新市國小學生活動中心,臺南市新市區,23.0787,120.2958,True,室內設施,台南,台南市,67,11.25,Low Risk,風險較低,30
臺南市安南區學東里活動中心,臺南市安南區,23.0793,120.1431,True,室內設施,台南,台南市,67,12.31,Low Risk,風險較低,30
臺南市安南區砂崙里活動中心,臺南市安南區,23.079511,120.127523,True,室內設施,台南,台南市,67,13.48,Low Risk,風險較低,30
臺南市安定區南興國小,臺南市安定區,23.0798,120.219,True,室內設施,台南,台南市,67,8.92,Low Risk,風險較低,25
臺南市安定區南興國小,臺南市安定區,23.0798,120.219,True,室內設施,台南,台南市,67,8.92,Low Risk,風險較低,25
高雄市立甲仙國民中學（備用）,高雄市甲仙區,23.080974,120.592022,True,室內設施,台南,台南市,67,38.43,Low Risk,風險較低,35
富興村辦公處,臺東縣池上鄉,23.0813,121.2212,True,室內設施,台東,台東市,42,36.96,Low Risk,風險較低,10
高雄市甲仙區甲仙國民小學備用,高雄市甲仙區,23.081444,120.588891,True,室內設施,台南,台南市,67,38.13,Low Risk,風險較低,35
臺南市新市區新市國中育樂堂,臺南市新市區,23.0834,120.3005,True,室內設施,台南,台南市,67,11.96,Low Risk,風險較低,30
臺南市新市區新市國中操場,臺南市新市區,23.0834,120.3005,False,戶外設施,台南,台南市,67,11.96,Warning,最近測站 AQI 67 > 50 且為戶外設施,50
臺南市安定區大同社區活動中心,臺南市安定區,23.0839,120.2231,True,室內設施,台南,台南市,67,9.35,Low Risk,風險較低,25
甲仙和安社區活動中心備用,高雄市甲仙區,23.084,120.5875,True,室內設施,台南,台南市,67,38.06,Low Risk,風險較低,35
臺南市西港區新復里活動中心,臺南市西港區,23.085261,120.184578,True,室內設施,台南,台南市,67,10.43,Low Risk,風險較低,30
龍鳳寺,高雄市甲仙區,23.0855,120.601,True,室內設施,台南,台南市,67,39.44,Low Risk,風險較低,35
臺南市新市區大社國小育賢三樓〈學生活動中心）,臺南市新市區,23.0863,120.3191,True,室內設施,台南,台南市,67,13.46,Low Risk,風險較低,30
臺南市山上區平陽里活動中心,臺南市山上區,23.0868,120.3807,True,室內設施,台南,台南市,67,18.47,Low Risk,風險較低,30
麒麟活動中心 Chi-Lin Community Center,臺東縣成功鎮,23.092456,121.356735,True,室內設施,台東,台東市,42,43.03,Low Risk,風險較低,10
臺南市安定區複合式運動場四周及南安小操場,臺南市安定區,23.0928,120.2196,False,戶外設施,台南,台南市,67,10.36,Warning,最近測站 AQI 67 > 50 且為戶外設施,50
臺南市安定區複合式運動場四周及南安小操場,臺南市安定區,23.0928,120.2196,False,戶外設施,台南,台南市,67,10.36,Warning,最近測站 AQI 67 > 50 且為戶外設施,50
臺南市七股區十份里漁民活動中心,臺南市七股區,23.0942,120.1055,True,室內設施,台南,台南市,67,16.26,Low Risk,風險較低,30
萬安村辦公處,臺東縣池上鄉,23.0948,121.2185,True,室內設施,台東,台東市,42,38.39,Low Risk,風險較低,10
臺南市七股區永吉里多功能活動中心,臺南市七股區,23.0954,120.1288,True,室內設施,台南,台南市,67,14.61,Low Risk,風險較低,30
臺南市安定區海寮社區活動中心,臺南市安定區,23.0965,120.2112,True,室內設施,台南,台南市,67,10.86,Low Risk,風險較低,30
臺南市安定區南安國小,臺南市安定區,23.0984,120.225,True,室內設施,台南,台南市,67,10.95,Low Risk,風險較低,30
臺南市山上區新莊里大庄活動中心,臺南市山上區,23.0987,120.3637,True,室內設施,台南,台南市,67,17.79,Low Risk,風險較低,30
錦園村辦公處,臺東縣池上鄉,23.0988,121.2203,True,室內設施,台東,台東市,42,38.86,Low Risk,風險較低,10
臺南市七股區三股社區活動中心,臺南市七股區,23.0993,120.1182,True,室內設施,台南,台南市,67,15.68,Low Risk,風險較低,30
海端鄉立托兒所Haiduan Nursery School,臺東縣海端鄉,23.100134,121.1767,True,室內設施,台東,台東市,42,38.44,Low Risk,風險較低,10
臺南市山上區國民小學,臺南市山上區,23.1008,120.3557,True,室內設施,台南,台南市,67,17.31,Low Risk,風險較低,30
臺南市山上區南洲里農民教育活動中心,臺南市山上區,23.1011,120.3536,True,室內設施,台南,台南市,67,17.17,Low Risk,風險較低,30
臺南市七股區義合里多功能活動中心,臺南市七股區,23.1013,120.1382,True,室內設施,台南,台南市,67,14.47,Low Risk,風險較低,30
海端國小Haiduan Elementary School,臺東縣海端鄉,23.10145705,121.1761798,True,室內設施,台東,台東市,42,38.58,Low Risk,風險較低,10
"成功鎮新港國民中學 Hsin-kang Junior High School, Chenggon Township",臺東縣成功鎮,23.101696,121.376599,True,室內設施,台東,台東市,42,44.94,Low Risk,風險較低,10
臺南市山上區山上里農民教育活動中心,臺南市山上區,23.1017,120.3577,True,室內設施,台南,台南市,67,17.53,Low Risk,風險較低,30
臺南市山上區玉?里活動中心,臺南市山上區,23.1017,120.3891,True,室內設施,台南,台南市,67,20.09,Low Risk,風險較低,35
海端鄉公所Haiduan Township Office,臺東縣海端鄉,23.10206982,121.1766199,True,室內設施,台東,台東市,42,38.65,Low Risk,風險較低,10
臺南市七股區三股國小操場,臺南市七股區,23.102173,120.116949,False,戶外設施,台南,台南市,67,16.0,Warning,最近測站 AQI 67 > 50 且為戶外設施,50
三民里活動中心 San-Min Community Center,臺東縣成功鎮,23.10221,121.371943,True,室內設施,台東,台東市,42,44.74,Low Risk,風險較低,10
臺南市七股區竹橋里多功能活動中心,臺南市七股區,23.1029,120.1637,True,室內設施,台南,台南市,67,13.15,Low Risk,風險較低,30
臺南市山上區山上國民中學,臺南市山上區,23.103,120.3584,True,室內設施,台南,台南市,67,17.68,Low Risk,風險較低,30
臺南市安定區南安社區活動中心,臺南市安定區,23.1033,120.2274,True,室內設施,台南,台南市,67,11.5,Low Risk,風險較低,30
臺南市安定區港尾社區活動中心,臺南市安定區,23.1038,120.2338,True,室內設施,台南,台南市,67,11.57,Low Risk,風險較低,30
臺南市西港區成功國小,臺南市西港區,23.1042,120.1794,True,室內設施,台南,台南市,67,12.57,Low Risk,風險較低,30
行政院國軍退除役官兵輔導委員會佳里榮譽國民之家,臺南市七股區,23.1043,120.1231,True,室內設施,台南,台南市,67,15.73,Low Risk,風險較低,30
三民里第2市場 San-Min Second Market,臺東縣成功鎮,23.104389,121.374961,True,室內設施,台東,台東市,42,45.11,Low Risk,風險較低,10
國立成功商業水產職業學校,臺東縣成功鎮,23.104484,121.381984,True,室內設施,台東,台東市,42,45.49,Low Risk,風險較低,10
忠智里活動中心 Jhong-Jhi Community Center,臺東縣成功鎮,23.104757,121.380248,True,室內設施,台東,台東市,42,45.42,Low Risk,風險較低,10
高雄市桃源區建山國民小學,高雄市桃源區,23.105377,120.682598,True,室內設施,嘉義,嘉義市,74,48.01,Low Risk,風險較低,35
臺南市玉井區望明里活動中心,臺南市玉井區,23.1058,120.4562,True,室內設施,台南,台南市,67,26.25,Low Risk,風險較低,35
新興村辦公處,臺東縣池上鄉,23.1066,121.2069,True,室內設施,台東,台東市,42,39.49,Low Risk,風險較低,10
建山社區活動中心,高雄市桃源區,23.1067,120.684,True,室內設施,嘉義,嘉義市,74,47.95,Low Risk,風險較低,35
臺南市山上區明和里活動中心,臺南市山上區,23.1078,120.3481,True,室內設施,台南,台南市,67,17.25,Low Risk,風險較低,30
臺南市西港區廣興宮,臺南市西港區,23.1079,120.1937,True,室內設施,台南,台南市,67,12.48,Low Risk,風險較低,30
寶來社區活動中心,高雄市六龜區,23.10881,120.70089,True,室內設施,嘉義,嘉義市,74,48.64,Low Risk,風險較低,35
高雄市六龜區寶來國民小學,高雄市六龜區,23.108831,120.700921,True,室內設施,嘉義,嘉義市,74,48.64,Low Risk,風險較低,35
高雄市立寶來國民中學,高雄市六龜區,23.109359,120.703635,True,室內設施,嘉義,嘉義市,74,48.74,Low Risk,風險較低,35
臺南市七股區樹林國小操場,臺南市七股區,23.110999,120.156033,False,戶外設施,台南,台南市,67,14.32,Warning,最近測站 AQI 67 > 50 且為戶外設施,50
臺南市玉井區沙田里活動中心,臺南市玉井區,23.1118,120.4791,True,室內設施,台南,台南市,67,28.65,Low Risk,風險較低,35
關山社區活動中心,高雄市甲仙區,23.1126,120.6054,True,室內設施,台南,台南市,67,40.7,Low Risk,風險較低,35
臺南市七股區樹林社區活動中心,臺南市七股區,23.1139,120.1572,True,室內設施,台南,台南市,67,14.54,Low Risk,風險較低,30
臺南市安定區安定國中操場,臺南市安定區,23.114,120.234,False,戶外設施,台南,台南市,67,12.71,Warning,最近測站 AQI 67 > 50 且為戶外設施,50
臺南市七股區竹港社區活動中心,臺南市七股區,23.1142,120.1748,True,室內設施,台南,台南市,67,13.78,Low Risk,風險較低,30
臺南市安定區圖書館,臺南市安定區,23.1145,120.2343,True,室內設施,台南,台南市,67,12.77,Low Risk,風險較低,30
臺東縣立池上國民中學,臺東縣池上鄉,23.115321,121.20497,True,室內設施,台東,台東市,42,40.42,Low Risk,風險較低,10
臺東縣池上鄉萬安國民小學,臺東縣池上鄉,23.1172,121.1896,True,室內設施,台東,台東市,42,40.44,Low Risk,風險較低,10
臺南市大內區曲溪社區活動中心,臺南市大內區,23.1181,120.3874,True,室內設施,台南,台南市,67,21.03,Low Risk,風險較低,35
臺南市安定區體育運動公園（防災公園）,臺南市安定區,23.118189,120.23815,False,戶外設施,台南,台南市,67,13.2,Warning,最近測站 AQI 67 > 50 且為戶外設施,50
臺南市安定區體育運動公園（防災公園）,臺南市安定區,23.118189,120.23815,False,戶外設施,台南,台南市,67,13.2,Warning,最近測站 AQI 67 > 50 且為戶外設施,50
臺南市大內區大內國小,臺南市大內區,23.1186,120.3613,True,室內設施,台南,台南市,67,19.06,Low Risk,風險較低,30
臺南市西港區老人文康活動中心,臺南市西港區,23.1188,120.1958,True,室內設施,台南,台南市,67,13.6,Low Risk,風險較低,30
臺南市安定區安定國中,臺南市安定區,23.1196,120.2381,True,室內設施,台南,台南市,67,13.36,Low Risk,風險較低,30
臺南市安定區老人文康活動中心,臺南市安定區,23.1198,120.2372,True,室內設施,台南,台南市,67,13.37,Low Risk,風險較低,30
大埔村辦公處,臺東縣池上鄉,23.1209,121.215,True,室內設施,台東,台東市,42,41.18,Low Risk,風險較低,10
臺南市玉井區玉井國小,臺南市玉井區,23.121,120.4588,True,室內設施,台南,台南市,67,27.28,Low Risk,風險較低,35
臺南市西港區慶安社區活動中心,臺南市西港區,23.1211,120.1805,True,室內設施,台南,台南市,67,14.29,Low Risk,風險較低,30
臺南市西港區港東里活動中心,臺南市西港區,23.1211,120.2019,True,室內設施,台南,台南市,67,13.72,Low Risk,風險較低,30
臺南市安定區公所,臺南市安定區,23.1213,120.2372,True,室內設施,台南,台南市,67,13.54,Low Risk,風險較低,30
臺南市大內區大內國中,臺南市大內區,23.1219,120.3544,True,室內設施,台南,台南市,67,18.82,Low Risk,風險較低,30
臺南市大內區石子瀨社區活動中心,臺南市大內區,23.122181,120.354388,True,室內設施,台南,台南市,67,18.84,Low Risk,風險較低,30
臺南市大內區二溪社區活動中心,臺南市大內區,23.1223,120.3926,True,室內設施,台南,台南市,67,21.74,Low Risk,風險較低,35
池上鄉公所,臺東縣池上鄉,23.1225,121.215,True,室內設施,台東,台東市,42,41.36,Low Risk,風險較低,10
臺南市善化區小新社區活動中心,臺南市善化區,23.1226,120.3146,True,室內設施,台南,台南市,67,16.33,Low Risk,風險較低,30
臺南市安定區安定國小操場,臺南市安定區,23.1229,120.2466,False,戶外設施,台南,台南市,67,13.82,Warning,最近測站 AQI 67 > 50 且為戶外設施,50
臺南市玉井區綜合體育館,臺南市玉井區,23.1229,120.4683,True,室內設施,台南,台南市,67,28.23,Low Risk,風險較低,35
大坡村辦公處,臺東縣池上鄉,23.123,121.2323,True,室內設施,台東,台東市,42,41.73,Low Risk,風險較低,10
臺南市玉井區玉井國中,臺南市玉井區,23.1231,120.4703,True,室內設施,台南,台南市,67,28.42,Low Risk,風險較低,35
臺南市玉井區公所二樓,臺南市玉井區,23.1235,120.4602,True,室內設施,台南,台南市,67,27.54,Low Risk,風險較低,35
臺南市西港區西港國中,臺南市西港區,23.123745,120.20505,True,室內設施,台南,台南市,67,13.95,Low Risk,風險較低,30
米鄉-池上文化館,臺東縣池上鄉,23.1238,121.208,True,室內設施,台東,台東市,42,41.39,Low Risk,風險較低,10
臺南市西港區慶安宮,臺南市西港區,23.1239,120.2032,True,室內設施,台南,台南市,67,14.0,Low Risk,風險較低,30
臺南市西港區私立港明中學,臺南市西港區,23.1239,120.2153,True,室內設施,台南,台南市,67,13.84,Low Risk,風險較低,30
臺南市玉井區豐里里活動中心,臺南市玉井區,23.124,120.4444,True,室內設施,台南,台南市,67,26.18,Low Risk,風險較低,35
高台真耶穌教會 Gao-Tai Jesus Church,臺東縣成功鎮,23.124493,121.396336,True,室內設施,台東,台東市,42,48.15,Low Risk,風險較低,10
臺南市善化區小新國小,臺南市善化區,23.125,120.312,True,室內設施,台南,台南市,67,16.41,Low Risk,風險較低,30
臺南市佳里區塭內國小,臺南市佳里區,23.1253,120.165,True,室內設施,台南,台南市,67,15.31,Low Risk,風險較低,30
臺東縣池上鄉福原國民小學,臺東縣池上鄉,23.1253,121.2149,True,室內設施,台東,台東市,42,41.67,Low Risk,風險較低,10
臺東縣池上鄉大坡國民小學,臺東縣池上鄉,23.1255,121.2308,True,室內設施,台東,台東市,42,41.98,Low Risk,風險較低,10
慶豐村辦公處,臺東縣池上鄉,23.1259,121.2297,True,室內設施,台東,台東市,42,42.0,Low Risk,風險較低,10
臺南市佳里區蚶寮社區活動中心,臺南市佳里區,23.1267,120.1596,True,室內設施,台南,台南市,67,15.69,Low Risk,風險較低,30
福文村辦公處,臺東縣池上鄉,23.1268,121.216,True,室內設施,台東,台東市,42,41.85,Low Risk,風險較低,10
臺南市善化區文昌社區活動中心,臺南市善化區,23.1273,120.2907,True,室內設施,台南,台南市,67,15.6,Low Risk,風險較低,30
臺南市七股區溪南里漁民活動中心,臺南市七股區,23.1276,120.1198,True,室內設施,台南,台南市,67,17.94,Low Risk,風險較低,30
臺南市善化區大成國小,臺南市善化區,23.1284,120.2951,True,室內設施,台南,台南市,67,15.9,Low Risk,風險較低,30
高雄市桃源區興中國民小學,高雄市桃源區,23.128565,120.719029,True,室內設施,嘉義,嘉義市,74,47.83,Low Risk,風險較低,35
高中社區活動中心,高雄市桃源區,23.1286,120.719,True,室內設施,嘉義,嘉義市,74,47.83,Low Risk,風險較低,35
高雄市桃源區興中國民小學,高雄市桃源區,23.1286,120.719,True,室內設施,嘉義,嘉義市,74,47.83,Low Risk,風險較低,35
三仙真耶穌教會 San-Xian True Jesus Church,臺東縣成功鎮,23.129168,121.400094,True,室內設施,台東,台東市,42,48.79,Low Risk,風險較低,10
臺南市玉井區清芳社區活動中心,臺南市玉井區,23.1313,120.4693,True,室內設施,台南,台南市,67,28.78,Low Risk,風險較低,35
陸安聚會所,臺東縣池上鄉,23.1315,121.1867,True,室內設施,台東,台東市,42,41.99,Low Risk,風險較低,10
臺南市七股區七股社區活動中心,臺南市七股區,23.1343,120.1275,True,室內設施,台南,台南市,67,18.08,Low Risk,風險較低,30
臺南市善化區善化國小,臺南市善化區,23.1354,120.2888,True,室內設施,台南,台南市,67,16.34,Low Risk,風險較低,30
臺南市善化區文正社區活動中心,臺南市善化區,23.1364,120.2863,True,室內設施,台南,台南市,67,16.35,Low Risk,風險較低,30
臺南市七股區玉成社區活動中心,臺南市七股區,23.1369,120.1343,True,室內設施,台南,台南市,67,17.94,Low Risk,風險較低,30
臺南市七股區龍山里漁民活動中心,臺南市七股區,23.1371,120.1146,True,室內設施,台南,台南市,67,19.1,Low Risk,風險較低,30
臺南市善化區文康育樂中心,臺南市善化區,23.1378,120.2891,True,室內設施,台南,台南市,67,16.6,Low Risk,風險較低,30
臺南市善化區茄拔國小,臺南市善化區,23.1383,120.3248,True,室內設施,台南,台南市,67,18.36,Low Risk,風險較低,30
臺南市善化區牛庄里活動中心,臺南市善化區,23.1385,120.3172,True,室內設施,台南,台南市,67,17.97,Low Risk,風險較低,30
臺南市善化區老人文康活動中心,臺南市善化區,23.1387,120.3248,True,室內設施,台南,台南市,67,18.4,Low Risk,風險較低,30
臺南市善化區老人文康活動中心,臺南市善化區,23.1387,120.3248,True,室內設施,台南,台南市,67,18.4,Low Risk,風險較低,30
臺南市七股區七股國小,臺南市七股區,23.1392,120.1384,True,室內設施,台南,台南市,67,17.94,Low Risk,風險較低,30
臺南市西港區永樂里活動中心,臺南市西港區,23.1392,120.2159,True,室內設施,台南,台南市,67,15.53,Low Risk,風險較低,30
臺南市七股區私立昭明國中,臺南市七股區,23.1422,120.1422,True,室內設施,台南,台南市,67,18.04,Low Risk,風險較低,30
臺南市善化區陽明國小,臺南市善化區,23.143,120.2733,True,室內設施,台南,台南市,67,16.6,Low Risk,風險較低,30
臺南市大內區頭社社區活動中心,臺南市大內區,23.143,120.3848,True,室內設施,台南,台南市,67,22.67,Low Risk,風險較低,35
豐南社區活動中心,花蓮縣富里鄉,23.143,121.2686,True,室內設施,台東,台東市,42,44.77,Low Risk,風險較低,10
臺南市佳里區通興國小,臺南市佳里區,23.1448,120.1576,True,室內設施,台南,台南市,67,17.6,Low Risk,風險較低,30
臺南市大內區環湖社區活動中心,臺南市大內區,23.145,120.4204,True,室內設施,台南,台南市,67,25.54,Low Risk,風險較低,35
臺南市七股區大埕里漁民活動中心,臺南市七股區,23.1452,120.1421,True,室內設施,台南,台南市,67,18.34,Low Risk,風險較低,30
臺南市善化區胡家里活動中心,臺南市善化區,23.1456,120.2722,True,室內設施,台南,台南市,67,16.85,Low Risk,風險較低,30
高雄市甲仙區小林國民小學備用,高雄市甲仙區,23.148576,120.63203,True,室內設施,嘉義,嘉義市,74,41.33,Low Risk,風險較低,35
臺南市七股區?榔里多功能活動中心,臺南市七股區,23.1487,120.1518,True,室內設施,台南,台南市,67,18.24,Low Risk,風險較低,30
臺南市七股區大寮社區活動中心,臺南市七股區,23.1502,120.1531,True,室內設施,台南,台南市,67,18.34,Low Risk,風險較低,30
小林社區活動中心備用,高雄市甲仙區,23.1503,120.6356,True,室內設施,嘉義,嘉義市,74,41.32,Low Risk,風險較低,35
臺南市七股區鹽埕社區活動中心,臺南市七股區,23.1512,120.0891,True,室內設施,台南,台南市,67,21.95,Low Risk,風險較低,35
臺南市善化區溪美社區活動中心,臺南市善化區,23.1512,120.2843,True,室內設施,台南,台南市,67,17.82,Low Risk,風險較低,30
臺南市佳里區仁愛國小,臺南市佳里區,23.1532,120.1794,True,室內設施,台南,台南市,67,17.73,Low Risk,風險較低,30
臺南市善化區田寮里活動中心,臺南市善化區,23.1533,120.3041,True,室內設施,台南,台南市,67,18.8,Low Risk,風險較低,30
臺南市七股區中寮社區活動中心,臺南市七股區,23.1546,120.1083,True,室內設施,台南,台南市,67,21.05,Low Risk,風險較低,35
臺南市七股區城內里活動中心,臺南市七股區,23.1546,120.1085,True,室內設施,台南,台南市,67,21.04,Low Risk,風險較低,35
臺南市善化區六德里活動中心,臺南市善化區,23.1552,120.304,True,室內設施,台南,台南市,67,18.98,Low Risk,風險較低,30
臺南市善化區大同國小,臺南市善化區,23.1555,120.3057,True,室內設施,台南,台南市,67,19.09,Low Risk,風險較低,30
臺南市西港區圖書館,臺南市西港區,23.1556,120.2023,True,室內設施,台南,台南市,67,17.49,Low Risk,風險較低,30
臺南市西港區後營國小金砂分校,臺南市西港區,23.156565,120.205562,True,室內設施,台南,台南市,67,17.56,Low Risk,風險較低,30
"成功鎮忠孝國民小學 Jhong-Hsiao Elementary School, Chenggon Township",臺東縣成功鎮,23.156879,121.399532,True,室內設施,台東,台東市,42,51.42,Low Risk,風險較低,10
小港活動中心 Siao-Gang Community Center,臺東縣成功鎮,23.157523,121.400891,True,室內設施,台東,台東市,42,51.55,Low Risk,風險較低,10
臺南市佳里區佳里國中,臺南市佳里區,23.1577,120.1707,True,室內設施,台南,台南市,67,18.46,Low Risk,風險較低,30
臺南市七股區篤加社區活動中心,臺南市七股區,23.1592,120.1277,True,室內設施,台南,台南市,67,20.41,Low Risk,風險較低,35
臺南市佳里區信義國小,臺南市佳里區,23.1596,120.1821,True,室內設施,台南,台南市,67,18.34,Low Risk,風險較低,30
高雄市桃源區桃源國民小學,高雄市桃源區,23.160472,120.765756,True,室內設施,嘉義,嘉義市,74,48.05,Low Risk,風險較低,35
桃源文物館,高雄市桃源區,23.1605,120.7658,True,室內設施,嘉義,嘉義市,74,48.05,Low Risk,風險較低,35
玉寶宮,花蓮縣富里鄉,23.1612,121.2399,True,室內設施,台東,台東市,42,46.05,Low Risk,風險較低,10
臺南市麻豆區太子宮預備,臺南市麻豆區,23.1613,120.2446,True,室內設施,台南,台南市,67,18.04,Low Risk,風險較低,30
臺南市佳里區六里活動中心,臺南市佳里區,23.1616,120.1826,True,室內設施,台南,台南市,67,18.54,Low Risk,風險較低,30
臺南市佳里區佳里國小,臺南市佳里區,23.1639,120.1723,True,室內設施,台南,台南市,67,19.07,Low Risk,風險較低,30
坪林國小坪?分校〈音樂教室.綜合教室.籃球場〉,臺中市太平區,23.1671,121.0434,False,戶外設施,台東,台東市,42,47.09,Low Risk,風險較低,30
原霧鹿托兒所,臺東縣海端鄉,23.16749,121.043335,True,室內設施,台東,台東市,42,47.13,Low Risk,風險較低,10
臺南市佳里區北門高中,臺南市佳里區,23.1675,120.1766,True,室內設施,台南,台南市,67,19.33,Low Risk,風險較低,30
霧鹿國小Wulu Elementary School,臺東縣海端鄉,23.16932024,121.0415684,True,室內設施,台東,台東市,42,47.37,Low Risk,風險較低,10
臺南市七股區西寮社區活動中心,臺南市七股區,23.1701,120.097,True,室內設施,台南,台南市,67,23.12,Low Risk,風險較低,35
臺南市官田區渡拔國小,臺南市官田區,23.1708,120.3266,True,室內設施,台南,台南市,67,21.57,Low Risk,風險較低,35
永豐社區活動中心,花蓮縣富里鄉,23.1714,121.2565,True,室內設施,台東,台東市,42,47.52,Low Risk,風險較低,10
高雄市立桃源國民中學,高雄市桃源區,23.171435,120.774908,True,室內設施,嘉義,嘉義市,74,47.8,Low Risk,風險較低,35
勤和活動中心,高雄市桃源區,23.1716,120.7756,True,室內設施,嘉義,嘉義市,74,47.83,Low Risk,風險較低,35
臺南市南化區關山里活動中心,臺南市南化區,23.1735,120.5949,True,室內設施,嘉義,嘉義市,74,37.2,Low Risk,風險較低,35
臺南市南化區瑞峰國小,臺南市南化區,23.1736,120.5953,True,室內設施,嘉義,嘉義市,74,37.21,Low Risk,風險較低,35
臺南市佳里區子龍國小,臺南市佳里區,23.1739,120.202,True,室內設施,台南,台南市,67,19.51,Low Risk,風險較低,30
臺南市楠西區公所,臺南市楠西區,23.17414,120.48633,True,室內設施,台南,台南市,67,32.86,Low Risk,風險較低,35
臺南市楠西區楠西國小,臺南市楠西區,23.174264,120.484764,True,室內設施,台南,台南市,67,32.74,Low Risk,風險較低,35
富里老人文康中心,花蓮縣富里鄉,23.174527,121.247624,True,室內設施,台東,台東市,42,47.66,Low Risk,風險較低,10
臺南市佳里區北門農工,臺南市佳里區,23.1757,120.1799,True,室內設施,台南,台南市,67,20.13,Low Risk,風險較低,35
臺南市麻豆區龍泉社區活動中心預備,臺南市麻豆區,23.178,120.257,True,室內設施,台南,台南市,67,20.04,Low Risk,風險較低,35
石平社區活動中心,花蓮縣卓溪鄉,23.1784,121.2359,True,室內設施,台東,台東市,42,47.85,Low Risk,風險較低,10
臺南市佳里區延平國小,臺南市佳里區,23.1785,120.1526,True,室內設施,台南,台南市,67,21.26,Low Risk,風險較低,35
富里鄉公所2樓,花蓮縣富里鄉,23.1795,121.2503,True,室內設施,台東,台東市,42,48.26,Low Risk,風險較低,10
臺南市楠西區老人文康活動中心,臺南市楠西區,23.180566,120.483134,True,室內設施,台南,台南市,67,33.02,Low Risk,風險較低,35
臺南市七股區頂山里漁民活動中心,臺南市七股區,23.1815,120.1122,True,室內設施,台南,台南市,67,23.35,Low Risk,風險較低,35
臺南市官田區社子社區活動中心,臺南市官田區,23.1818,120.3595,True,室內設施,台南,台南市,67,24.35,Low Risk,風險較低,35
臺南市楠西區玄空法寺,臺南市楠西區,23.182021,120.482457,True,室內設施,台南,台南市,67,33.07,Low Risk,風險較低,35
臺南市楠西區楠西國中,臺南市楠西區,23.182736,120.484334,True,室內設施,嘉義,嘉義市,74,33.26,Low Risk,風險較低,35
臺南市佳里區佳興國中,臺南市佳里區,23.1829,120.1959,True,室內設施,台南,台南市,67,20.59,Low Risk,風險較低,35
麻豆國中學生活動中心,臺南市麻豆區,23.183514,120.259982,True,室內設施,台南,台南市,67,20.7,Low Risk,風險較低,35
臺南市麻豆區公所3樓預備,臺南市麻豆區,23.1846,120.2585,True,室內設施,台南,台南市,67,20.79,Low Risk,風險較低,35
臺南市麻豆區台灣首府大學圖資大樓6樓預備,臺南市麻豆區,23.1847,120.2677,True,室內設施,台南,台南市,67,20.97,Low Risk,風險較低,35
臺南市官田區官田社區活動中心,臺南市官田區,23.1855,120.3391,True,室內設施,台南,台南市,67,23.61,Low Risk,風險較低,35
國立曾文高級農工職業學校操場室外避難處所,臺南市麻豆區,23.1872,120.2627,False,戶外設施,台南,台南市,67,21.15,Warning,最近測站 AQI 67 > 50 且為戶外設施,55
臺南市佳里區興化社區活動中心,臺南市佳里區,23.1873,120.186,True,室內設施,台南,台南市,67,21.25,Low Risk,風險較低,35
臺南市七股區後港國小操場,臺南市七股區,23.187513,120.134384,False,戶外設施,台南,台南市,67,22.91,Warning,最近測站 AQI 67 > 50 且為戶外設施,55
臺南市七股區後港國中操場,臺南市七股區,23.188062,120.134441,False,戶外設施,台南,台南市,67,22.96,Warning,最近測站 AQI 67 > 50 且為戶外設施,55
臺南市七股區大潭里漁民活動中心,臺南市七股區,23.1881,120.1327,True,室內設施,台南,台南市,67,23.04,Low Risk,風險較低,35
臺南市官田區東西庄社區活動中心,臺南市官田區,23.1881,120.2964,True,室內設施,台南,台南市,67,22.1,Low Risk,風險較低,35
臺南市官田區官田國民中學,臺南市官田區,23.18904,120.315915,True,室內設施,台南,台南市,67,22.92,Low Risk,風險較低,35
臺南市佳里區佳興國小,臺南市佳里區,23.1891,120.1928,True,室內設施,台南,台南市,67,21.33,Low Risk,風險較低,35
臺南市將軍區朝天宮,臺南市將軍區,23.1899,120.0911,True,室內設施,台南,台南市,67,25.28,Low Risk,風險較低,35
臺南市麻豆區代天府總站,臺南市麻豆區,23.1902,120.2601,True,室內設施,台南,台南市,67,21.43,Low Risk,風險較低,35
臺南市官田區大崎社區活動中心,臺南市官田區,23.1906,120.3707,True,室內設施,台南,台南市,67,25.81,Low Risk,風險較低,35
臺南市官田區隆田國小活動中心,臺南市官田區,23.1923,120.3141,True,室內設施,台南,台南市,67,23.18,Low Risk,風險較低,35
基督長老教會The Presbyterian Church（博愛教會 Bo-ai Church）,臺東縣成功鎮,23.192472,121.395353,True,室內設施,台東,台東市,42,54.69,Low Risk,風險較低,10
石牌社區活動中心,花蓮縣富里鄉,23.1928,121.2643,True,室內設施,台東,台東市,42,50.02,Low Risk,風險較低,10
臺南市官田區體育公園,臺南市官田區,23.193074,120.315519,False,戶外設施,台南,台南市,67,23.31,Warning,最近測站 AQI 67 > 50 且為戶外設施,55
臺南市官田區隆本里活動中心,臺南市官田區,23.1977,120.3159,True,室內設施,台南,台南市,67,23.8,Low Risk,風險較低,35
臺南市將軍區漚汪國小,臺南市將軍區,23.1978,120.1594,True,室內設施,台南,台南市,67,23.06,Low Risk,風險較低,35
臺南市將軍區漚汪國小,臺南市將軍區,23.1978,120.1594,True,室內設施,台南,台南市,67,23.06,Low Risk,風險較低,35
臺南市佳里區營頂社區活動中心,臺南市佳里區,23.1987,120.1918,True,室內設施,台南,台南市,67,22.4,Low Risk,風險較低,35
明里社區活動中心,花蓮縣富里鄉,23.1998,121.2522,True,室內設施,台東,台東市,42,50.51,Low Risk,風險較低,10
臺南市將軍區老人文康活動中心,臺南市將軍區,23.201,120.1606,True,室內設施,台南,台南市,67,23.37,Low Risk,風險較低,35
臺南市將軍區老人文康活動中心,臺南市將軍區,23.201,120.1606,True,室內設施,台南,台南市,67,23.37,Low Risk,風險較低,35
羅山縱管處,花蓮縣富里鄉,23.2021,121.2776,True,室內設施,台東,台東市,42,51.35,Low Risk,風險較低,10
臺南市麻豆區海埔池王府預備,臺南市麻豆區,23.2032,120.2122,True,室內設施,台南,台南市,67,22.66,Low Risk,風險較低,35
臺南市麻豆區港尾社區活動中心預備,臺南市麻豆區,23.2042,120.2036,True,室內設施,台南,台南市,67,22.84,Low Risk,風險較低,35
臺南市佳里區溪州社區活動中心,臺南市佳里區,23.2047,120.184,True,室內設施,台南,台南市,67,23.19,Low Risk,風險較低,35
臺南市將軍區將軍國中,臺南市將軍區,23.206,120.1507,True,室內設施,台南,台南市,67,24.21,Low Risk,風險較低,35
臺南市將軍區將軍國中,臺南市將軍區,23.206,120.1507,True,室內設施,台南,台南市,67,24.21,Low Risk,風險較低,35
臺南市將軍區三吉社區活動中心,臺南市將軍區,23.2068,120.1341,True,室內設施,台南,台南市,67,24.89,Low Risk,風險較低,35
臺南市下營區老人休閒活動中心,臺南市下營區,23.2082,120.2632,True,室內設施,台南,台南市,67,23.46,Low Risk,風險較低,35
宜灣天主堂Yi-Wan Catholic Church,臺東縣成功鎮,23.210374,121.400535,True,室內設施,台東,台東市,42,56.7,Low Risk,風險較低,10
臺南市將軍區玉山社區活動中心,臺南市將軍區,23.2109,120.1232,True,室內設施,台南,台南市,67,25.75,Low Risk,風險較低,35
臺南市官田區南?里活動中心,臺南市官田區,23.2116,120.3046,True,室內設施,台南,台南市,67,24.85,Low Risk,風險較低,35
臺南市下營區中營國小活動中心,臺南市下營區,23.213,120.2764,True,室內設施,台南,台南市,67,24.23,Low Risk,風險較低,35
臺南市將軍區將軍國小,臺南市將軍區,23.21436,120.13448,True,室內設施,台南,台南市,67,25.65,Low Risk,風險較低,35
臺南市將軍區將軍國小,臺南市將軍區,23.21436,120.13448,True,室內設施,台南,台南市,67,25.65,Low Risk,風險較低,35
臺南市官田區二鎮社區活動中心,臺南市官田區,23.2168,120.3296,True,室內設施,台南,台南市,67,26.31,Low Risk,風險較低,35
民族平台避難屋,高雄市那瑪夏區,23.2173,120.6927,True,室內設施,嘉義,嘉義市,74,38.37,Low Risk,風險較低,35
臺南市六甲區嘉南國民小學,臺南市官田區,23.217484,120.365156,True,室內設施,台南,台南市,67,28.02,Low Risk,風險較低,35
臺南市將軍區苓保社區活動中心,臺南市將軍區,23.2175,120.1657,True,室內設施,台南,台南市,67,24.99,Low Risk,風險較低,35
台灣基督長老教會南布中會復興教會,高雄市桃源區,23.218,120.8046,True,室內設施,嘉義,嘉義市,74,46.55,Low Risk,風險較低,35
高雄市桃源區樟山國民小學復興分校,高雄市桃源區,23.218,120.8046,True,室內設施,嘉義,嘉義市,74,46.55,Low Risk,風險較低,35
臺南市下營區中營開化社區活動中心,臺南市下營區,23.2181,120.276,True,室內設施,台南,台南市,67,24.78,Low Risk,風險較低,35
臺南市將軍區馬沙溝濱海活動中心,臺南市將軍區,23.2182,120.095,True,室內設施,台南,台南市,67,27.77,Low Risk,風險較低,35
財團法人基督復臨安息日教會台灣區復興教會,高雄市桃源區,23.2187,120.8062,True,室內設施,嘉義,嘉義市,74,46.62,Low Risk,風險較低,35
臺南市六甲區大丘里活動中心,臺南市六甲區,23.2191,120.4369,True,室內設施,嘉義,嘉義市,74,29.05,Low Risk,風險較低,35
古風國小,花蓮縣卓溪鄉,23.2192,121.2645,True,室內設施,台東,台東市,42,52.88,Low Risk,風險較低,10
臺南市將軍區苓和國小,臺南市將軍區,23.219838,120.161368,True,室內設施,台南,台南市,67,25.36,Low Risk,風險較低,35
臺南市將軍區苓和國小,臺南市將軍區,23.219838,120.161368,True,室內設施,台南,台南市,67,25.36,Low Risk,風險較低,35
臺南市下營區中營地區民眾活動中心,臺南市下營區,23.22,120.2839,True,室內設施,台南,台南市,67,25.16,Low Risk,風險較低,35
崙天社區活動中心,花蓮縣卓溪鄉,23.2202,121.2649,True,室內設施,台東,台東市,42,53.0,Low Risk,風險較低,10
臺南市將軍區苓和社區活動中心,臺南市將軍區,23.2206,120.1669,True,室內設施,台南,台南市,67,25.3,Low Risk,風險較低,35
臺南市將軍區廣安宮,臺南市將軍區,23.221,120.1162,True,室內設施,台南,台南市,67,27.07,Low Risk,風險較低,35
臺南市六甲區七甲龍湖聯合多功能活動中心,臺南市六甲區,23.2223,120.3454,True,室內設施,台南,台南市,67,27.54,Low Risk,風險較低,35
臺南市將軍區北埔社區活動中心,臺南市將軍區,23.2224,120.1491,True,室內設施,台南,台南市,67,25.99,Low Risk,風險較低,35
膽曼社區活動中心,臺東縣長濱鄉,23.223299,121.414327,True,室內設施,台東,台東市,42,58.62,Low Risk,風險較低,10
臺南市將軍區巷口社區活動中心,臺南市將軍區,23.2239,120.1596,True,室內設施,台南,台南市,67,25.84,Low Risk,風險較低,35
臺南市六甲區六甲國小,臺南市六甲區,23.2256,120.3503,True,室內設施,台南,台南市,67,28.09,Low Risk,風險較低,35
新興竹田聯合社區活動中心,花蓮縣富里鄉,23.2261,121.2899,True,室內設施,台東,台東市,42,54.26,Low Risk,風險較低,10
臺南市六甲區王爺里活動中心,臺南市六甲區,23.2266,120.4002,True,室內設施,嘉義,嘉義市,74,28.63,Low Risk,風險較低,35
臺南市六甲區甲南里活動中心,臺南市六甲區,23.2267,120.3526,True,室內設施,台南,台南市,67,28.31,Low Risk,風險較低,35
臺南市六甲區六甲國中,臺南市六甲區,23.2271,120.3489,True,室內設施,台南,台南市,67,28.18,Low Risk,風險較低,35
臺南市六甲區二甲里活動中心,臺南市六甲區,23.2278,120.3461,True,室內設施,台南,台南市,67,28.12,Low Risk,風險較低,35
臺南市學甲區東陽國小活動中心,臺南市學甲區,23.2279,120.1835,True,室內設施,台南,台南市,67,25.74,Low Risk,風險較低,35
臺南市六甲區六甲里活動中心,臺南市六甲區,23.2295,120.3493,True,室內設施,台南,台南市,67,28.43,Low Risk,風險較低,35
學甲區綜合體育館,臺南市學甲區,23.229895,120.181455,True,室內設施,台南,台南市,67,25.99,Low Risk,風險較低,35
臺南市學甲藝文展示館,臺南市學甲區,23.2299,120.1822,True,室內設施,台南,台南市,67,25.98,Low Risk,風險較低,35
臺南市學甲區公所,臺南市學甲區,23.230484,120.18247,True,室內設施,台南,台南市,67,26.04,Low Risk,風險較低,35
臺南市學甲區慈福里活動中心,臺南市學甲區,23.2312,120.1836,True,室內設施,台南,台南市,67,26.1,Low Risk,風險較低,35
臺南市六甲區甲東里活動中心,臺南市六甲區,23.2313,120.3553,True,室內設施,台南,台南市,67,28.89,Low Risk,風險較低,35
臺南市六甲區公所,臺南市六甲區,23.2315,120.3475,True,室內設施,台南,台南市,67,28.55,Low Risk,風險較低,35
臺南市六甲區多功能運動公園,臺南市六甲區,23.232106,120.344149,False,戶外設施,台南,台南市,67,28.47,Warning,最近測站 AQI 67 > 50 且為戶外設施,55
臺南市下營區下營國小活動中心,臺南市下營區,23.2322,120.2606,True,室內設施,台南,台南市,67,26.06,Low Risk,風險較低,35
臺南市學甲區慈濟宮,臺南市學甲區,23.2335,120.1805,True,室內設施,台南,台南市,67,26.41,Low Risk,風險較低,35
臺南市六甲區水林里活動中心,臺南市六甲區,23.2335,120.3466,True,室內設施,台南,台南市,67,28.72,Low Risk,風險較低,35
臺南市下營區大屯社區活動中心,臺南市下營區,23.2343,120.2388,True,室內設施,台南,台南市,67,26.09,Low Risk,風險較低,35
臺南市下營區下營上帝廟,臺南市下營區,23.235185,120.26102,True,室內設施,台南,台南市,67,26.39,Low Risk,風險較低,35
烏石鼻社區活動中心,臺東縣長濱鄉,23.235256,121.413271,True,室內設施,台東,台東市,42,59.76,Low Risk,風險較低,10
臺南市六甲區菁埔里活動中心,臺南市六甲區,23.2359,120.3025,True,室內設施,台南,台南市,67,27.36,Low Risk,風險較低,35
臺南市六甲區中社里活動中心,臺南市六甲區,23.237,120.3258,True,室內設施,台南,台南市,67,28.24,Low Risk,風險較低,35
臺南市學甲區學甲國小體育館,臺南市學甲區,23.2378,120.1745,True,室內設施,台南,台南市,67,26.99,Low Risk,風險較低,35
臺南市北門區東隆宮,臺南市北門區,23.2385,120.1121,True,室內設施,台南,台南市,67,29.01,Low Risk,風險較低,35
臺南市下營區下營國中活動中心,臺南市下營區,23.2387,120.2715,True,室內設施,台南,台南市,67,26.94,Low Risk,風險較低,35
臺南市六甲區林鳳國小,臺南市六甲區,23.239,120.3257,True,室內設施,台南,台南市,67,28.44,Low Risk,風險較低,35
拉芙蘭里活動中心,高雄市桃源區,23.239,120.8116,True,室內設施,嘉義,嘉義市,74,45.7,Low Risk,風險較低,35
臺南市下營區下營地區民眾活動中心,臺南市下營區,23.2418,120.2625,True,室內設施,台南,台南市,67,27.14,Low Risk,風險較低,35
寧埔國民小學,臺東縣長濱鄉,23.244341,121.414152,True,室內設施,台東,台東市,42,60.7,Low Risk,風險較低,10
長濱聯合村辦公處,臺東縣長濱鄉,23.244736,121.416268,True,室內設施,台東,台東市,42,60.84,Low Risk,風險較低,10
寧埔社區活動中心,臺東縣長濱鄉,23.244736,121.416268,True,室內設施,台東,台東市,42,60.84,Low Risk,風險較低,10
竹湖國民小學,臺東縣長濱鄉,23.244736,121.416268,True,室內設施,台東,台東市,42,60.84,Low Risk,風險較低,10
樟原國民小學,臺東縣長濱鄉,23.244736,121.416268,True,室內設施,台東,台東市,42,60.84,Low Risk,風險較低,10
臺南市學甲區中洲國小禮堂,臺南市學甲區,23.2451,120.1599,True,室內設施,台南,台南市,67,28.11,Low Risk,風險較低,35
臺南市下營區紅厝社區活動中心,臺南市下營區,23.2455,120.2671,True,室內設施,台南,台南市,67,27.62,Low Risk,風險較低,35
光榮社區活動中心,臺東縣長濱鄉,23.247318,121.413361,True,室內設施,台東,台東市,42,60.96,Low Risk,風險較低,10
高雄市那瑪夏區民權國民小學,高雄市那瑪夏區,23.2478,120.7021,True,室內設施,嘉義,嘉義市,74,36.53,Low Risk,風險較低,35
西興村活動中心,嘉義縣大埔鄉,23.2491,120.5732,True,室內設施,嘉義,嘉義市,74,28.64,Low Risk,風險較低,35
臺南市六甲區龜港里活動中心,臺南市六甲區,23.2499,120.3084,True,室內設施,台南,台南市,67,29.02,Low Risk,風險較低,35
臺南市下營區甲中里活動中心,臺南市下營區,23.2504,120.274,True,室內設施,台南,台南市,67,28.27,Low Risk,風險較低,35
萬寧社區活動中心,花蓮縣富里鄉,23.251,121.2982,True,室內設施,台東,台東市,42,57.15,Low Risk,風險較低,10
高雄市桃源區樟山國民小學,高雄市桃源區,23.252766,120.819366,True,室內設施,嘉義,嘉義市,74,45.47,Low Risk,風險較低,35
八桑安社區社活動中心,臺東縣長濱鄉,23.253252,121.418162,True,室內設施,台東,台東市,42,61.77,Low Risk,風險較低,10
臺南市下營區賀建國小活動中心,臺南市下營區,23.2541,120.2969,True,室內設施,台南,台南市,67,29.16,Low Risk,風險較低,35
臺南市鹽水區?頭港國小,臺南市鹽水區,23.2557,120.2498,True,室內設施,台南,台南市,67,28.54,Low Risk,風險較低,35
臺南市柳營區果毅後多功活動中心廣場,臺南市柳營區,23.2571,120.3672,False,戶外設施,嘉義,嘉義市,74,26.17,Warning,最近測站 AQI 74 > 50 且為戶外設施,55
臺南市柳營區果毅後多功活動中心,臺南市柳營區,23.2571,120.3672,True,室內設施,嘉義,嘉義市,74,26.17,Low Risk,風險較低,35
臺南市柳營區果毅國小運動場,臺南市柳營區,23.2577,120.3719,False,戶外設施,嘉義,嘉義市,74,25.95,Warning,最近測站 AQI 74 > 50 且為戶外設施,55
臺南市新營區新橋國民小學,臺南市新營區,23.2649,120.2684,True,室內設施,台南,台南市,67,29.77,Low Risk,風險較低,35
馬舒霍爾文化聚會所,高雄市桃源區,23.2658,120.8248,True,室內設施,嘉義,嘉義市,74,45.15,Low Risk,風險較低,35
臺南市東山區水雲活動中心,臺南市東山區,23.2667,120.4183,False,戶外設施,嘉義,嘉義市,74,23.94,Warning,最近測站 AQI 74 > 50 且為戶外設施,55
臺南市柳營區柳營國小運動場,臺南市柳營區,23.266707,120.310478,False,戶外設施,嘉義,嘉義市,74,27.63,Warning,最近測站 AQI 74 > 50 且為戶外設施,55
臺南市鹽水區竹埔國小,臺南市鹽水區,23.267,120.2462,True,室內設施,台南,台南市,67,29.77,Low Risk,風險較低,35
東里社區活動中心,花蓮縣富里鄉,23.2673,121.3052,True,室內設施,台東,台東市,42,59.09,Low Risk,風險較低,10
臺南市北門區永隆宮,臺南市北門區,23.2694,120.1238,True,室內設施,台南,台南市,67,31.77,Low Risk,風險較低,35
臺南市北門區老人文康活動中心,臺南市北門區,23.2707,120.1213,True,室內設施,台南,台南市,67,31.99,Low Risk,風險較低,35
劉厝社區活動中心,嘉義市西區,23.274909,120.250364,True,室內設施,嘉義,嘉義市,74,30.53,Low Risk,風險較低,35
臺南市新營區新生國民小學,臺南市新營區,23.2752,120.2589,True,室內設施,嘉義,嘉義市,74,29.93,Low Risk,風險較低,35
民生國民中學,嘉義市西區,23.27536,120.262468,True,室內設施,嘉義,嘉義市,74,29.68,Low Risk,風險較低,35
臺南市東山區南溪活動中心,臺南市東山區,23.2754,120.399,False,戶外設施,嘉義,嘉義市,74,23.33,Warning,最近測站 AQI 74 > 50 且為戶外設施,55
南竹湖社活動中心,臺東縣長濱鄉,23.275404,121.421409,True,室內設施,台東,台東市,42,64.13,Low Risk,風險較低,10
長良社區活動中心,花蓮縣玉里鎮,23.2768,121.2878,True,室內設施,台東,台東市,42,59.66,Low Risk,風險較低,10
臺南市柳營區圖書館,臺南市柳營區,23.2773,120.3124,True,室內設施,嘉義,嘉義市,74,26.52,Low Risk,風險較低,35
臺南市柳營區公所,臺南市柳營區,23.2773,120.3124,True,室內設施,嘉義,嘉義市,74,26.52,Low Risk,風險較低,35
臺南市柳營區柳營聯合活動中心,臺南市柳營區,23.2775,120.3178,True,室內設施,嘉義,嘉義市,74,26.21,Low Risk,風險較低,35
臺南市柳營區聯合活動中心廣場,臺南市柳營區,23.2775,120.3178,False,戶外設施,嘉義,嘉義市,74,26.21,Warning,最近測站 AQI 74 > 50 且為戶外設施,55
清水社區活動中心,花蓮縣卓溪鄉,23.2775,121.2725,True,室內設施,台東,台東市,42,59.39,Low Risk,風險較低,10
吳江社區活動中心,花蓮縣富里鄉,23.2787,121.3227,True,室內設施,台東,台東市,42,60.81,Low Risk,風險較低,10
臺南市東山區青山活動中心,臺南市東山區,23.279,120.4682,False,戶外設施,嘉義,嘉義市,74,22.45,Warning,最近測站 AQI 74 > 50 且為戶外設施,55
臺南市柳營區柳營國中運動場,臺南市柳營區,23.2794,120.3315,False,戶外設施,嘉義,嘉義市,74,25.34,Warning,最近測站 AQI 74 > 50 且為戶外設施,55
大光教會,高雄市那瑪夏區,23.2796,120.7196,True,室內設施,嘉義,嘉義市,74,35.49,Low Risk,風險較低,35
臺南市東山區高原活動中心,臺南市東山區,23.2808,120.4703,False,戶外設施,嘉義,嘉義市,74,22.27,Warning,最近測站 AQI 74 > 50 且為戶外設施,55
竹湖活動中心,臺東縣長濱鄉,23.282134,121.4262,True,室內設施,台東,台東市,42,65.02,Low Risk,風險較低,10
臺南市東山區東原老人活動中心,臺南市東山區,23.2828,120.4397,False,戶外設施,嘉義,嘉義市,74,21.96,Warning,最近測站 AQI 74 > 50 且為戶外設施,55
大溪社區活動中心,嘉義市西區,23.285036,120.241078,True,室內設施,嘉義,嘉義市,74,30.35,Low Risk,風險較低,35
臺南市柳營區重溪國小運動場,臺南市柳營區,23.2859,120.3641,False,戶外設施,嘉義,嘉義市,74,23.27,Warning,最近測站 AQI 74 > 50 且為戶外設施,55
臺南市北門區保安宮,臺南市北門區,23.2862,120.1362,True,室內設施,台南,台南市,67,33.16,Low Risk,風險較低,35
臺南市北門區南鯤鯓代天府,臺南市北門區,23.2863,120.1434,True,室內設施,台南,台南市,67,32.97,Low Risk,風險較低,35
臺南市新營區新興國民小學,臺南市新營區,23.2867,120.2761,True,室內設施,嘉義,嘉義市,74,27.83,Low Risk,風險較低,35
斑芝花高爾夫俱樂部,臺南市東山區,23.28672,120.44937,True,室內設施,嘉義,嘉義市,74,21.5,Low Risk,風險較低,35
臺南市柳營區小腳腿多功活動中心廣場,臺南市柳營區,23.2902,120.368,False,戶外設施,嘉義,嘉義市,74,22.68,Warning,最近測站 AQI 74 > 50 且為戶外設施,55
臺南市柳營區小腳腿多功活動中心,臺南市柳營區,23.2902,120.368,True,室內設施,嘉義,嘉義市,74,22.68,Low Risk,風險較低,35
臺南市柳營區太康國小運動場,臺南市柳營區,23.2904,120.3294,False,戶外設施,嘉義,嘉義市,74,24.38,Warning,最近測站 AQI 74 > 50 且為戶外設施,55
臺南市新營區太子國民中學,臺南市新營區,23.2913,120.2721,True,室內設施,嘉義,嘉義市,74,27.7,Low Risk,風險較低,35
臺南市鹽水區歡雅國小,臺南市鹽水區,23.2923,120.2434,True,室內設施,嘉義,嘉義市,74,29.61,Low Risk,風險較低,35
大埔國中小國中室內,嘉義縣大埔鄉,23.2933,120.591,True,室內設施,嘉義,嘉義市,74,25.32,Low Risk,風險較低,35
大埔國中小國中室外,嘉義縣大埔鄉,23.2933,120.591,True,室內設施,嘉義,嘉義市,74,25.32,Low Risk,風險較低,35
大埔國中小坪林分校-室內,嘉義縣大埔鄉,23.2934,120.5857,True,室內設施,嘉義,嘉義市,74,25.01,Low Risk,風險較低,35
茄苳活動中心,嘉義縣大埔鄉,23.2938,120.5902,True,室內設施,嘉義,嘉義市,74,25.23,Low Risk,風險較低,35
大埔國中小國小室內,嘉義縣大埔鄉,23.2944,120.5917,True,室內設施,嘉義,嘉義市,74,25.26,Low Risk,風險較低,35
大埔國中小國小室外,嘉義縣大埔鄉,23.2944,120.5917,True,室內設施,嘉義,嘉義市,74,25.26,Low Risk,風險較低,35
臺南市東山區東河活動中心,臺南市東山區,23.2945,120.3857,False,戶外設施,嘉義,嘉義市,74,21.63,Warning,最近測站 AQI 74 > 50 且為戶外設施,55
大埔圖書館,嘉義縣大埔鄉,23.2949,120.5932,True,室內設施,嘉義,嘉義市,74,25.31,Low Risk,風險較低,35
臺南市新營區太子爺廟香客大樓,臺南市新營區,23.2955,120.2743,True,室內設施,嘉義,嘉義市,74,27.2,Low Risk,風險較低,35
卓樂社區活動中心,花蓮縣卓溪鄉,23.2956,121.2703,True,室內設施,台東,台東市,42,61.31,Low Risk,風險較低,10
永福社區活動中心,臺東縣長濱鄉,23.296186,121.434067,True,室內設施,台東,台東市,42,66.77,Low Risk,風險較低,10
茶山國小室內,嘉義縣阿里山鄉,23.298248,120.666773,True,室內設施,嘉義,嘉義市,74,30.04,Low Risk,風險較低,35
大埔零售公有市場,嘉義縣大埔鄉,23.2986,120.5938,True,室內設施,嘉義,嘉義市,74,25.01,Low Risk,風險較低,35
臺南市新營區南梓國民小學,臺南市新營區,23.299,120.298,True,室內設施,嘉義,嘉義市,74,25.36,Low Risk,風險較低,35
北極殿,嘉義縣大埔鄉,23.2991,120.5942,True,室內設施,嘉義,嘉義市,74,24.99,Low Risk,風險較低,35
臺南市鹽水區仁光國小,臺南市鹽水區,23.299369,120.25746,True,室內設施,嘉義,嘉義市,74,28.04,Low Risk,風險較低,35
臺南市新營區公誠國民小學,臺南市新營區,23.3036,120.3189,True,室內設施,嘉義,嘉義市,74,23.7,Low Risk,風險較低,35
臺南市新營區新民國民小學,臺南市新營區,23.3052,120.3063,True,室內設施,嘉義,嘉義市,74,24.3,Low Risk,風險較低,35
臺南市新營區新營國民小學,臺南市新營區,23.3062,120.3165,True,室內設施,嘉義,嘉義市,74,23.6,Low Risk,風險較低,35
過路國小-室內,嘉義縣義竹鄉,23.3064,120.2082,True,室內設施,嘉義,嘉義市,74,31.26,Low Risk,風險較低,35
過路國小-室外,嘉義縣義竹鄉,23.3064,120.2082,True,室內設施,嘉義,嘉義市,74,31.26,Low Risk,風險較低,35
和順國小-室外,嘉義縣義竹鄉,23.3067,120.1817,True,室內設施,嘉義,嘉義市,74,33.41,Low Risk,風險較低,35
田組真耶穌教會,臺東縣長濱鄉,23.307393,121.440989,True,室內設施,台東,台東市,42,68.2,Low Risk,風險較低,10
臺南市新營區大宏王公社區活動中心,臺南市新營區,23.3085,120.3181,True,室內設施,嘉義,嘉義市,74,23.3,Low Risk,風險較低,35
臺南市新營區南新國民中學,臺南市新營區,23.3092,120.3088,True,室內設施,嘉義,嘉義市,74,23.79,Low Risk,風險較低,35
河東國小六溪分校,臺南市白河區,23.3092,120.4595,True,室內設施,嘉義,嘉義市,74,19.03,Low Risk,風險較低,30
臺南市東山區聖賢里頂田活動中心,臺南市東山區,23.3096,120.3472,False,戶外設施,嘉義,嘉義市,74,21.62,Warning,最近測站 AQI 74 > 50 且為戶外設施,55
臺南市新營區公所,臺南市新營區,23.31,120.3166,True,室內設施,嘉義,嘉義市,74,23.25,Low Risk,風險較低,35
長濱國中,臺東縣長濱鄉,23.314728,121.458956,True,室內設施,台東,台東市,42,69.75,Low Risk,風險較低,10
臺南市新營區新進國民小學,臺南市新營區,23.315,120.3164,True,室內設施,嘉義,嘉義市,74,22.81,Low Risk,風險較低,35
埔頂集會所,嘉義縣大埔鄉,23.3156,120.5801,True,室內設施,嘉義,嘉義市,74,22.66,Low Risk,風險較低,35
臺南市新營區新泰國民小學,臺南市新營區,23.3161,120.3273,True,室內設施,嘉義,嘉義市,74,22.07,Low Risk,風險較低,35
臺南市東山區東山國中,臺南市東山區,23.3166,120.4031,False,戶外設施,嘉義,嘉義市,74,18.78,Warning,最近測站 AQI 74 > 50 且為戶外設施,50
臺南市鹽水區月津國小,臺南市鹽水區,23.3168,120.2663,True,室內設施,嘉義,嘉義市,74,26.03,Low Risk,風險較低,35
臺南市東山區北勢寮泉福宮,臺南市東山區,23.3169,120.3655,False,戶外設施,嘉義,嘉義市,74,20.05,Warning,最近測站 AQI 74 > 50 且為戶外設施,55
臺南市鹽水區老人文康中心,臺南市鹽水區,23.3179,120.2635,True,室內設施,嘉義,嘉義市,74,26.15,Low Risk,風險較低,35
樂合社區活動中心,花蓮縣玉里鎮,23.3183,121.345,True,室內設施,台東,台東市,42,65.69,Low Risk,風險較低,10
臺南市鹽水區公所,臺南市鹽水區,23.3197,120.2662,True,室內設施,嘉義,嘉義市,74,25.82,Low Risk,風險較低,35
臺南市新營區土庫國民小學,臺南市新營區,23.3197,120.3452,True,室內設施,嘉義,嘉義市,74,20.75,Low Risk,風險較低,35
臺南市鹽水區鹽水國中,臺南市鹽水區,23.3213,120.2631,True,室內設施,嘉義,嘉義市,74,25.92,Low Risk,風險較低,35
源城社區活動中心,花蓮縣玉里鎮,23.3219,121.3004,True,室內設施,台東,台東市,42,64.84,Low Risk,風險較低,10
臺南市鹽水區鹽水國小,臺南市鹽水區,23.3226,120.2707,True,室內設施,嘉義,嘉義市,74,25.26,Low Risk,風險較低,35
臺南市東山區東山國小,臺南市東山區,23.3234,120.4048,False,戶外設施,嘉義,嘉義市,74,18.0,Warning,最近測站 AQI 74 > 50 且為戶外設施,50
臺南市東山區碧軒寺,臺南市東山區,23.3252,120.4038,False,戶外設施,嘉義,嘉義市,74,17.83,Warning,最近測站 AQI 74 > 50 且為戶外設施,50
真柄社區活動中心,臺東縣長濱鄉,23.32597,121.439437,True,室內設施,台東,台東市,42,70.0,Low Risk,風險較低,10
玉里慈惠堂,花蓮縣玉里鎮,23.3275,121.3139,True,室內設施,台東,台東市,42,65.78,Low Risk,風險較低,10
臺南市後壁區福安社區活動中心,臺南市後壁區,23.3288,120.3567,True,室內設施,嘉義,嘉義市,74,19.29,Low Risk,風險較低,30
長光社區活動中心,臺東縣長濱鄉,23.329484,121.461868,True,室內設施,台東,台東市,42,71.35,Low Risk,風險較低,10
臺南市鹽水區岸內國小,臺南市鹽水區,23.3295,120.2609,True,室內設施,嘉義,嘉義市,74,25.48,Low Risk,風險較低,35
新塭國小-室內,嘉義縣布袋鎮,23.3303,120.1606,True,室內設施,嘉義,嘉義市,74,33.83,Low Risk,風險較低,35
新塭國小-室外,嘉義縣布袋鎮,23.330464,120.160148,True,室內設施,嘉義,嘉義市,74,33.86,Low Risk,風險較低,35
仙草國小關嶺分校,臺南市白河區,23.3307,120.5074,True,室內設施,嘉義,嘉義市,74,17.65,Low Risk,風險較低,30
忠勇國小,臺東縣長濱鄉,23.331466,121.43699,True,室內設施,台東,台東市,42,70.45,Low Risk,風險較低,10
臺南市後壁區長安社區活動中心,臺南市後壁區,23.3323,120.3564,True,室內設施,嘉義,嘉義市,74,18.96,Low Risk,風險較低,30
臺南市後壁區頂安社區活動中心,臺南市後壁區,23.3327,120.3525,True,室內設施,嘉義,嘉義市,74,19.13,Low Risk,風險較低,30
義竹鄉老人文康中心,嘉義縣義竹鄉,23.33444,120.241899,True,室內設施,嘉義,嘉義市,74,26.63,Low Risk,風險較低,35
臺南市後壁區烏樹社區活動中心,臺南市後壁區,23.3347,120.3777,True,室內設施,嘉義,嘉義市,74,17.73,Low Risk,風險較低,30
中正堂,花蓮縣玉里鎮,23.3352,121.3153,True,室內設施,台東,台東市,42,66.65,Low Risk,風險較低,10
義竹鄉修緣禪寺,嘉義縣義竹鄉,23.3357,120.2434,True,室內設施,嘉義,嘉義市,74,26.43,Low Risk,風險較低,35
大林社區活動中心,臺南市白河區,23.3357,120.4412,True,室內設施,嘉義,嘉義市,74,16.08,Low Risk,風險較低,30
義竹慈化寺,嘉義縣義竹鄉,23.3358,120.2443,True,室內設施,嘉義,嘉義市,74,26.35,Low Risk,風險較低,35
義竹國小中正堂,嘉義縣義竹鄉,23.3359,120.2456,True,室內設施,嘉義,嘉義市,74,26.24,Low Risk,風險較低,35
義竹國小-室外,嘉義縣義竹鄉,23.3359,120.2456,True,室內設施,嘉義,嘉義市,74,26.24,Low Risk,風險較低,35
南興國小東華分校-室內,嘉義縣義竹鄉,23.3368,120.2463,True,室內設施,嘉義,嘉義市,74,26.12,Low Risk,風險較低,35
南興國小東華分校-室外,嘉義縣義竹鄉,23.3368,120.2463,True,室內設施,嘉義,嘉義市,74,26.12,Low Risk,風險較低,35
南寮土地公廟前廣場,嘉義縣大埔鄉,23.3369,120.5552,False,戶外設施,嘉義,嘉義市,74,19.26,Warning,最近測站 AQI 74 > 50 且為戶外設施,50
好美國小-室外,嘉義縣布袋鎮,23.337005,120.13813,True,室內設施,嘉義,嘉義市,74,35.5,Low Risk,風險較低,35
好美國小-室內,嘉義縣布袋鎮,23.3373,120.1379,True,室內設施,嘉義,嘉義市,74,35.5,Low Risk,風險較低,35
臺南市後壁區新東長老基督教會,臺南市後壁區,23.3377,120.3323,True,室內設施,嘉義,嘉義市,74,19.82,Low Risk,風險較低,30
新美國小室內,嘉義縣阿里山鄉,23.337733,120.683345,True,室內設施,嘉義,嘉義市,74,28.67,Low Risk,風險較低,35
東豐社區活動中心,花蓮縣玉里鎮,23.3389,121.3399,True,室內設施,台東,台東市,42,67.72,Low Risk,風險較低,10
南興國小-室外,嘉義縣義竹鄉,23.3408,120.1928,True,室內設施,嘉義,嘉義市,74,30.4,Low Risk,風險較低,35
新岑社區活動中心,嘉義縣布袋鎮,23.340872,120.171569,True,室內設施,嘉義,嘉義市,74,32.28,Low Risk,風險較低,35
臺南市後壁區新厝活動中心,臺南市後壁區,23.3422,120.3013,True,室內設施,嘉義,嘉義市,74,21.51,Low Risk,風險較低,35
義竹國中-室外,嘉義縣義竹鄉,23.34264,120.24985,True,室內設施,嘉義,嘉義市,74,25.44,Low Risk,風險較低,35
新岑國小-室外,嘉義縣布袋鎮,23.34271,120.174442,True,室內設施,嘉義,嘉義市,74,31.92,Low Risk,風險較低,35
臺南市後壁區竹新社區活動中心,臺南市後壁區,23.3433,120.3023,True,室內設施,嘉義,嘉義市,74,21.35,Low Risk,風險較低,35
仙草國小,臺南市白河區,23.3439,120.4738,True,室內設施,嘉義,嘉義市,74,15.35,Low Risk,風險較低,30
河東國小,臺南市白河區,23.3443,120.4378,True,室內設施,嘉義,嘉義市,74,15.14,Low Risk,風險較低,30
臺南市後壁區新嘉國小,臺南市後壁區,23.3444,120.316,True,室內設施,嘉義,嘉義市,74,20.3,Low Risk,風險較低,35
仙草社區活動中心,臺南市白河區,23.3449,120.4734,True,室內設施,嘉義,嘉義市,74,15.24,Low Risk,風險較低,30
河東農村社區活動中心,臺南市白河區,23.3456,120.4365,True,室內設施,嘉義,嘉義市,74,15.01,Low Risk,風險較低,30
卓溪多功能活動中心,花蓮縣卓溪鄉,23.3457,121.3038,True,室內設施,台東,台東市,42,67.49,Low Risk,風險較低,10
臺南市後壁區嘉苳社區活動中心,臺南市後壁區,23.351,120.3637,True,室內設施,嘉義,嘉義市,74,16.79,Low Risk,風險較低,30
白河區公所,臺南市白河區,23.351,120.4157,True,室內設施,嘉義,嘉義市,74,14.75,Low Risk,風險較低,30
白河國小,臺南市白河區,23.351,120.4157,True,室內設施,嘉義,嘉義市,74,14.75,Low Risk,風險較低,30
白河商工,臺南市白河區,23.3527,120.4164,True,室內設施,嘉義,嘉義市,74,14.55,Low Risk,風險較低,30
臺南市後壁區仕安社區活動中心,臺南市後壁區,23.3539,120.32,True,室內設施,嘉義,嘉義市,74,19.25,Low Risk,風險較低,30
長濱鄉老人會館,臺東縣長濱鄉,23.355514,121.469004,True,室內設施,花蓮,花蓮市,35,70.33,Low Risk,風險較低,10
三間國民小學,臺東縣長濱鄉,23.35573,121.467768,True,室內設施,花蓮,花蓮市,35,70.33,Low Risk,風險較低,10
中山藤寮分校童軍營區前排教室-室內,嘉義縣中埔鄉,23.3558,120.5413,True,室內設施,嘉義,嘉義市,74,16.72,Low Risk,風險較低,30
大埔國小永興分校舊校址-室內,嘉義縣番路鄉,23.3566,120.5914,True,室內設施,嘉義,嘉義市,74,19.99,Low Risk,風險較低,30
布袋國中-室內,嘉義縣布袋鎮,23.3595,120.1809,True,室內設施,嘉義,嘉義市,74,30.47,Low Risk,風險較低,35
布袋國中-室外,嘉義縣布袋鎮,23.3595,120.1809,True,室內設施,嘉義,嘉義市,74,30.47,Low Risk,風險較低,35
白河國中,臺南市白河區,23.3614,120.4239,True,室內設施,嘉義,嘉義市,74,13.45,Low Risk,風險較低,30
社口國小 室外,嘉義縣中埔鄉,23.3627,120.5476,True,室內設施,嘉義,嘉義市,74,16.47,Low Risk,風險較低,30
臺南市後壁區平安社區活動中心,臺南市後壁區,23.3632,120.3334,True,室內設施,嘉義,嘉義市,74,17.56,Low Risk,風險較低,30
臺南市後壁區公所總站,臺南市後壁區,23.3658,120.362,True,室內設施,嘉義,嘉義市,74,15.51,Low Risk,風險較低,30
臺南市後壁區頂長社區活動中心,臺南市後壁區,23.3659,120.3293,True,室內設施,嘉義,嘉義市,74,17.63,Low Risk,風險較低,30
西平社區活動中心,彰化縣二林鎮,23.366378,120.366378,True,室內設施,嘉義,嘉義市,74,15.2,Low Risk,風險較低,30
香田國小,彰化縣二林鎮,23.366378,120.366378,True,室內設施,嘉義,嘉義市,74,15.2,Low Risk,風險較低,30
中西社區活動中心,彰化縣二林鎮,23.366378,120.366378,True,室內設施,嘉義,嘉義市,74,15.2,Low Risk,風險較低,30
廣興國小,彰化縣二林鎮,23.366378,120.366378,True,室內設施,嘉義,嘉義市,74,15.2,Low Risk,風險較低,30
老人文康活動中心,彰化縣二林鎮,23.366378,120.366378,True,室內設施,嘉義,嘉義市,74,15.2,Low Risk,風險較低,30
臺南市後壁區後壁侯伯社區活動中心,臺南市後壁區,23.3673,120.3664,True,室內設施,嘉義,嘉義市,74,15.12,Low Risk,風險較低,30
大竹國小,臺南市白河區,23.3683,120.4127,True,室內設施,嘉義,嘉義市,74,12.97,Low Risk,風險較低,30
頂六國小活動中心-室內,嘉義縣中埔鄉,23.3703,120.509,True,室內設施,嘉義,嘉義市,74,13.65,Low Risk,風險較低,30
中埔國小-室外,嘉義縣中埔鄉,23.3703,120.509,True,室內設施,嘉義,嘉義市,74,13.65,Low Risk,風險較低,30
中埔國中活動中心-室內,嘉義縣中埔鄉,23.3707,120.4975,True,室內設施,嘉義,嘉義市,74,13.13,Low Risk,風險較低,30
臺南市後壁區新嘉社區活動中心,臺南市後壁區,23.3721,120.3103,True,室內設施,嘉義,嘉義市,74,18.57,Low Risk,風險較低,30
臺南市後壁區新東國小,臺南市後壁區,23.3727,120.3095,True,室內設施,嘉義,嘉義市,74,18.59,Low Risk,風險較低,30
臺南市後壁區土溝社區活動中心,臺南市後壁區,23.3734,120.3872,True,室內設施,嘉義,嘉義市,74,13.44,Low Risk,風險較低,30
下潭國小室外,嘉義縣鹿草鄉,23.373691,120.28601,True,室內設施,嘉義,嘉義市,74,20.42,Low Risk,風險較低,35
隙頂國小草山分校舊校址-室內,嘉義縣番路鄉,23.3745,120.6371,True,室內設施,嘉義,嘉義市,74,22.49,Low Risk,風險較低,35
下潭社區活動中心,嘉義縣鹿草鄉,23.374584,120.286841,True,室內設施,嘉義,嘉義市,74,20.29,Low Risk,風險較低,35
竹門國小,臺南市白河區,23.3766,120.445,True,室內設施,嘉義,嘉義市,74,11.52,Low Risk,風險較低,30
九江社區活動中心,嘉義縣布袋鎮,23.3773,120.1565,True,室內設施,嘉義,嘉義市,74,31.97,Low Risk,風險較低,35
臺南市後壁區菁寮墨林社區活動中心,臺南市後壁區,23.3785,120.3351,True,室內設施,嘉義,嘉義市,74,16.21,Low Risk,風險較低,30
臺南市後壁區菁寮國小,臺南市後壁區,23.3787,120.339,True,室內設施,嘉義,嘉義市,74,15.92,Low Risk,風險較低,30
布新國小-室內,嘉義縣布袋鎮,23.3788,120.1522,True,室內設施,嘉義,嘉義市,74,32.32,Low Risk,風險較低,35
臺南市後壁區菁豐社區活動中心,臺南市後壁區,23.3788,120.3469,True,室內設施,嘉義,嘉義市,74,15.35,Low Risk,風險較低,30
布新國小-室外,嘉義縣布袋鎮,23.378925,120.152166,True,室內設施,嘉義,嘉義市,74,32.32,Low Risk,風險較低,35
光榮國小-室內,嘉義縣義竹鄉,23.3795,120.2474,True,室內設施,嘉義,嘉義市,74,23.42,Low Risk,風險較低,35
光榮國小-室外,嘉義縣義竹鄉,23.3795,120.2474,True,室內設施,嘉義,嘉義市,74,23.42,Low Risk,風險較低,35
玉豐國小,臺南市白河區,23.3802,120.4159,True,室內設施,嘉義,嘉義市,74,11.61,Low Risk,風險較低,30
大禹社區活動中心,花蓮縣玉里鎮,23.3805,121.3289,True,室內設施,花蓮,花蓮市,35,71.86,Low Risk,風險較低,10
臺南市後壁區德馨宮,臺南市後壁區,23.3808,120.3358,True,室內設施,嘉義,嘉義市,74,15.99,Low Risk,風險較低,30
中埔國小活動中心-室內,嘉義縣中埔鄉,23.3815,120.5307,True,室內設施,嘉義,嘉義市,74,13.77,Low Risk,風險較低,30
同仁國小 室外,嘉義縣中埔鄉,23.3815,120.5307,True,室內設施,嘉義,嘉義市,74,13.77,Low Risk,風險較低,30
臺南市後壁區崁頂社區活動中心,臺南市後壁區,23.3818,120.3451,True,室內設施,嘉義,嘉義市,74,15.23,Low Risk,風險較低,30
布袋鎮立幼兒園,嘉義縣布袋鎮,23.381869,120.191066,True,室內設施,嘉義,嘉義市,74,28.5,Low Risk,風險較低,35
見龍社區活動中心,嘉義縣布袋鎮,23.382,120.1808,True,室內設施,嘉義,嘉義市,74,29.47,Low Risk,風險較低,35
布袋國小-室內,嘉義縣布袋鎮,23.3824,120.1712,True,室內設施,嘉義,嘉義市,74,30.36,Low Risk,風險較低,35
布袋國小-室外,嘉義縣布袋鎮,23.3824,120.1712,True,室內設施,嘉義,嘉義市,74,30.36,Low Risk,風險較低,35
景山國小-室外,嘉義縣布袋鎮,23.3827,120.1933,True,室內設施,嘉義,嘉義市,74,28.26,Low Risk,風險較低,35
山美國小室內,嘉義縣阿里山鄉,23.383138,120.668975,True,室內設施,嘉義,嘉義市,74,24.89,Low Risk,風險較低,35
碧潭社區活動中心,嘉義縣鹿草鄉,23.38451,120.297035,True,室內設施,嘉義,嘉義市,74,18.81,Low Risk,風險較低,30
臺南市後壁區後?社區活動中心,臺南市後壁區,23.3846,120.3373,True,室內設施,嘉義,嘉義市,74,15.58,Low Risk,風險較低,30
碧潭國小室外,嘉義縣鹿草鄉,23.386773,120.299389,True,室內設施,嘉義,嘉義市,74,18.47,Low Risk,風險較低,30
臺南市後壁區嘉田嘉民社區活動中心,臺南市後壁區,23.3868,120.3825,True,室內設施,嘉義,嘉義市,74,12.4,Low Risk,風險較低,30
沄水社區活動中心,嘉義縣中埔鄉,23.3927,120.5195,True,室內設施,嘉義,嘉義市,74,12.08,Low Risk,風險較低,30
重寮國小室外,嘉義縣鹿草鄉,23.393291,120.315098,True,室內設施,嘉義,嘉義市,74,16.74,Low Risk,風險較低,30
觀音社區活動中心,花蓮縣玉里鎮,23.3951,121.3573,True,室內設施,花蓮,花蓮市,35,69.27,Low Risk,風險較低,10
灣潭國小 室外,嘉義縣中埔鄉,23.3968,120.5333,True,室內設施,嘉義,嘉義市,74,12.63,Low Risk,風險較低,30
內角國小,臺南市白河區,23.3973,120.4409,True,室內設施,嘉義,嘉義市,74,9.24,Low Risk,風險較低,25
瑞豐社區活動中心,嘉義縣中埔鄉,23.3992,120.5266,True,室內設施,嘉義,嘉義市,74,11.98,Low Risk,風險較低,30
圓山托兒所,嘉義縣中埔鄉,23.4006,120.5121,True,室內設施,嘉義,嘉義市,74,10.93,Low Risk,風險較低,30
和睦國小 室外,嘉義縣中埔鄉,23.4036,120.5121,True,室內設施,嘉義,嘉義市,74,10.66,Low Risk,風險較低,30
和興國小-室外,嘉義縣中埔鄉,23.4036,120.5121,True,室內設施,嘉義,嘉義市,74,10.66,Low Risk,風險較低,30
重寮社區活動中心,嘉義縣鹿草鄉,23.404675,120.341819,True,室內設施,嘉義,嘉義市,74,13.79,Low Risk,風險較低,30
後堀社區活動中心,嘉義縣鹿草鄉,23.404675,120.341819,True,室內設施,嘉義,嘉義市,74,13.79,Low Risk,風險較低,30
達邦國小里佳分校室內,嘉義縣阿里山鄉,23.405245,120.720934,True,室內設施,嘉義,嘉義市,74,28.95,Low Risk,風險較低,35
太平國小,花蓮縣卓溪鄉,23.406,121.3205,True,室內設施,花蓮,花蓮市,35,69.61,Low Risk,風險較低,10
太平社區活動中心,花蓮縣卓溪鄉,23.4071,121.3166,True,室內設施,花蓮,花蓮市,35,69.66,Low Risk,風險較低,10
和美社區活動中心,嘉義縣中埔鄉,23.4072,120.5122,True,室內設施,嘉義,嘉義市,74,10.35,Low Risk,風險較低,30
梅華活動中心,嘉義縣朴子市,23.408,120.2587,True,室內設施,嘉義,嘉義市,74,21.01,Low Risk,風險較低,35
鹿草國中室外,嘉義縣鹿草鄉,23.4099,120.3129,True,室內設施,嘉義,嘉義市,74,15.94,Low Risk,風險較低,30
鹿草國中室內,嘉義縣鹿草鄉,23.410697,120.31309,True,室內設施,嘉義,嘉義市,74,15.88,Low Risk,風險較低,30
同仁社區活動中心,嘉義縣中埔鄉,23.4108,120.5488,True,室內設施,嘉義,嘉義市,74,12.76,Low Risk,風險較低,30
南靖國小-室外,嘉義縣水上鄉,23.4109,120.3774,True,室內設施,嘉義,嘉義市,74,10.62,Low Risk,風險較低,30
松梅國小[室外],嘉義縣朴子市,23.4114,120.2505,True,室內設施,嘉義,嘉義市,74,21.65,Low Risk,風險較低,35
鹿草國小室外,嘉義縣鹿草鄉,23.41157,120.306853,True,室內設施,嘉義,嘉義市,74,16.39,Low Risk,風險較低,30
隆興社區活動中心,嘉義縣中埔鄉,23.4125,120.5299,True,室內設施,嘉義,嘉義市,74,11.16,Low Risk,風險較低,30
和興國小圖書館-室內,嘉義縣中埔鄉,23.4129,120.5103,True,室內設施,嘉義,嘉義市,74,9.74,Low Risk,風險較低,25
義興村活動中心,嘉義縣水上鄉,23.418214,120.422844,True,室內設施,嘉義,嘉義市,74,7.38,Low Risk,風險較低,25
義興國小-室外,嘉義縣水上鄉,23.4184,120.4258,True,室內設施,嘉義,嘉義市,74,7.26,Low Risk,風險較低,25
過溝國小-室內,嘉義縣布袋鎮,23.419651,120.183067,True,室內設施,嘉義,嘉義市,74,27.96,Low Risk,風險較低,35
貴林國小-室外,嘉義縣布袋鎮,23.419879,120.214244,True,室內設施,嘉義,嘉義市,74,24.88,Low Risk,風險較低,35
過溝多功能活動中心,嘉義縣布袋鎮,23.4204,120.1822,True,室內設施,嘉義,嘉義市,74,28.02,Low Risk,風險較低,35
龍門社區活動中心,嘉義縣中埔鄉,23.42188,120.517993,True,室內設施,嘉義,嘉義市,74,9.56,Low Risk,風險較低,25
社口國小禮堂-室內,嘉義縣中埔鄉,23.4231,120.5241,True,室內設施,嘉義,嘉義市,74,9.94,Low Risk,風險較低,25
大有國小圖書館-室內,嘉義縣中埔鄉,23.4235,120.5235,True,室內設施,嘉義,嘉義市,74,9.86,Low Risk,風險較低,25
東興社區活動中心,嘉義縣中埔鄉,23.4242,120.5216,True,室內設施,嘉義,嘉義市,74,9.66,Low Risk,風險較低,25
灣潭國小視聽教室-室內,嘉義縣中埔鄉,23.4242,120.5216,True,室內設施,嘉義,嘉義市,74,9.66,Low Risk,風險較低,25
中庄村活動中心,嘉義縣水上鄉,23.424345,120.433218,True,室內設施,嘉義,嘉義市,74,6.41,Low Risk,風險較低,25
中埔國中-室外,嘉義縣中埔鄉,23.4244,120.5176,True,室內設施,嘉義,嘉義市,74,9.34,Low Risk,風險較低,25
溪洲村活動中心,嘉義縣水上鄉,23.424537,120.389382,True,室內設施,嘉義,嘉義市,74,8.68,Low Risk,風險較低,25
忠和國中-室外,嘉義縣水上鄉,23.4246,120.4501,True,室內設施,嘉義,嘉義市,74,6.17,Low Risk,風險較低,25
中埔鄉公所,嘉義縣中埔鄉,23.425153,120.522942,True,室內設施,嘉義,嘉義市,74,9.7,Low Risk,風險較低,25
忠和國小-室外,嘉義縣水上鄉,23.4258,120.4479,True,室內設施,嘉義,嘉義市,74,6.04,Low Risk,風險較低,25
水上國中-室外,嘉義縣水上鄉,23.4261,120.3974,True,室內設施,嘉義,嘉義市,74,7.99,Low Risk,風險較低,25
同仁國小-室內,嘉義縣中埔鄉,23.4278,120.5566,True,室內設施,嘉義,嘉義市,74,12.41,Low Risk,風險較低,30
社口社區活動中心,嘉義縣中埔鄉,23.4283,120.5614,True,室內設施,嘉義,嘉義市,74,12.82,Low Risk,風險較低,30
水上鄉公所三樓,嘉義縣水上鄉,23.428457,120.39801,True,室內設施,嘉義,嘉義市,74,7.75,Low Risk,風險較低,25
水上國小-室外,嘉義縣水上鄉,23.4288,120.3972,True,室內設施,嘉義,嘉義市,74,7.78,Low Risk,風險較低,25
中山國小視聽教室-室內,嘉義縣中埔鄉,23.4288,120.5125,True,室內設施,嘉義,嘉義市,74,8.62,Low Risk,風險較低,25
松浦社區活動中心,花蓮縣玉里鎮,23.4293,121.3737,True,室內設施,花蓮,花蓮市,35,65.12,Low Risk,風險較低,10
隙頂國小-室外,嘉義縣番路鄉,23.4298,120.6601,True,室內設施,嘉義,嘉義市,74,22.24,Low Risk,風險較低,35
隙頂國民小學-室內,嘉義縣番路鄉,23.4298,120.6601,True,室內設施,嘉義,嘉義市,74,22.24,Low Risk,風險較低,35
裕民社區活動中心,嘉義縣中埔鄉,23.4315,120.5126,True,室內設施,嘉義,嘉義市,74,8.44,Low Risk,風險較低,25
成功國小-室外,嘉義縣水上鄉,23.4318,120.4756,True,室內設施,嘉義,嘉義市,74,6.01,Low Risk,風險較低,25
三民社區活動中心,花蓮縣玉里鎮,23.4321,121.3498,True,室內設施,花蓮,花蓮市,35,65.75,Low Risk,風險較低,10
竹村國小[室外],嘉義縣朴子市,23.4349,120.2389,True,室內設施,嘉義,嘉義市,74,22.02,Low Risk,風險較低,35
柳林國小-室外,嘉義縣水上鄉,23.4356,120.4151,True,室內設施,嘉義,嘉義市,74,6.04,Low Risk,風險較低,25
網寮國小-室內,嘉義縣東石鄉,23.4361,120.1525,True,室內設施,嘉義,嘉義市,74,30.65,Low Risk,風險較低,35
網寮國小-室外,嘉義縣東石鄉,23.4361,120.1525,True,室內設施,嘉義,嘉義市,74,30.65,Low Risk,風險較低,35
龍崗國小-室內,嘉義縣東石鄉,23.4363,120.1832,True,室內設施,嘉義,嘉義市,74,27.56,Low Risk,風險較低,35
龍崗國小-室外,嘉義縣東石鄉,23.4363,120.1832,True,室內設施,嘉義,嘉義市,74,27.56,Low Risk,風險較低,35
古楓社區活動中心,花蓮縣卓溪鄉,23.4363,121.332,True,室內設施,花蓮,花蓮市,35,66.06,Low Risk,風險較低,10
立山社區活動中心,花蓮縣卓溪鄉,23.4363,121.332,True,室內設施,花蓮,花蓮市,35,66.06,Low Risk,風險較低,10
深坑社區活動中心,嘉義縣中埔鄉,23.4383,120.5273,True,室內設施,嘉義,嘉義市,74,9.23,Low Risk,風險較低,25
塭仔村圓明寺,嘉義縣東石鄉,23.4384,120.175,True,室內設施,嘉義,嘉義市,74,28.34,Low Risk,風險較低,35
大埔國小永興分校-室外,嘉義縣番路鄉,23.4384,120.6072,True,室內設施,嘉義,嘉義市,74,16.78,Low Risk,風險較低,30
龍隱寺-室外,嘉義縣番路鄉,23.4384,120.6072,True,室內設施,嘉義,嘉義市,74,16.78,Low Risk,風險較低,30
崁前活動中心,嘉義縣朴子市,23.4389,120.2368,True,室內設施,嘉義,嘉義市,74,22.13,Low Risk,風險較低,35
頂埔社區活動中心,嘉義縣中埔鄉,23.439,120.5468,True,室內設施,嘉義,嘉義市,74,10.96,Low Risk,風險較低,30
崙山國小,花蓮縣卓溪鄉,23.4391,121.3443,True,室內設施,花蓮,花蓮市,35,65.26,Low Risk,風險較低,10
崙山社區活動中心,花蓮縣卓溪鄉,23.4393,121.3438,True,室內設施,花蓮,花蓮市,35,65.26,Low Risk,風險較低,10
和興社區活動中心,嘉義縣中埔鄉,23.4394,120.4516,True,室內設施,嘉義,嘉義市,74,4.53,Low Risk,風險較低,25
金蘭社區活動中心,嘉義縣中埔鄉,23.4401,120.5068,True,室內設施,嘉義,嘉義市,74,7.38,Low Risk,風險較低,25
永慶高中[室外],嘉義縣太保市,23.4402,120.3404,True,室內設施,嘉義,嘉義市,74,11.94,Low Risk,風險較低,30
公田社區活動中心,嘉義縣番路鄉,23.441,120.6382,True,室內設施,嘉義,嘉義市,74,19.77,Low Risk,風險較低,30
和睦社區活動中心,嘉義縣中埔鄉,23.4427,120.4742,True,室內設施,嘉義,嘉義市,74,4.88,Low Risk,風險較低,25
石?社區活動中心,嘉義縣中埔鄉,23.4428,120.4536,True,室內設施,嘉義,嘉義市,74,4.17,Low Risk,風險較低,25
嘉義市垃圾焚化廠,嘉義市西區,23.44316,120.44156,True,室內設施,嘉義,嘉義市,74,4.18,Low Risk,風險較低,25
大崙國小-室外,嘉義縣水上鄉,23.4434,120.3584,True,室內設施,嘉義,嘉義市,74,10.11,Low Risk,風險較低,30
義仁社區活動中心,嘉義縣中埔鄉,23.4443,120.529,True,室內設施,嘉義,嘉義市,74,9.07,Low Risk,風險較低,25
春珠社區活動中心,嘉義縣太保市,23.4446,120.3299,True,室內設施,嘉義,嘉義市,74,12.78,Low Risk,風險較低,30
三和公園活動中心,嘉義縣中埔鄉,23.4447,120.459,False,戶外設施,嘉義,嘉義市,74,4.06,Warning,最近測站 AQI 74 > 50 且為戶外設施,45
大有國小-室外,嘉義縣中埔鄉,23.4456,120.4958,True,室內設施,嘉義,嘉義市,74,6.12,Low Risk,風險較低,25
中山國小 室外,嘉義縣中埔鄉,23.4456,120.4958,True,室內設施,嘉義,嘉義市,74,6.12,Low Risk,風險較低,25
灣潭社區活動中心,嘉義縣中埔鄉,23.4457,120.4597,True,室內設施,嘉義,嘉義市,74,3.97,Low Risk,風險較低,25
逐鹿社區活動中心,嘉義縣番路鄉,23.448022,120.582035,True,室內設施,嘉義,嘉義市,74,14.02,Low Risk,風險較低,30
洲仔代天府,嘉義縣東石鄉,23.4513,120.1945,True,室內設施,嘉義,嘉義市,74,26.17,Low Risk,風險較低,35
頂六國小-室外,嘉義縣中埔鄉,23.4521,120.4632,True,室內設施,嘉義,嘉義市,74,3.43,Low Risk,風險較低,25
和睦國小綜合教室-室內,嘉義縣中埔鄉,23.452229,120.463166,True,室內設施,嘉義,嘉義市,74,3.42,Low Risk,風險較低,25
十字村活動中心,嘉義縣阿里山鄉,23.4531,120.7494,True,室內設施,嘉義,嘉義市,74,30.78,Low Risk,風險較低,35
達邦國小室內,嘉義縣阿里山鄉,23.453204,120.749376,True,室內設施,嘉義,嘉義市,74,30.77,Low Risk,風險較低,35
鴿溪寮活動中心,嘉義縣水上鄉,23.453319,120.413159,True,室內設施,嘉義,嘉義市,74,4.72,Low Risk,風險較低,25
興化?社區活動中心,嘉義縣中埔鄉,23.4537,120.4712,True,室內設施,嘉義,嘉義市,74,3.7,Low Risk,風險較低,25
大鄉國小[室外],嘉義縣朴子市,23.4539,120.2612,True,室內設施,嘉義,嘉義市,74,19.39,Low Risk,風險較低,30
民和社區活動中心,嘉義縣番路鄉,23.4539,120.5879,True,室內設施,嘉義,嘉義市,74,14.45,Low Risk,風險較低,30
北回國小-室外,嘉義縣水上鄉,23.4544,120.4098,True,室內設施,嘉義,嘉義市,74,4.92,Low Risk,風險較低,25
福濟宮,嘉義縣太保市,23.4548,120.3293,True,室內設施,嘉義,嘉義市,74,12.54,Low Risk,風險較低,30
太保國中[室外],嘉義縣太保市,23.454862,120.329264,True,室內設施,嘉義,嘉義市,74,12.54,Low Risk,風險較低,30
田尾社區活動中心,嘉義縣太保市,23.455,120.3316,True,室內設施,嘉義,嘉義市,74,12.31,Low Risk,風險較低,30
太保國小[室外],嘉義縣太保市,23.455,120.3316,True,室內設施,嘉義,嘉義市,74,12.31,Low Risk,風險較低,30
春日社區活動中心,花蓮縣玉里鎮,23.455,121.3967,True,室內設施,花蓮,花蓮市,35,61.63,Low Risk,風險較低,10
後潭社區發展協會,嘉義縣太保市,23.4553,120.3443,True,室內設施,嘉義,嘉義市,74,11.04,Low Risk,風險較低,30
奉天宮濟公廟,嘉義縣水上鄉,23.4555,120.4291,True,室內設施,嘉義,嘉義市,74,3.41,Low Risk,風險較低,25
慈玄宮,嘉義市東區,23.4555,120.4566,True,室內設施,嘉義,嘉義市,74,2.84,Low Risk,風險較低,25
祥和國小[室外],嘉義縣朴子市,23.4569,120.2871,True,室內設施,嘉義,嘉義市,74,16.72,Low Risk,風險較低,30
新福社區活動中心,嘉義縣番路鄉,23.4576,120.5304,True,室內設施,嘉義,嘉義市,74,8.66,Low Risk,風險較低,25
東石鄉老人文康中心,嘉義縣東石鄉,23.4582,120.1506,True,室內設施,嘉義,嘉義市,74,30.54,Low Risk,風險較低,35
大鄉活動中心,嘉義縣朴子市,23.4582,120.2622,True,室內設施,嘉義,嘉義市,74,19.22,Low Risk,風險較低,30
崙頂里集會所,嘉義縣太保市,23.4585,120.3111,True,室內設施,嘉義,嘉義市,74,14.28,Low Risk,風險較低,30
蘇厝活動中心,嘉義縣六腳鄉,23.458776,120.58654,True,室內設施,嘉義,嘉義市,74,14.22,Low Risk,風險較低,30
東石鄉公所,嘉義縣東石鄉,23.4589,120.1537,True,室內設施,嘉義,嘉義市,74,30.22,Low Risk,風險較低,35
安東國小[室內],嘉義縣太保市,23.4589,120.3098,True,室內設施,嘉義,嘉義市,74,14.4,Low Risk,風險較低,30
安東國小[室外],嘉義縣太保市,23.4589,120.3098,True,室內設施,嘉義,嘉義市,74,14.4,Low Risk,風險較低,30
興安國民小學,嘉義市東區,23.4597,120.4552,True,室內設施,嘉義,嘉義市,74,2.35,Low Risk,風險較低,25
舞鶴社區活動中心,花蓮縣瑞穗鄉,23.4602,121.3536,True,室內設施,花蓮,花蓮市,35,62.73,Low Risk,風險較低,10
安仁社區活動中心,嘉義縣太保市,23.4603,120.3332,True,室內設施,嘉義,嘉義市,74,12.02,Low Risk,風險較低,30
光路社區活動中心,嘉義市西區,23.46073,120.44009,True,室內設施,嘉義,嘉義市,74,2.34,Low Risk,風險較低,25
大同國小[室外],嘉義縣朴子市,23.4609,120.2406,True,室內設施,嘉義,嘉義市,74,21.37,Low Risk,風險較低,35
東石國小-室外,嘉義縣東石鄉,23.461,120.1543,True,室內設施,嘉義,嘉義市,74,30.14,Low Risk,風險較低,35
東石國小-室內,嘉義縣東石鄉,23.461,120.1543,True,室內設施,嘉義,嘉義市,74,30.14,Low Risk,風險較低,35
朴子國中[室外],嘉義縣朴子市,23.4611,120.2389,True,室內設施,嘉義,嘉義市,74,21.54,Low Risk,風險較低,35
靜浦國小大禮堂,花蓮縣豐濱鄉,23.4615,121.4954,True,室內設施,花蓮,花蓮市,35,58.25,Low Risk,風險較低,10
東榮國中-室內,嘉義縣東石鄉,23.4619,120.1727,True,室內設施,嘉義,嘉義市,74,28.26,Low Risk,風險較低,35
東榮國中-室外,嘉義縣東石鄉,23.4619,120.1727,True,室內設施,嘉義,嘉義市,74,28.26,Low Risk,風險較低,35
半天岩紫雲寺-室內,嘉義縣番路鄉,23.4622,120.5953,True,室內設施,嘉義,嘉義市,74,15.04,Low Risk,風險較低,30
內甕社區活動中心,嘉義縣番路鄉,23.4625,120.5234,True,室內設施,嘉義,嘉義市,74,7.83,Low Risk,風險較低,25
內甕國小-室外,嘉義縣番路鄉,23.4631,120.5228,True,室內設施,嘉義,嘉義市,74,7.75,Low Risk,風險較低,25
港墘國小-室內,嘉義縣東石鄉,23.4638,120.2138,True,室內設施,嘉義,嘉義市,74,24.07,Low Risk,風險較低,35
港墘國小-室外,嘉義縣東石鄉,23.4638,120.2138,True,室內設施,嘉義,嘉義市,74,24.07,Low Risk,風險較低,35
民和國小-室外,嘉義縣番路鄉,23.464,120.5531,True,室內設施,嘉義,嘉義市,74,10.76,Low Risk,風險較低,30
民和國民小學-室內,嘉義縣番路鄉,23.46411,120.553073,True,室內設施,嘉義,嘉義市,74,10.75,Low Risk,風險較低,30
嘉義市西區區公所,嘉義市西區,23.4645,120.43538,True,室內設施,嘉義,嘉義市,74,2.23,Low Risk,風險較低,25
老人文康中心,嘉義縣番路鄉,23.4646,120.554,True,室內設施,嘉義,嘉義市,74,10.84,Low Risk,風險較低,30
番路社區活動中心,嘉義縣番路鄉,23.4648,120.5675,True,室內設施,嘉義,嘉義市,74,12.2,Low Risk,風險較低,30
民和國中-室外,嘉義縣番路鄉,23.465,120.555,True,室內設施,嘉義,嘉義市,74,10.93,Low Risk,風險較低,30
朴子市公所,嘉義縣朴子市,23.4651,120.247,True,室內設施,嘉義,嘉義市,74,20.68,Low Risk,風險較低,35
興嘉國民小學,嘉義市西區,23.46525,120.43795,True,室內設施,嘉義,嘉義市,74,2.0,Low Risk,風險較低,25
東勢社區活動中心,嘉義縣太保市,23.4658,120.3038,True,室內設施,嘉義,嘉義市,74,14.9,Low Risk,風險較低,30
朴子國小[室外],嘉義縣朴子市,23.4666,120.2479,True,室內設施,嘉義,嘉義市,74,20.58,Low Risk,風險較低,35
德武里原住民多功能活動中心,花蓮縣玉里鎮,23.4669,121.4074,True,室內設施,花蓮,花蓮市,35,60.01,Low Risk,風險較低,10
南興國民中學,嘉義市東區,23.4672,120.4619,True,室內設施,嘉義,嘉義市,74,1.94,Low Risk,風險較低,25
桃源國小[室內],嘉義縣竹崎鄉,23.4674,120.6656,True,室內設施,嘉義,嘉義市,74,22.13,Low Risk,風險較低,35
桃源國小[戶外],嘉義縣竹崎鄉,23.4674,120.6656,True,室內設施,嘉義,嘉義市,74,22.13,Low Risk,風險較低,35
東石國中[室外],嘉義縣朴子市,23.4677,120.2504,True,室內設施,嘉義,嘉義市,74,20.31,Low Risk,風險較低,35
玉山國民中學,嘉義市西區,23.46814,120.42559,True,室內設施,嘉義,嘉義市,74,2.74,Low Risk,風險較低,25
阿里山聯合社區活動中心,嘉義縣阿里山鄉,23.4685,120.7014,True,室內設施,嘉義,嘉義市,74,25.76,Low Risk,風險較低,35
阿里山國民中小學室內,嘉義縣阿里山鄉,23.469062,120.701425,True,室內設施,嘉義,嘉義市,74,25.76,Low Risk,風險較低,35
朴子配天宮,嘉義縣朴子市,23.4694,120.2466,True,室內設施,嘉義,嘉義市,74,20.69,Low Risk,風險較低,35
嘉南社區活動中心,嘉義市東區,23.4697,120.4564,True,室內設施,嘉義,嘉義市,74,1.38,Low Risk,風險較低,25
宣信國民小學,嘉義市東區,23.4707,120.4587,True,室內設施,嘉義,嘉義市,74,1.43,Low Risk,風險較低,25
三家福靈宮,嘉義縣東石鄉,23.4709,120.1725,True,室內設施,嘉義,嘉義市,74,28.23,Low Risk,風險較低,35
三江國小-室內,嘉義縣東石鄉,23.4713,120.1744,True,室內設施,嘉義,嘉義市,74,28.03,Low Risk,風險較低,35
三江國小-室外,嘉義縣東石鄉,23.4713,120.1744,True,室內設施,嘉義,嘉義市,74,28.03,Low Risk,風險較低,35
塭港國小-室內,嘉義縣東石鄉,23.4717,120.1459,True,室內設施,嘉義,嘉義市,74,30.94,Low Risk,風險較低,35
塭港國小-室外,嘉義縣東石鄉,23.4717,120.1459,True,室內設施,嘉義,嘉義市,74,30.94,Low Risk,風險較低,35
鄉屬災變庇護所,嘉義縣阿里山鄉,23.471777,120.713709,True,室內設施,嘉義,嘉義市,74,27.0,Low Risk,風險較低,35
港坪社區活動中心,嘉義市西區,23.47179,120.41697,True,室內設施,嘉義,嘉義市,74,3.4,Low Risk,風險較低,25
大同國民小學,嘉義市西區,23.47214,120.44563,True,室內設施,嘉義,嘉義市,74,0.95,Low Risk,風險較低,25
志航國民小學,嘉義市西區,23.47228,120.43871,True,室內設施,嘉義,嘉義市,74,1.37,Low Risk,風險較低,25
垂楊國民小學,嘉義市西區,23.4723,120.4,True,室內設施,嘉義,嘉義市,74,5.08,Low Risk,風險較低,25
興南里集會所,嘉義市東區,23.4723,120.4547,True,室內設施,嘉義,嘉義市,74,1.04,Low Risk,風險較低,25
義仁國小[室內],嘉義縣竹崎鄉,23.4726,120.6703,True,室內設施,嘉義,嘉義市,74,22.58,Low Risk,風險較低,35
義仁國小[戶外],嘉義縣竹崎鄉,23.4726,120.6703,True,室內設施,嘉義,嘉義市,74,22.58,Low Risk,風險較低,35
鹿滿國小[戶外],嘉義縣竹崎鄉,23.4726,120.6703,True,室內設施,嘉義,嘉義市,74,22.58,Low Risk,風險較低,35
育人國民小學,嘉義市西區,23.47272,120.416728,True,室內設施,嘉義,嘉義市,74,3.4,Low Risk,風險較低,25
崇文國民小學,嘉義市東區,23.4735,120.4528,True,室內設施,嘉義,嘉義市,74,0.83,Low Risk,風險較低,25
龍山國小[室內],嘉義縣竹崎鄉,23.4735,120.586,True,室內設施,嘉義,嘉義市,74,13.98,Low Risk,風險較低,30
龍山國小[戶外],嘉義縣竹崎鄉,23.4735,120.586,True,室內設施,嘉義,嘉義市,74,13.98,Low Risk,風險較低,30
何庄社區活動中心,嘉義市西區,23.47354,120.4068,True,室內設施,嘉義,嘉義市,74,4.38,Low Risk,風險較低,25
賓朗村活動中心,臺東縣卑南鄉,23.47397,121.027413,True,室內設施,嘉義,嘉義市,74,58.99,Low Risk,風險較低,35
永和里集會所,嘉義市西區,23.47406,120.44037,True,室內設施,嘉義,嘉義市,74,1.12,Low Risk,風險較低,25
港尾社區活動中心,嘉義縣太保市,23.4745,120.3747,True,室內設施,嘉義,嘉義市,74,7.61,Low Risk,風險較低,25
港口活動中心,花蓮縣豐濱鄉,23.4745,121.5043,False,戶外設施,花蓮,花蓮市,35,56.66,Low Risk,風險較低,30
大湖國小-室內,嘉義縣番路鄉,23.475,120.6204,True,室內設施,嘉義,嘉義市,74,17.48,Low Risk,風險較低,30
大湖國小-室外,嘉義縣番路鄉,23.475,120.6204,True,室內設施,嘉義,嘉義市,74,17.48,Low Risk,風險較低,30
蘭潭國民小學,嘉義市東區,23.4753,120.4715,True,室內設施,嘉義,嘉義市,74,2.35,Low Risk,風險較低,25
內埔國小[室內],嘉義縣竹崎鄉,23.4756,120.5646,True,室內設施,嘉義,嘉義市,74,11.79,Low Risk,風險較低,30
內埔國小[戶外],嘉義縣竹崎鄉,23.4756,120.5646,True,室內設施,嘉義,嘉義市,74,11.79,Low Risk,風險較低,30
民族國民小學,嘉義市東區,23.476,120.4552,True,室內設施,嘉義,嘉義市,74,0.77,Low Risk,風險較低,25
大業國民中學,嘉義市東區,23.476,120.4552,True,室內設施,嘉義,嘉義市,74,0.77,Low Risk,風險較低,25
江西社區活動中心,嘉義縣番路鄉,23.4764,120.5275,True,室內設施,嘉義,嘉義市,74,8.01,Low Risk,風險較低,25
港坪運動公園,嘉義市西區,23.476678,120.422306,False,戶外設施,嘉義,嘉義市,74,2.76,Warning,最近測站 AQI 74 > 50 且為戶外設施,45
白杞社區活動中心,嘉義縣竹崎鄉,23.4774,120.6976,True,室內設施,嘉義,嘉義市,74,25.35,Low Risk,風險較低,35
東區區公所,嘉義市東區,23.4787,120.4534,True,室內設施,嘉義,嘉義市,74,0.47,Low Risk,風險較低,25
嘉義市立棒球場,嘉義市東區,23.4787,120.4534,False,戶外設施,嘉義,嘉義市,74,0.47,Warning,最近測站 AQI 74 > 50 且為戶外設施,45
港坪國民小學,嘉義市西區,23.47935,120.424545,True,室內設施,嘉義,嘉義市,74,2.51,Low Risk,風險較低,25
蘭潭國民中學,嘉義市東區,23.4822,120.4814,True,室內設施,嘉義,嘉義市,74,3.3,Low Risk,風險較低,25
大湖社區活動中心,嘉義縣番路鄉,23.4824,120.6236,True,室內設施,嘉義,嘉義市,74,17.8,Low Risk,風險較低,30
更寮國小-室外,嘉義縣六腳鄉,23.482948,120.239859,True,室內設施,嘉義,嘉義市,74,21.34,Low Risk,風險較低,35
雙溪國小[室外],嘉義縣朴子市,23.4841,120.2778,True,室內設施,嘉義,嘉義市,74,17.48,Low Risk,風險較低,30
文雅國民小學,嘉義市東區,23.4841,120.4873,True,室內設施,嘉義,嘉義市,74,3.92,Low Risk,風險較低,25
僑平國民小學,嘉義市西區,23.48415,120.43241,True,室內設施,嘉義,嘉義市,74,1.76,Low Risk,風險較低,25
雙溪口活動中心,嘉義縣朴子市,23.4844,120.2741,True,室內設施,嘉義,嘉義市,74,17.85,Low Risk,風險較低,30
龍港國小-室外,嘉義縣東石鄉,23.4846,120.177,True,室內設施,嘉義,嘉義市,74,27.75,Low Risk,風險較低,35
新埤國小[室外],嘉義縣太保市,23.4851,120.3347,True,室內設施,嘉義,嘉義市,74,11.68,Low Risk,風險較低,30
圓崇國小[室內],嘉義縣竹崎鄉,23.4853,120.5578,True,室內設施,嘉義,嘉義市,74,11.1,Low Risk,風險較低,30
圓崇國小[戶外],嘉義縣竹崎鄉,23.4853,120.5578,True,室內設施,嘉義,嘉義市,74,11.1,Low Risk,風險較低,30
老人文康中心,嘉義縣太保市,23.4859,120.3348,True,室內設施,嘉義,嘉義市,74,11.67,Low Risk,風險較低,30
王田里集會所,嘉義市東區,23.4867,120.4679,True,室內設施,嘉義,嘉義市,74,2.05,Low Risk,風險較低,25
復金社區活動中心,嘉義縣竹崎鄉,23.4867,120.5152,True,室內設施,嘉義,嘉義市,74,6.78,Low Risk,風險較低,25
龍山社區活動中心,嘉義縣竹崎鄉,23.4867,120.5152,True,室內設施,嘉義,嘉義市,74,6.78,Low Risk,風險較低,25
光華國小[室內],嘉義縣竹崎鄉,23.4869,120.5759,True,室內設施,嘉義,嘉義市,74,12.95,Low Risk,風險較低,30
光華國小[戶外],嘉義縣竹崎鄉,23.4869,120.5759,True,室內設施,嘉義,嘉義市,74,12.95,Low Risk,風險較低,30
嘉義國民中學,嘉義市東區,23.487,120.4647,True,室內設施,嘉義,嘉義市,74,1.77,Low Risk,風險較低,25
埤鄉社區活動中心,嘉義縣太保市,23.4873,120.3872,True,室內設施,嘉義,嘉義市,74,6.36,Low Risk,風險較低,25
下楫國小-室內,嘉義縣東石鄉,23.4875,120.1965,True,室內設施,嘉義,嘉義市,74,25.77,Low Risk,風險較低,35
下楫國小-室外,嘉義縣東石鄉,23.4875,120.1965,True,室內設施,嘉義,嘉義市,74,25.77,Low Risk,風險較低,35
世賢國民小學,嘉義市西區,23.4893,120.42788,True,室內設施,嘉義,嘉義市,74,2.39,Low Risk,風險較低,25
林森國民小學,嘉義市東區,23.4895,120.4666,True,室內設施,嘉義,嘉義市,74,2.07,Low Risk,風險較低,25
北興國民中學,嘉義市東區,23.4906,120.4532,True,室內設施,嘉義,嘉義市,74,1.24,Low Risk,風險較低,25
鹿滿社區活動中心,嘉義縣竹崎鄉,23.4907,120.5067,True,室內設施,嘉義,嘉義市,74,5.99,Low Risk,風險較低,25
瑞穗青蓮寺,花蓮縣瑞穗鄉,23.4909,121.3904,True,室內設施,花蓮,花蓮市,35,58.12,Low Risk,風險較低,10
新厝社區活動中心,嘉義市西區,23.490995,120.440796,True,室內設施,嘉義,嘉義市,74,1.48,Low Risk,風險較低,25
花蓮縣鶴岡國民小學,花蓮縣瑞穗鄉,23.4913,121.39,True,室內設施,花蓮,花蓮市,35,58.1,Low Risk,風險較低,10
博愛國民小學,嘉義市西區,23.49159,120.44401,True,室內設施,嘉義,嘉義市,74,1.38,Low Risk,風險較低,25
精忠社區活動中心,嘉義市東區,23.4916,120.4768,True,室內設施,嘉義,嘉義市,74,3.1,Low Risk,風險較低,25
豐山國小室內,嘉義縣阿里山鄉,23.4924,120.754,True,室內設施,嘉義,嘉義市,74,31.12,Low Risk,風險較低,35
瑞良社區活動中心,花蓮縣瑞穗鄉,23.4924,121.394,True,室內設施,花蓮,花蓮市,35,57.83,Low Risk,風險較低,10
下埤社區活動中心,嘉義市西區,23.49248,120.41256,True,室內設施,嘉義,嘉義市,74,3.97,Low Risk,風險較低,25
十字國小室內,嘉義縣阿里山鄉,23.492485,120.75402,True,室內設施,嘉義,嘉義市,74,31.13,Low Risk,風險較低,35
蒜頭國小-室外,嘉義縣六腳鄉,23.493083,120.291893,True,室內設施,嘉義,嘉義市,74,16.1,Low Risk,風險較低,30
花蓮縣瑞穗鄉瑞美國民小學,花蓮縣瑞穗鄉,23.4931,121.3916,True,室內設施,花蓮,花蓮市,35,57.85,Low Risk,風險較低,10
嘉北國民小學,嘉義市東區,23.4935,120.4551,True,室內設施,嘉義,嘉義市,74,1.61,Low Risk,風險較低,25
瑞美社區活動中心,花蓮縣瑞穗鄉,23.4937,121.3912,True,室內設施,花蓮,花蓮市,35,57.81,Low Risk,風險較低,10
蒜頭國小活動中心-室內,嘉義縣六腳鄉,23.494022,120.292893,True,室內設施,嘉義,嘉義市,74,16.01,Low Risk,風險較低,30
蒜頭活動中心,嘉義縣六腳鄉,23.494055,120.290764,True,室內設施,嘉義,嘉義市,74,16.22,Low Risk,風險較低,30
奇美社區活動中心,花蓮縣瑞穗鄉,23.4942,121.4467,True,室內設施,花蓮,花蓮市,35,55.89,Low Risk,風險較低,10
北園國民小學,嘉義市西區,23.49452,120.42565,True,室內設施,嘉義,嘉義市,74,2.88,Low Risk,風險較低,25
金獅社區活動中心,嘉義縣竹崎鄉,23.4946,120.5413,True,室內設施,嘉義,嘉義市,74,9.54,Low Risk,風險較低,25
港口宮,嘉義縣東石鄉,23.4949,120.1864,False,戶外設施,嘉義,嘉義市,74,26.84,Warning,最近測站 AQI 74 > 50 且為戶外設施,55
北園國民中學,嘉義市西區,23.49517,120.42663,True,室內設施,嘉義,嘉義市,74,2.84,Low Risk,風險較低,25
六腳鄉老人文康中心,嘉義縣六腳鄉,23.4952,120.2931,True,室內設施,嘉義,嘉義市,74,16.0,Low Risk,風險較低,30
春梅社區活動中心,嘉義縣太保市,23.4952,120.3867,True,室內設施,嘉義,嘉義市,74,6.58,Low Risk,風險較低,25
太保國小[室內],嘉義縣太保市,23.4952,120.3867,True,室內設施,嘉義,嘉義市,74,6.58,Low Risk,風險較低,25
紅葉社區活動中心,花蓮縣萬榮鄉,23.4954,121.3446,True,室內設施,花蓮,花蓮市,35,59.57,Low Risk,風險較低,10
南新國小[室內],嘉義縣太保市,23.497,120.3845,True,室內設施,嘉義,嘉義市,74,6.85,Low Risk,風險較低,25
南新國小[室外],嘉義縣太保市,23.497,120.3845,True,室內設施,嘉義,嘉義市,74,6.85,Low Risk,風險較低,25
花蓮縣立瑞穗國民中學,花蓮縣瑞穗鄉,23.4982,121.3759,True,室內設施,花蓮,花蓮市,35,57.95,Low Risk,風險較低,10
中和國小[室內],嘉義縣竹崎鄉,23.4988,120.5344,True,室內設施,嘉義,嘉義市,74,8.94,Low Risk,風險較低,25
中和國小[戶外],嘉義縣竹崎鄉,23.4988,120.5344,True,室內設施,嘉義,嘉義市,74,8.94,Low Risk,風險較低,25
沙坑國小[戶外],嘉義縣竹崎鄉,23.4988,120.5344,True,室內設施,嘉義,嘉義市,74,8.94,Low Risk,風險較低,25
頂庄社區活動中心,嘉義市東區,23.4991,120.4577,True,室內設施,嘉義,嘉義市,74,2.29,Low Risk,風險較低,25
水牛厝社區活動中心,嘉義縣太保市,23.4992,120.3857,True,室內設施,嘉義,嘉義市,74,6.81,Low Risk,風險較低,25
過溝社區活動中心,嘉義縣太保市,23.4996,120.3599,True,室內設施,嘉義,嘉義市,74,9.35,Low Risk,風險較低,25
瑞祥社區活動中心,花蓮縣瑞穗鄉,23.4998,121.3588,True,室內設施,花蓮,花蓮市,35,58.5,Low Risk,風險較低,10
瑞穗社區活動中心,花蓮縣瑞穗鄉,23.4998,121.3787,True,室內設施,花蓮,花蓮市,35,57.67,Low Risk,風險較低,10
灣內國小-室外,嘉義縣六腳鄉,23.499803,120.312561,True,室內設施,嘉義,嘉義市,74,14.1,Low Risk,風險較低,30
麻寮古恩宮集會所,嘉義縣太保市,23.4999,120.3682,True,室內設施,嘉義,嘉義市,74,8.54,Low Risk,風險較低,25
嘉新國中[室外],嘉義縣太保市,23.500064,120.378286,True,室內設施,嘉義,嘉義市,74,7.56,Low Risk,風險較低,25
後湖社區活動中心,嘉義市東區,23.5011,120.4537,True,室內設施,嘉義,嘉義市,74,2.38,Low Risk,風險較低,25
鹿滿國小[室內],嘉義縣竹崎鄉,23.5015,120.6983,True,室內設施,嘉義,嘉義市,74,25.52,Low Risk,風險較低,35
六嘉國中禮堂-室內,嘉義縣六腳鄉,23.501676,120.292165,True,室內設施,嘉義,嘉義市,74,16.18,Low Risk,風險較低,30
六嘉國中-室外,嘉義縣六腳鄉,23.501676,120.292165,True,室內設施,嘉義,嘉義市,74,16.18,Low Risk,風險較低,30
竹崎國小[戶外],嘉義縣竹崎鄉,23.5023,120.5631,True,室內設施,嘉義,嘉義市,74,11.88,Low Risk,風險較低,30
中華社區活動中心,嘉義縣竹崎鄉,23.503,120.5356,True,室內設施,嘉義,嘉義市,74,9.18,Low Risk,風險較低,25
竹崎高中[戶外],嘉義縣竹崎鄉,23.5033,120.5129,True,室內設施,嘉義,嘉義市,74,7.0,Low Risk,風險較低,25
豐裡活動中心,花蓮縣壽豐鄉,23.5034,121.3021,True,室內設施,花蓮,花蓮市,35,60.84,Low Risk,風險較低,10
竹崎國小[室內],嘉義縣竹崎鄉,23.505,120.6951,True,室內設施,嘉義,嘉義市,74,25.24,Low Risk,風險較低,35
昇平國中[室內],嘉義縣竹崎鄉,23.5069,120.499,True,室內設施,嘉義,嘉義市,74,5.9,Low Risk,風險較低,25
昇平國中[戶外],嘉義縣竹崎鄉,23.5069,120.499,True,室內設施,嘉義,嘉義市,74,5.9,Low Risk,風險較低,25
大崎村辦公處暨社區活動中心,嘉義縣民雄鄉,23.5076,120.465,True,室內設施,嘉義,嘉義市,74,3.46,Low Risk,風險較低,25
荖藤社區活動中心,嘉義市東區,23.5086,120.4449,True,室內設施,嘉義,嘉義市,74,3.2,Low Risk,風險較低,25
六腳國小-室內,嘉義縣六腳鄉,23.509078,120.251814,True,室內設施,嘉義,嘉義市,74,20.37,Low Risk,風險較低,35
六腳國小-室外,嘉義縣六腳鄉,23.509078,120.251814,True,室內設施,嘉義,嘉義市,74,20.37,Low Risk,風險較低,35
福興村廣興宮室內,嘉義縣民雄鄉,23.5097,120.4259,True,室內設施,嘉義,嘉義市,74,4.05,Low Risk,風險較低,25
福興村廣興宮室外,嘉義縣民雄鄉,23.5097,120.4259,True,室內設施,嘉義,嘉義市,74,4.05,Low Risk,風險較低,25
鶴岡社區活動中心,花蓮縣瑞穗鄉,23.5097,121.3911,True,室內設施,花蓮,花蓮市,35,56.16,Low Risk,風險較低,10
福興社區活動中心,嘉義縣民雄鄉,23.5098,120.4278,True,室內設施,嘉義,嘉義市,74,3.95,Low Risk,風險較低,25
水仙宮室內,嘉義縣新港鄉,23.51,120.3363,True,室內設施,嘉義,嘉義市,74,11.97,Low Risk,風險較低,30
大崎國小-室外,嘉義縣民雄鄉,23.5117,120.4722,True,室內設施,嘉義,嘉義市,74,4.23,Low Risk,風險較低,25
大崎國小-室內,嘉義縣民雄鄉,23.5117,120.4722,True,室內設施,嘉義,嘉義市,74,4.23,Low Risk,風險較低,25
秀林村辦公處暨社區活動中心,嘉義縣民雄鄉,23.5139,120.4778,True,室內設施,嘉義,嘉義市,74,4.76,Low Risk,風險較低,25
蔦松國小,雲林縣水林鄉,23.514,120.2297,True,室內設施,嘉義,嘉義市,74,22.69,Low Risk,風險較低,35
金興村辦公處暨社區活動中心,嘉義縣民雄鄉,23.5142,120.4372,True,室內設施,嘉義,嘉義市,74,3.98,Low Risk,風險較低,25
中興國小,雲林縣水林鄉,23.5145,120.2101,True,室內設施,嘉義,嘉義市,74,24.67,Low Risk,風險較低,35
安和國小室內,嘉義縣新港鄉,23.5147,120.3129,True,室內設施,嘉義,嘉義市,74,14.41,Low Risk,風險較低,30
安和國小室外,嘉義縣新港鄉,23.5147,120.3129,True,室內設施,嘉義,嘉義市,74,14.41,Low Risk,風險較低,30
中興國小[室內],嘉義縣竹崎鄉,23.5149,120.6063,True,室內設施,嘉義,嘉義市,74,16.49,Low Risk,風險較低,30
中興國小[戶外],嘉義縣竹崎鄉,23.5149,120.6063,True,室內設施,嘉義,嘉義市,74,16.49,Low Risk,風險較低,30
大吉國中-室外,嘉義縣民雄鄉,23.5155,120.4874,True,室內設施,嘉義,嘉義市,74,5.55,Low Risk,風險較低,25
大吉國中-室內,嘉義縣民雄鄉,23.5155,120.4874,True,室內設施,嘉義,嘉義市,74,5.55,Low Risk,風險較低,25
紫雲社區活動中心,嘉義縣竹崎鄉,23.5158,120.5731,True,室內設施,嘉義,嘉義市,74,13.25,Low Risk,風險較低,30
香林國小室內,嘉義縣阿里山鄉,23.516493,120.808613,True,室內設施,嘉義,嘉義市,74,36.88,Low Risk,風險較低,35
竹崎老人文康中心,嘉義縣竹崎鄉,23.5184,120.5918,True,室內設施,嘉義,嘉義市,74,15.16,Low Risk,風險較低,30
山中村辦公處暨社區活動中心,嘉義縣民雄鄉,23.5194,120.4056,True,室內設施,嘉義,嘉義市,74,6.23,Low Risk,風險較低,25
月眉國小室內,嘉義縣新港鄉,23.5202,120.3517,True,室內設施,嘉義,嘉義市,74,10.89,Low Risk,風險較低,30
月眉國小室外,嘉義縣新港鄉,23.5202,120.3517,True,室內設施,嘉義,嘉義市,74,10.89,Low Risk,風險較低,30
義和社區活動中心,嘉義縣竹崎鄉,23.5213,120.5532,True,室內設施,嘉義,嘉義市,74,11.56,Low Risk,風險較低,30
義隆社區活動中心,嘉義縣竹崎鄉,23.5213,120.5532,True,室內設施,嘉義,嘉義市,74,11.56,Low Risk,風險較低,30
坑頭村活動中心,嘉義縣竹崎鄉,23.5214,120.5544,True,室內設施,嘉義,嘉義市,74,11.68,Low Risk,風險較低,30
光華社區活動中心,嘉義縣竹崎鄉,23.5214,120.5544,True,室內設施,嘉義,嘉義市,74,11.68,Low Risk,風險較低,30
嘉義縣竹崎鄉昇平村收容所暨防災物資整備所,嘉義縣竹崎鄉,23.5214,120.5544,True,室內設施,嘉義,嘉義市,74,11.68,Low Risk,風險較低,30
蔦松國中,雲林縣水林鄉,23.5217,120.2304,True,室內設施,嘉義,嘉義市,74,22.78,Low Risk,風險較低,35
興南村集會所,嘉義縣民雄鄉,23.5228,120.438,True,室內設施,嘉義,嘉義市,74,4.88,Low Risk,風險較低,25
景陽宮,雲林縣水林鄉,23.5235,120.2364,True,室內設施,嘉義,嘉義市,74,22.22,Low Risk,風險較低,35
灣橋社區活動中心,嘉義縣竹崎鄉,23.5242,120.5064,True,室內設施,嘉義,嘉義市,74,7.63,Low Risk,風險較低,25
水井活動中心,雲林縣口湖鄉,23.524732,120.179136,True,室內設施,嘉義,嘉義市,74,27.97,Low Risk,風險較低,35
福樂村辦公處暨社區活動中心,嘉義縣民雄鄉,23.5263,120.4487,True,室內設施,嘉義,嘉義市,74,5.14,Low Risk,風險較低,25
興中國小-室外,嘉義縣民雄鄉,23.5266,120.42,True,室內設施,嘉義,嘉義市,74,5.96,Low Risk,風險較低,25
興中國小-室內,嘉義縣民雄鄉,23.5266,120.42,True,室內設施,嘉義,嘉義市,74,5.96,Low Risk,風險較低,25
瑞北社區活動中心,花蓮縣瑞穗鄉,23.5267,121.3765,True,室內設施,花蓮,花蓮市,35,55.03,Low Risk,風險較低,10
興中村辦公處暨社區活動中心,嘉義縣民雄鄉,23.5273,120.4206,True,室內設施,嘉義,嘉義市,74,6.0,Low Risk,風險較低,25
竹崎高中[室內],嘉義縣竹崎鄉,23.5281,120.5694,True,室內設施,嘉義,嘉義市,74,13.38,Low Risk,風險較低,30
福樂國小教室,嘉義縣民雄鄉,23.528949,120.452072,True,室內設施,嘉義,嘉義市,74,5.44,Low Risk,風險較低,25
福樂國小操場,嘉義縣民雄鄉,23.528949,120.452072,False,戶外設施,嘉義,嘉義市,74,5.44,Warning,最近測站 AQI 74 > 50 且為戶外設施,45
沙坑社區活動中心,嘉義縣竹崎鄉,23.5293,120.5196,True,室內設施,嘉義,嘉義市,74,9.03,Low Risk,風險較低,25
樂野村社區活動中心,嘉義縣阿里山鄉,23.5296,120.74,True,室內設施,嘉義,嘉義市,74,30.17,Low Risk,風險較低,35
來吉國小室內,嘉義縣阿里山鄉,23.529713,120.740007,True,室內設施,嘉義,嘉義市,74,30.17,Low Risk,風險較低,35
獅埜社區活動中心,嘉義縣竹崎鄉,23.5303,120.5206,True,室內設施,嘉義,嘉義市,74,9.18,Low Risk,風險較低,25
文光國小湖口分校,雲林縣口湖鄉,23.530488,120.164704,True,室內設施,嘉義,嘉義市,74,29.54,Low Risk,風險較低,35
北斗村辦公處暨社區活動中心,嘉義縣民雄鄉,23.5333,120.4564,True,室內設施,嘉義,嘉義市,74,5.96,Low Risk,風險較低,25
秀林國小風雨教室、操場,嘉義縣民雄鄉,23.5341,120.4571,False,戶外設施,嘉義,嘉義市,74,6.06,Warning,最近測站 AQI 74 > 50 且為戶外設施,45
?福村辦公處暨社區活動中心,嘉義縣民雄鄉,23.5344,120.4424,True,室內設施,嘉義,嘉義市,74,6.08,Low Risk,風險較低,25
中央村辦公處暨社區活動中心,嘉義縣民雄鄉,23.5357,120.4051,True,室內設施,嘉義,嘉義市,74,7.64,Low Risk,風險較低,25
後厝社區活動中心,雲林縣口湖鄉,23.536117,120.195009,True,室內設施,嘉義,嘉義市,74,26.65,Low Risk,風險較低,35
文隆村辦公處暨社區活動中心,嘉義縣民雄鄉,23.5374,120.4201,True,室內設施,嘉義,嘉義市,74,7.02,Low Risk,風險較低,25
和安國小,雲林縣水林鄉,23.5379,120.2654,True,室內設施,嘉義,嘉義市,74,19.8,Low Risk,風險較低,30
文正國小,雲林縣水林鄉,23.5392,120.2248,True,室內設施,嘉義,嘉義市,74,23.8,Low Risk,風險較低,35
瑞里社區活動中心,嘉義縣梅山鄉,23.5393,120.6742,True,室內設施,嘉義,嘉義市,74,23.88,Low Risk,風險較低,35
瑞里國小[室外],嘉義縣梅山鄉,23.54,120.665,True,室內設施,嘉義,嘉義市,74,23.0,Low Risk,風險較低,35
松山村辦公處暨社區活動中心,嘉義縣民雄鄉,23.5401,120.4761,True,室內設施,嘉義,嘉義市,74,7.22,Low Risk,風險較低,25
六美國小-室外,嘉義縣六腳鄉,23.540259,120.293455,True,室內設施,嘉義,嘉義市,74,17.22,Low Risk,風險較低,30
松山國小-室外,嘉義縣民雄鄉,23.5403,120.4751,True,室內設施,嘉義,嘉義市,74,7.2,Low Risk,風險較低,25
松山國小3樓多功能教室有電梯,嘉義縣民雄鄉,23.5403,120.4751,True,室內設施,嘉義,嘉義市,74,7.2,Low Risk,風險較低,25
太興社區活動中心,嘉義縣梅山鄉,23.5415,120.6345,True,室內設施,嘉義,嘉義市,74,20.1,Low Risk,風險較低,35
文光國小,雲林縣口湖鄉,23.54171,120.189714,True,室內設施,嘉義,嘉義市,74,27.32,Low Risk,風險較低,35
太興國小[室外],嘉義縣梅山鄉,23.5423,120.6216,True,室內設施,嘉義,嘉義市,74,18.9,Low Risk,風險較低,30
六美國小-室內,嘉義縣六腳鄉,23.5431,120.2867,True,室內設施,嘉義,嘉義市,74,17.98,Low Risk,風險較低,30
西昌村辦公處暨社區活動中心,嘉義縣民雄鄉,23.544,120.3831,True,室內設施,嘉義,嘉義市,74,9.79,Low Risk,風險較低,25
梧南社區活動中心,雲林縣口湖鄉,23.544428,120.190082,True,室內設施,嘉義,嘉義市,74,27.36,Low Risk,風險較低,35
平和村辦公處暨社區活動中心,嘉義縣民雄鄉,23.5451,120.3933,True,室內設施,嘉義,嘉義市,74,9.2,Low Risk,風險較低,25
宜梧國中,雲林縣口湖鄉,23.545737,120.189073,True,室內設施,嘉義,嘉義市,74,27.5,Low Risk,風險較低,35
梧北社區活動中心,雲林縣口湖鄉,23.548496,120.19025,True,室內設施,嘉義,嘉義市,74,27.47,Low Risk,風險較低,35
中和村辦公處暨社區活動中心,嘉義縣民雄鄉,23.5493,120.4129,True,室內設施,嘉義,嘉義市,74,8.53,Low Risk,風險較低,25
東湖村辦公處暨社區活動中心,嘉義縣民雄鄉,23.5503,120.4406,True,室內設施,嘉義,嘉義市,74,7.85,Low Risk,風險較低,25
安靖國小[室外],嘉義縣梅山鄉,23.5527,120.5781,True,室內設施,嘉義,嘉義市,74,15.43,Low Risk,風險較低,30
文昌國小室內,嘉義縣新港鄉,23.5537,120.3505,True,室內設施,嘉義,嘉義市,74,12.96,Low Risk,風險較低,30
文昌國小室外,嘉義縣新港鄉,23.5537,120.3505,True,室內設施,嘉義,嘉義市,74,12.96,Low Risk,風險較低,30
東光基督長老教會,南投縣信義鄉,23.554004,120.927346,True,室內設施,南投,南投市,55,46.67,Low Risk,風險較低,35
民雄國小-室外,嘉義縣民雄鄉,23.5551,120.4294,True,室內設施,嘉義,嘉義市,74,8.58,Low Risk,風險較低,25
民雄國小-室內,嘉義縣民雄鄉,23.5551,120.4294,True,室內設施,嘉義,嘉義市,74,8.58,Low Risk,風險較低,25
安龍宮活動中心,雲林縣口湖鄉,23.555266,120.161817,True,室內設施,嘉義,嘉義市,74,30.46,Low Risk,風險較低,35
新港國小室內,嘉義縣新港鄉,23.5557,120.345,True,室內設施,嘉義,嘉義市,74,13.54,Low Risk,風險較低,30
新港國小室外,嘉義縣新港鄉,23.5557,120.345,True,室內設施,嘉義,嘉義市,74,13.54,Low Risk,風險較低,30
菁埔村辦公處暨社區活動中心,嘉義縣民雄鄉,23.556,120.3987,True,室內設施,嘉義,嘉義市,74,9.88,Low Risk,風險較低,25
三興村辦公處暨社區活動中心,嘉義縣民雄鄉,23.5569,120.4767,True,室內設施,嘉義,嘉義市,74,8.99,Low Risk,風險較低,25
朝陽國小,雲林縣北港鎮,23.557,120.285,True,室內設施,嘉義,嘉義市,74,18.79,Low Risk,風險較低,30
東榮村辦公處暨嘉義縣長壽會館,嘉義縣民雄鄉,23.5571,120.4346,True,室內設施,嘉義,嘉義市,74,8.69,Low Risk,風險較低,25
瑞峰社區活動中心,嘉義縣梅山鄉,23.5572,120.6674,True,室內設施,嘉義,嘉義市,74,23.85,Low Risk,風險較低,35
民雄國中-室外,嘉義縣民雄鄉,23.5574,120.4207,True,室內設施,嘉義,嘉義市,74,9.07,Low Risk,風險較低,25
民雄國中-室內,嘉義縣民雄鄉,23.5574,120.4207,True,室內設施,嘉義,嘉義市,74,9.07,Low Risk,風險較低,25
北美國小-室內,嘉義縣六腳鄉,23.55746,120.303813,True,室內設施,嘉義,嘉義市,74,17.13,Low Risk,風險較低,30
北美國小-室外,嘉義縣六腳鄉,23.55746,120.303813,True,室內設施,嘉義,嘉義市,74,17.13,Low Risk,風險較低,30
東榮國小-室外,嘉義縣民雄鄉,23.5576,120.4349,True,室內設施,嘉義,嘉義市,74,8.74,Low Risk,風險較低,25
東榮國小-室內,嘉義縣民雄鄉,23.5576,120.4349,True,室內設施,嘉義,嘉義市,74,8.74,Low Risk,風險較低,25
三興國小-室外,嘉義縣民雄鄉,23.5578,120.4819,True,室內設施,嘉義,嘉義市,74,9.26,Low Risk,風險較低,25
三興國小-室內,嘉義縣民雄鄉,23.5578,120.4819,True,室內設施,嘉義,嘉義市,74,9.26,Low Risk,風險較低,25
大南國小[室外],嘉義縣梅山鄉,23.558,120.5543,True,室內設施,嘉義,嘉義市,74,13.79,Low Risk,風險較低,30
新港國中室內,嘉義縣新港鄉,23.5584,120.3438,True,室內設施,嘉義,嘉義市,74,13.82,Low Risk,風險較低,30
新港國中室外,嘉義縣新港鄉,23.5584,120.3438,True,室內設施,嘉義,嘉義市,74,13.82,Low Risk,風險較低,30
菁埔國小二樓活動中心,嘉義縣民雄鄉,23.558682,120.397377,True,室內設施,嘉義,嘉義市,74,10.21,Low Risk,風險較低,30
菁埔國小操場,嘉義縣民雄鄉,23.558682,120.397377,False,戶外設施,嘉義,嘉義市,74,10.21,Warning,最近測站 AQI 74 > 50 且為戶外設施,50
尖山國小,雲林縣水林鄉,23.5603,120.2229,True,室內設施,嘉義,嘉義市,74,24.73,Low Risk,風險較低,35
桐林活動中心,南投縣信義鄉,23.560392,120.874626,True,室內設施,南投,南投市,55,43.42,Low Risk,風險較低,35
藝術高中室內,嘉義縣新港鄉,23.5604,120.349,True,室內設施,嘉義,嘉義市,74,13.56,Low Risk,風險較低,30
藝術高中室外,嘉義縣新港鄉,23.5604,120.349,True,室內設施,嘉義,嘉義市,74,13.56,Low Risk,風險較低,30
內茅埔營林區,南投縣信義鄉,23.560495,120.874414,True,室內設施,南投,南投市,55,43.4,Low Risk,風險較低,35
太平社區活動中心,嘉義縣梅山鄉,23.561,120.6069,True,室內設施,嘉義,嘉義市,74,18.43,Low Risk,風險較低,30
太平國小[室外],嘉義縣梅山鄉,23.561,120.6069,True,室內設施,嘉義,嘉義市,74,18.43,Low Risk,風險較低,30
豐收村辦公處暨社區活動中心,嘉義縣民雄鄉,23.5613,120.4506,True,室內設施,嘉義,嘉義市,74,9.03,Low Risk,風險較低,25
東埔基督長老教會,南投縣信義鄉,23.561753,120.926763,True,室內設施,南投,南投市,55,45.91,Low Risk,風險較低,35
水仙宮室外,嘉義縣新港鄉,23.561845,120.308799,True,室內設施,嘉義,嘉義市,74,16.95,Low Risk,風險較低,30
東興村辦公處暨社區活動中心,嘉義縣民雄鄉,23.5619,120.4984,True,室內設施,嘉義,嘉義市,74,10.39,Low Risk,風險較低,30
東埔國小,南投縣信義鄉,23.561911,120.927292,True,室內設施,南投,南投市,55,45.92,Low Risk,風險較低,35
六興宮室外,嘉義縣新港鄉,23.5622,120.3143,True,室內設施,嘉義,嘉義市,74,16.5,Low Risk,風險較低,30
六興宮室內,嘉義縣新港鄉,23.5622,120.3143,True,室內設施,嘉義,嘉義市,74,16.5,Low Risk,風險較低,30
古民國小室內,嘉義縣新港鄉,23.5623,120.3491,True,室內設施,嘉義,嘉義市,74,13.69,Low Risk,風險較低,30
古民國小室外,嘉義縣新港鄉,23.5623,120.3491,True,室內設施,嘉義,嘉義市,74,13.69,Low Risk,風險較低,30
台興國小,雲林縣口湖鄉,23.562312,120.142412,True,室內設施,嘉義,嘉義市,74,32.58,Low Risk,風險較低,35
福權村辦公處暨社區活動中心,嘉義縣民雄鄉,23.5626,120.4128,True,室內設施,嘉義,嘉義市,74,9.89,Low Risk,風險較低,25
碧湖社區活動中心,嘉義縣梅山鄉,23.5647,120.6248,True,室內設施,嘉義,嘉義市,74,20.23,Low Risk,風險較低,35
北港國中,雲林縣北港鎮,23.5657,120.2992,True,室內設施,嘉義,嘉義市,74,18.0,Low Risk,風險較低,30
大興國小,雲林縣水林鄉,23.5663,120.2105,True,室內設施,嘉義,嘉義市,74,26.15,Low Risk,風險較低,35
西衛社區活動中心,澎湖縣馬公市,23.5665,119.5724,True,室內設施,澎湖,澎湖縣,40,0.7,Low Risk,風險較低,0
南陽國小,雲林縣北港鎮,23.5665,120.301,True,室內設施,嘉義,嘉義市,74,17.9,Low Risk,風險較低,30
東埔活動中心,南投縣信義鄉,23.566583,120.917077,True,室內設施,南投,南投市,55,44.93,Low Risk,風險較低,35
文光國小過港分校,雲林縣口湖鄉,23.567432,120.192722,True,室內設施,嘉義,嘉義市,74,27.88,Low Risk,風險較低,35
頂崙村辦公處暨社區活動中心,嘉義縣民雄鄉,23.5679,120.4379,True,室內設施,嘉義,嘉義市,74,9.83,Low Risk,風險較低,25
勞工育樂中心,澎湖縣馬公市,23.568,119.5658,True,室內設施,澎湖,澎湖縣,40,0.2,Low Risk,風險較低,0
朝天宮厚生大樓,雲林縣北港鎮,23.568,120.305,True,室內設施,嘉義,嘉義市,74,17.65,Low Risk,風險較低,30
八里灣基督長老教會,花蓮縣豐濱鄉,23.5681,121.4859,True,室內設施,花蓮,花蓮市,35,46.9,Low Risk,風險較低,10
興仁國小教室,澎湖縣馬公市,23.5702,119.581,True,室內設施,澎湖,澎湖縣,40,1.48,Low Risk,風險較低,0
澎湖科技大學學生活動中心,澎湖縣馬公市,23.5704,119.5665,True,室內設施,澎湖,澎湖縣,40,0.08,Low Risk,風險較低,0
寮頂村集會所,嘉義縣民雄鄉,23.5709,120.4269,True,室內設施,嘉義,嘉義市,74,10.35,Low Risk,風險較低,30
鐵線社區活動中心,澎湖縣馬公市,23.5715,119.5805,True,室內設施,澎湖,澎湖縣,40,1.44,Low Risk,風險較低,0
文澳國小體育館,澎湖縣馬公市,23.5725,119.569,True,室內設施,澎湖,澎湖縣,40,0.4,Low Risk,風險較低,0
水林國中,雲林縣水林鄉,23.5728,120.2474,True,室內設施,嘉義,嘉義市,74,23.0,Low Risk,風險較低,35
水燦林國小,雲林縣水林鄉,23.573,120.2469,True,室內設施,嘉義,嘉義市,74,23.06,Low Risk,風險較低,35
水林鄉公所,雲林縣水林鄉,23.5732,120.246,True,室內設施,嘉義,嘉義市,74,23.15,Low Risk,風險較低,35
中正國中體育館,澎湖縣馬公市,23.5736,119.5697,True,室內設施,澎湖,澎湖縣,40,0.54,Low Risk,風險較低,0
山水國小活動中心,澎湖縣馬公市,23.5739,119.5817,True,室內設施,澎湖,澎湖縣,40,1.62,Low Risk,風險較低,0
湖西國中活動中心,澎湖縣湖西鄉,23.5739,119.6496,True,室內設施,澎湖,澎湖縣,40,8.48,Low Risk,風險較低,0
建國國中,雲林縣北港鎮,23.5741,120.2956,True,室內設施,嘉義,嘉義市,74,18.82,Low Risk,風險較低,30
富民社區活動中心,花蓮縣瑞穗鄉,23.5743,121.3745,True,室內設施,花蓮,花蓮市,35,50.37,Low Risk,風險較低,10
金湖國小,雲林縣口湖鄉,23.574448,120.154157,True,室內設施,雲林,雲林市,62,31.59,Low Risk,風險較低,35
巨人中學,雲林縣北港鎮,23.5748,120.2889,True,室內設施,嘉義,嘉義市,74,19.43,Low Risk,風險較低,30
東衛國小活動中心,澎湖縣馬公市,23.5749,119.5746,True,室內設施,澎湖,澎湖縣,40,1.01,Low Risk,風險較低,0
崇文國小,雲林縣口湖鄉,23.575009,120.176942,True,室內設施,雲林,雲林市,62,29.49,Low Risk,風險較低,35
港西避難所,雲林縣口湖鄉,23.575309,120.148339,True,室內設施,雲林,雲林市,62,32.08,Low Risk,風險較低,35
港西龍台宮,雲林縣口湖鄉,23.575331,120.147799,True,室內設施,雲林,雲林市,62,32.13,Low Risk,風險較低,35
北港鎮公所,雲林縣北港鎮,23.576,120.3024,True,室內設施,嘉義,嘉義市,74,18.37,Low Risk,風險較低,30
鎮北村辦公處暨社區活動中心,嘉義縣民雄鄉,23.5765,120.4498,True,室內設施,嘉義,嘉義市,74,10.72,Low Risk,風險較低,30
馬遠社區活動中心,花蓮縣萬榮鄉,23.576867,121.362553,True,室內設施,花蓮,花蓮市,35,50.69,Low Risk,風險較低,10
馬遠國民小學,花蓮縣萬榮鄉,23.576872,121.361934,True,室內設施,花蓮,花蓮市,35,50.72,Low Risk,風險較低,10
水燦林國小水林校區,雲林縣水林鄉,23.5769,120.2468,True,室內設施,嘉義,嘉義市,74,23.26,Low Risk,風險較低,35
龍眼社區活動中心,嘉義縣梅山鄉,23.577,120.6171,True,室內設施,嘉義,嘉義市,74,20.23,Low Risk,風險較低,35
梅圳國小[室外],嘉義縣梅山鄉,23.5771,120.5901,True,室內設施,嘉義,嘉義市,74,17.97,Low Risk,風險較低,30
柳溝國小室外,嘉義縣溪口鄉,23.577344,120.414272,True,室內設施,嘉義,嘉義市,74,11.38,Low Risk,風險較低,30
北辰國小,雲林縣北港鎮,23.5776,120.3027,True,室內設施,嘉義,嘉義市,74,18.45,Low Risk,風險較低,30
富源社區活動中心,花蓮縣瑞穗鄉,23.5776,121.3759,True,室內設施,花蓮,花蓮市,35,49.97,Low Risk,風險較低,10
富源消防分隊,花蓮縣瑞穗鄉,23.5778,121.3764,True,室內設施,花蓮,花蓮市,35,49.93,Low Risk,風險較低,10
澎南國中活動中心,澎湖縣馬公市,23.5784,119.5737,True,室內設施,澎湖,澎湖縣,40,1.21,Low Risk,風險較低,0
北港高中,雲林縣北港鎮,23.5784,120.3046,True,室內設施,嘉義,嘉義市,74,18.34,Low Risk,風險較低,30
樹腳社區活動中心　,雲林縣北港鎮,23.5787,120.2754,True,室內設施,嘉義,嘉義市,74,20.83,Low Risk,風險較低,35
過溝社區活動中心,雲林縣北港鎮,23.5797,120.2737,True,室內設施,雲林,雲林市,62,20.95,Low Risk,風險較低,35
風櫃國小活動中心,澎湖縣馬公市,23.5799,119.5811,True,室內設施,澎湖,澎湖縣,40,1.87,Low Risk,風險較低,0
北港農工,雲林縣北港鎮,23.5803,120.309,True,室內設施,嘉義,嘉義市,74,18.11,Low Risk,風險較低,30
白坑社區活動中心,澎湖縣湖西鄉,23.5817,119.6626,True,室內設施,澎湖,澎湖縣,40,9.88,Low Risk,風險較低,0
富興社區活動中心,花蓮縣瑞穗鄉,23.5817,121.3877,True,室內設施,花蓮,花蓮市,35,49.02,Low Risk,風險較低,10
口湖鄉民眾服務站,雲林縣口湖鄉,23.582048,120.18544,True,室內設施,雲林,雲林市,62,28.36,Low Risk,風險較低,35
口湖鄉公所,雲林縣口湖鄉,23.582642,120.185747,True,室內設施,雲林,雲林市,62,28.31,Low Risk,風險較低,35
鼎灣社區活動中心,澎湖縣湖西鄉,23.5828,119.6419,True,室內設施,澎湖,澎湖縣,40,7.82,Low Risk,風險較低,0
梅山國小[室外],嘉義縣梅山鄉,23.583,120.5585,True,室內設施,嘉義,嘉義市,74,15.98,Low Risk,風險較低,30
鎖港里社區活動中心,澎湖縣馬公市,23.5834,119.5719,True,室內設施,澎湖,澎湖縣,40,1.62,Low Risk,風險較低,0
太武社區活動中心,澎湖縣湖西鄉,23.584,119.6202,True,室內設施,澎湖,澎湖縣,40,5.7,Low Risk,風險較低,0
沙港社區農漁民活動中心,澎湖縣湖西鄉,23.584,119.6526,True,室內設施,澎湖,澎湖縣,40,8.92,Low Risk,風險較低,0
湖西鄉公所,澎湖縣湖西鄉,23.5846,119.6537,True,室內設施,澎湖,澎湖縣,40,9.04,Low Risk,風險較低,0
草嶺山莊,雲林縣古坑鄉,23.5849,120.6966,True,室內設施,嘉義,嘉義市,74,27.79,Low Risk,風險較低,35
北寮社區活動中心,澎湖縣湖西鄉,23.5854,119.669,True,室內設施,澎湖,澎湖縣,40,10.59,Low Risk,風險較低,5
梅山國中[室外],嘉義縣梅山鄉,23.5867,120.5607,True,室內設施,嘉義,嘉義市,74,16.43,Low Risk,風險較低,30
口湖國小,雲林縣口湖鄉,23.58672,120.183936,True,室內設施,雲林,雲林市,62,28.27,Low Risk,風險較低,35
梅北國小[室外],嘉義縣梅山鄉,23.5871,120.5518,True,室內設施,嘉義,嘉義市,74,15.85,Low Risk,風險較低,30
潭邊社區活動中心,澎湖縣湖西鄉,23.5872,119.6425,True,室內設施,澎湖,澎湖縣,40,7.99,Low Risk,風險較低,0
辰光國小,雲林縣北港鎮,23.5872,120.3182,True,室內設施,雲林,雲林市,62,17.06,Low Risk,風險較低,30
口湖國中,雲林縣口湖鄉,23.587604,120.184655,True,室內設施,雲林,雲林市,62,28.16,Low Risk,風險較低,35
復興國小室內,嘉義縣新港鄉,23.5899,120.3572,True,室內設施,雲林,雲林市,62,14.37,Low Risk,風險較低,30
復興國小室外,嘉義縣新港鄉,23.5899,120.3572,True,室內設施,雲林,雲林市,62,14.37,Low Risk,風險較低,30
中林國小室外,嘉義縣大林鎮,23.59,120.4767,True,室內設施,嘉義,嘉義市,74,12.54,Low Risk,風險較低,30
神木活動中心,南投縣信義鄉,23.59024,120.88984,True,室內設施,南投,南投市,55,41.24,Low Risk,風險較低,35
和社台大實驗林,南投縣信義鄉,23.592761,120.888755,True,室內設施,南投,南投市,55,40.94,Low Risk,風險較低,35
嘉義縣大林鎮精忠營區,雲林縣古坑鄉,23.5929,120.5334,True,室內設施,嘉義,嘉義市,74,15.2,Low Risk,風險較低,30
僑美國小,雲林縣北港鎮,23.592941,120.302058,True,室內設施,雲林,雲林市,62,17.8,Low Risk,風險較低,30
同富國中 -禮堂,南投縣信義鄉,23.593575,120.888631,True,室內設施,南投,南投市,55,40.86,Low Risk,風險較低,35
美林國小室外,嘉義縣溪口鄉,23.593759,120.379436,True,室內設施,雲林,雲林市,62,12.91,Low Risk,風險較低,30
南寮社區活動中心,澎湖縣湖西鄉,23.5945,119.6082,True,室內設施,澎湖,澎湖縣,40,5.07,Low Risk,風險較低,0
隘門國小多元化教室,澎湖縣湖西鄉,23.5951,119.6164,True,室內設施,澎湖,澎湖縣,40,5.82,Low Risk,風險較低,0
華南國小,雲林縣古坑鄉,23.5964,120.5747,True,室內設施,嘉義,嘉義市,74,18.2,Low Risk,風險較低,30
華山禾園,雲林縣古坑鄉,23.5964,120.5918,True,室內設施,嘉義,嘉義市,74,19.46,Low Risk,風險較低,30
埔南社區活動中心,雲林縣口湖鄉,23.597437,120.19068,True,室內設施,雲林,雲林市,62,27.13,Low Risk,風險較低,35
尖山社區活動中心,澎湖縣湖西鄉,23.5975,119.6139,True,室內設施,澎湖,澎湖縣,40,5.73,Low Risk,風險較低,0
光復自強外役監獄,花蓮縣光復鄉,23.598,121.4125,True,室內設施,花蓮,花蓮市,35,46.29,Low Risk,風險較低,10
保安宮,雲林縣口湖鄉,23.598224,120.161817,True,室內設施,雲林,雲林市,62,29.8,Low Risk,風險較低,35
成功社區活動中心,澎湖縣湖西鄉,23.5985,119.6692,True,室內設施,澎湖,澎湖縣,40,10.94,Low Risk,風險較低,5
鄉村休閒農莊,雲林縣古坑鄉,23.5985,120.5873,True,室內設施,嘉義,嘉義市,74,19.28,Low Risk,風險較低,30
大林鎮運動公園,嘉義縣大林鎮,23.598562,120.458206,False,戶外設施,雲林,雲林市,62,11.46,Warning,最近測站 AQI 62 > 50 且為戶外設施,50
花東山琉璃禪寺,花蓮縣光復鄉,23.5992,121.4162,True,室內設施,花蓮,花蓮市,35,46.01,Low Risk,風險較低,10
好收國小,雲林縣北港鎮,23.5997,120.2802,True,室內設施,雲林,雲林市,62,19.07,Low Risk,風險較低,30
平林國小室外,嘉義縣大林鎮,23.5997,120.4616,True,室內設施,雲林,雲林市,62,11.42,Low Risk,風險較低,30
大林鎮老人體育活動中心,嘉義縣大林鎮,23.5998,120.4584,True,室內設施,雲林,雲林市,62,11.33,Low Risk,風險較低,30
頂湖國小,雲林縣口湖鄉,23.5999,120.179136,True,室內設施,雲林,雲林市,62,28.1,Low Risk,風險較低,35
鎮安宮,雲林縣口湖鄉,23.5999,120.179136,True,室內設施,雲林,雲林市,62,28.1,Low Risk,風險較低,35
西溪國小視聽教室,澎湖縣湖西鄉,23.6003,119.6697,True,室內設施,澎湖,澎湖縣,40,11.05,Low Risk,風險較低,5
大美活動中心,嘉義縣大林鎮,23.601,120.5043,True,室內設施,雲林,雲林市,62,13.1,Low Risk,風險較低,30
豐濱國中禮堂,花蓮縣豐濱鄉,23.6012,121.5218,True,室內設施,花蓮,花蓮市,35,42.48,Low Risk,風險較低,10
溪口鄉老人文康中心,嘉義縣溪口鄉,23.602156,120.391817,True,室內設施,雲林,雲林市,62,11.55,Low Risk,風險較低,30
大林國小室外,嘉義縣大林鎮,23.6024,120.4536,True,室內設施,雲林,雲林市,62,10.95,Low Risk,風險較低,30
山田民宿,雲林縣古坑鄉,23.6025,120.5797,True,室內設施,雲林,雲林市,62,18.4,Low Risk,風險較低,30
溪口鄉公所三樓禮堂,嘉義縣溪口鄉,23.602641,120.392284,True,室內設施,雲林,雲林市,62,11.49,Low Risk,風險較低,30
北極殿香客大樓,嘉義縣溪口鄉,23.603785,120.39444,True,室內設施,雲林,雲林市,62,11.29,Low Risk,風險較低,30
溪口國小室內,嘉義縣溪口鄉,23.604503,120.394218,True,室內設施,雲林,雲林市,62,11.22,Low Risk,風險較低,30
溪口國小室外,嘉義縣溪口鄉,23.604503,120.394218,True,室內設施,雲林,雲林市,62,11.22,Low Risk,風險較低,30
宏仁國小,雲林縣水林鄉,23.6048,120.2398,True,室內設施,雲林,雲林市,62,22.28,Low Risk,風險較低,35
碧清寺,雲林縣水林鄉,23.6051,120.2401,True,室內設施,雲林,雲林市,62,22.24,Low Risk,風險較低,35
三和國小室外,嘉義縣大林鎮,23.6058,120.4886,True,室內設施,雲林,雲林市,62,11.81,Low Risk,風險較低,30
柴林國小室外,嘉義縣溪口鄉,23.605881,120.37158,True,室內設施,雲林,雲林市,62,12.09,Low Risk,風險較低,30
石壁避難所,雲林縣古坑鄉,23.6069,120.7094,True,室內設施,雲林,雲林市,62,29.97,Low Risk,風險較低,35
大富國小,花蓮縣光復鄉,23.6073,121.3909,True,室內設施,花蓮,花蓮市,35,46.34,Low Risk,風險較低,10
外湖避難所,雲林縣古坑鄉,23.6074,120.6784,True,室內設施,雲林,雲林市,62,27.0,Low Risk,風險較低,35
排路國小室外,嘉義縣大林鎮,23.6101,120.4222,True,室內設施,雲林,雲林市,62,9.95,Low Risk,風險較低,25
桂林國小,雲林縣古坑鄉,23.612,120.6079,True,室內設施,雲林,雲林市,62,20.28,Low Risk,風險較低,35
東榮國小,雲林縣北港鎮,23.6128,120.2935,True,室內設施,雲林,雲林市,62,17.13,Low Risk,風險較低,30
排路社區活動中心,嘉義縣大林鎮,23.613,120.4243,True,室內設施,雲林,雲林市,62,9.6,Low Risk,風險較低,25
埔北社區活動中心,雲林縣口湖鄉,23.613542,120.19068,True,室內設施,雲林,雲林市,62,26.44,Low Risk,風險較低,35
興安府,雲林縣口湖鄉,23.613542,120.19068,True,室內設施,雲林,雲林市,62,26.44,Low Risk,風險較低,35
興昌國小,雲林縣古坑鄉,23.6143,120.54,True,室內設施,雲林,雲林市,62,14.41,Low Risk,風險較低,30
望鄉基督長老教會,南投縣信義鄉,23.615142,120.886208,True,室內設施,南投,南投市,55,38.68,Low Risk,風險較低,35
久美基督長老教會,南投縣信義鄉,23.615166,120.884773,True,室內設施,南投,南投市,55,38.6,Low Risk,風險較低,35
望鄉活動中心,南投縣信義鄉,23.615773,120.886531,True,室內設施,南投,南投市,55,38.64,Low Risk,風險較低,35
久美國小,南投縣信義鄉,23.616187,120.884999,True,室內設施,南投,南投市,55,38.52,Low Risk,風險較低,35
仁德國小,雲林縣元長鄉,23.6169,120.3514,True,室內設施,雲林,雲林市,62,12.34,Low Risk,風險較低,30
游東村活動中心,嘉義縣溪口鄉,23.617531,120.401794,True,室內設施,雲林,雲林市,62,9.6,Low Risk,風險較低,25
社團國小室外,嘉義縣大林鎮,23.6176,120.4959,True,室內設施,雲林,雲林市,62,11.09,Low Risk,風險較低,30
下崙福安宮（香客大樓）,雲林縣口湖鄉,23.618092,120.161904,True,室內設施,雲林,雲林市,62,29.03,Low Risk,風險較低,35
久美活動中心,南投縣信義鄉,23.618856,120.88459,True,室內設施,南投,南投市,55,38.25,Low Risk,風險較低,35
永光老人養護中心,雲林縣古坑鄉,23.619838,120.558397,True,室內設施,雲林,雲林市,62,15.52,Low Risk,風險較低,30
誠正國小,雲林縣水林鄉,23.6206,120.2616,True,室內設施,雲林,雲林市,62,19.5,Low Risk,風險較低,30
忠孝國小,雲林縣元長鄉,23.6207,120.3146,True,室內設施,雲林,雲林市,62,14.87,Low Risk,風險較低,30
育英國小,雲林縣北港鎮,23.6225,120.2786,True,室內設施,雲林,雲林市,62,17.87,Low Risk,風險較低,30
永光國小,雲林縣古坑鄉,23.6259,120.5532,True,室內設施,雲林,雲林市,62,14.7,Low Risk,風險較低,30
城前社區活動中心,澎湖縣白沙鄉,23.626177,119.595268,True,室內設施,澎湖,澎湖縣,40,6.93,Low Risk,風險較低,0
振興宮,雲林縣古坑鄉,23.6266,120.552,True,室內設施,雲林,雲林市,62,14.56,Low Risk,風險較低,30
羅娜天主教,南投縣信義鄉,23.627369,120.869589,True,室內設施,南投,南投市,55,36.64,Low Risk,風險較低,35
羅娜國小,南投縣信義鄉,23.628088,120.870287,True,室內設施,南投,南投市,55,36.61,Low Risk,風險較低,35
羅娜活動中心,南投縣信義鄉,23.628179,120.869961,True,室內設施,南投,南投市,55,36.58,Low Risk,風險較低,35
麻園社區活動中心,雲林縣古坑鄉,23.6282,120.514,True,室內設施,雲林,雲林市,62,11.41,Low Risk,風險較低,30
客厝國小,雲林縣元長鄉,23.6285,120.3338,True,室內設施,雲林,雲林市,62,12.78,Low Risk,風險較低,30
羅娜基督長老教會,南投縣信義鄉,23.629096,120.874184,True,室內設施,南投,南投市,55,36.72,Low Risk,風險較低,35
豐德宮廣場,雲林縣水林鄉,23.6313,120.2555,False,戶外設施,雲林,雲林市,62,19.57,Warning,最近測站 AQI 62 > 50 且為戶外設施,50
外垵社區活動中心,澎湖縣西嶼鄉,23.6315,119.5228,True,室內設施,澎湖,澎湖縣,40,8.19,Low Risk,風險較低,0
內寮社區活動中心,南投縣竹山鎮,23.6323,120.6555,True,室內設施,雲林,雲林市,62,23.85,Low Risk,風險較低,35
大興國小,花蓮縣光復鄉,23.6323,121.3982,True,室內設施,花蓮,花蓮市,35,43.54,Low Risk,風險較低,10
內垵村?漁民活動中心,澎湖縣西嶼鄉,23.6324,119.5137,True,室內設施,澎湖,澎湖縣,40,8.81,Low Risk,風險較低,0
舊庄國小,雲林縣大埤鄉,23.633569,120.401574,True,室內設施,雲林,雲林市,62,7.94,Low Risk,風險較低,25
大興活動中心,花蓮縣光復鄉,23.6338,121.3942,True,室內設施,花蓮,花蓮市,35,43.59,Low Risk,風險較低,10
西嶼國中體育館,澎湖縣西嶼鄉,23.6348,119.5222,True,室內設施,澎湖,澎湖縣,40,8.53,Low Risk,風險較低,0
東興部落原住民多功能活動中心,花蓮縣豐濱鄉,23.6351,121.5308,True,室內設施,花蓮,花蓮市,35,38.61,Low Risk,風險較低,10
橫礁社區活動中心,澎湖縣西嶼鄉,23.6358,119.5246,True,室內設施,澎湖,澎湖縣,40,8.5,Low Risk,風險較低,0
新生國小,雲林縣元長鄉,23.6362,120.3595,True,室內設施,雲林,雲林市,62,10.23,Low Risk,風險較低,30
馬佛活動中心,花蓮縣光復鄉,23.6362,121.4295,True,室內設施,花蓮,花蓮市,35,41.71,Low Risk,風險較低,10
四湖國小,雲林縣四湖鄉,23.6366,120.2284,True,室內設施,雲林,雲林市,62,21.95,Low Risk,風險較低,35
古坑鄉立幼兒園,雲林縣古坑鄉,23.6367,120.5577,True,室內設施,雲林,雲林市,62,14.48,Low Risk,風險較低,30
四湖鄉避難收容場所,雲林縣四湖鄉,23.638093,120.224343,True,室內設施,雲林,雲林市,62,22.29,Low Risk,風險較低,35
四湖鄉立幼兒園,雲林縣四湖鄉,23.6381,120.2243,True,室內設施,雲林,雲林市,62,22.3,Low Risk,風險較低,35
舊戶政事務所,雲林縣四湖鄉,23.6381,120.2243,True,室內設施,雲林,雲林市,62,22.3,Low Risk,風險較低,35
四湖鄉飛沙集會所避難收容場所,雲林縣四湖鄉,23.6381,120.2243,True,室內設施,雲林,雲林市,62,22.3,Low Risk,風險較低,35
小門國小,澎湖縣西嶼鄉,23.6382,119.5312,True,室內設施,澎湖,澎湖縣,40,8.42,Low Risk,風險較低,0
合界社區活動中心,澎湖縣西嶼鄉,23.6388,119.5313,True,室內設施,澎湖,澎湖縣,40,8.48,Low Risk,風險較低,0
廣溝集貨市場,雲林縣四湖鄉,23.6391,120.1979,True,室內設施,雲林,雲林市,62,24.84,Low Risk,風險較低,35
四湖參天宮,雲林縣四湖鄉,23.639405,120.226972,True,室內設施,雲林,雲林市,62,21.99,Low Risk,風險較低,35
朝陽大埔北極殿,雲林縣古坑鄉,23.6395,120.5945,True,室內設施,雲林,雲林市,62,17.74,Low Risk,風險較低,30
新鄉基督長老教會,南投縣信義鄉,23.640117,120.872384,True,室內設施,南投,南投市,55,35.58,Low Risk,風險較低,35
四湖鄉公所3樓禮堂,雲林縣四湖鄉,23.6408,120.1747,True,室內設施,雲林,雲林市,62,27.08,Low Risk,風險較低,35
仁愛國小,雲林縣元長鄉,23.6409,120.2893,True,室內設施,雲林,雲林市,62,15.99,Low Risk,風險較低,30
新鄉活動中心,南投縣信義鄉,23.641427,120.87079,True,室內設施,南投,南投市,55,35.37,Low Risk,風險較低,35
大埤國中,雲林縣大埤鄉,23.641888,120.428365,True,室內設施,雲林,雲林市,62,6.37,Low Risk,風險較低,25
砂荖活動中心,花蓮縣光復鄉,23.6419,121.4512,True,室內設施,花蓮,花蓮市,35,40.24,Low Risk,風險較低,10
石龜國小活動中心,雲林縣斗南鎮,23.642396,120.482209,True,室內設施,雲林,雲林市,62,8.05,Low Risk,風險較低,25
調解會暨古坑三村聯合辦公處,雲林縣古坑鄉,23.6427,120.5616,True,室內設施,雲林,雲林市,62,14.53,Low Risk,風險較低,30
竹灣社區活動中心,澎湖縣西嶼鄉,23.6429,119.5163,True,室內設施,澎湖,澎湖縣,40,9.61,Low Risk,風險較低,0
飛沙國小,雲林縣四湖鄉,23.6431,120.1773,True,室內設施,雲林,雲林市,62,26.76,Low Risk,風險較低,35
湳仔社區活動中心,雲林縣古坑鄉,23.6433,120.5387,True,室內設施,雲林,雲林市,62,12.43,Low Risk,風險較低,30
大埤國小,雲林縣大埤鄉,23.644704,120.429371,True,室內設施,雲林,雲林市,62,6.05,Low Risk,風險較低,25
新光國小,雲林縣古坑鄉,23.645,120.5611,True,室內設施,雲林,雲林市,62,14.37,Low Risk,風險較低,30
元長國中,雲林縣元長鄉,23.6457,120.3166,True,室內設施,雲林,雲林市,62,13.24,Low Risk,風險較低,30
"石頭公園渡假山莊含蓮園休閒民宿,石",雲林縣古坑鄉,23.6457,120.588,False,戶外設施,雲林,雲林市,62,16.87,Warning,最近測站 AQI 62 > 50 且為戶外設施,50
桶頭社區活動中心,南投縣竹山鎮,23.646,120.6564,True,室內設施,雲林,雲林市,62,23.51,Low Risk,風險較低,35
古坑國中,雲林縣古坑鄉,23.6462,120.567,True,室內設施,雲林,雲林市,62,14.87,Low Risk,風險較低,30
嘉興國小,雲林縣大埤鄉,23.647242,120.457078,True,室內設施,雲林,雲林市,62,6.26,Low Risk,風險較低,25
港子社區活動中心,澎湖縣白沙鄉,23.648238,119.59875,True,室內設施,澎湖,澎湖縣,40,9.33,Low Risk,風險較低,0
元長鄉公所大樓,雲林縣元長鄉,23.6497,120.3148,True,室內設施,雲林,雲林市,62,13.22,Low Risk,風險較低,30
聯美國小,雲林縣大埤鄉,23.650369,120.397799,True,室內設施,雲林,雲林市,62,6.48,Low Risk,風險較低,25
三崙國小,雲林縣四湖鄉,23.6517,120.15602,True,室內設施,雲林,雲林市,62,28.68,Low Risk,風險較低,35
新社國小二樓綜合教室,花蓮縣豐濱鄉,23.6519,121.5354,True,室內設施,花蓮,花蓮市,35,36.69,Low Risk,風險較低,10
光復鄉立托兒所,花蓮縣光復鄉,23.6521,121.4184,True,室內設施,花蓮,花蓮市,35,40.63,Low Risk,風險較低,10
元長國小,雲林縣元長鄉,23.6522,120.3092,True,室內設施,雲林,雲林市,62,13.63,Low Risk,風險較低,30
花嶼社區發展協會,澎湖縣望安鄉,23.6527,119.5174,True,室內設施,澎湖,澎湖縣,40,10.5,Low Risk,風險較低,5
荷苞建德寺,雲林縣古坑鄉,23.654,120.5914,True,室內設施,雲林,雲林市,62,16.9,Low Risk,風險較低,30
大池社區活動中心,澎湖縣西嶼鄉,23.6541,119.5166,True,室內設施,澎湖,澎湖縣,40,10.67,Low Risk,風險較低,5
信義國小,雲林縣元長鄉,23.6571,120.2804,True,室內設施,雲林,雲林市,62,16.21,Low Risk,風險較低,30
三條崙海清宮,雲林縣四湖鄉,23.6576,120.1534,True,室內設施,雲林,雲林市,62,28.83,Low Risk,風險較低,35
西南活動中心,花蓮縣光復鄉,23.6584,121.4494,True,室內設施,花蓮,花蓮市,35,38.62,Low Risk,風險較低,10
豐田活動中心,雲林縣大埤鄉,23.65841,120.442375,True,室內設施,雲林,雲林市,62,4.62,Low Risk,風險較低,25
和平國小,雲林縣元長鄉,23.6586,120.3362,True,室內設施,雲林,雲林市,62,10.82,Low Risk,風險較低,30
下庄活動中心,雲林縣土庫鎮,23.6588,120.3853,True,室內設施,雲林,雲林市,62,6.59,Low Risk,風險較低,25
瑞竹社區活動中心,南投縣竹山鎮,23.6597,120.6599,True,室內設施,雲林,雲林市,62,23.53,Low Risk,風險較低,35
太巴塱國小,花蓮縣光復鄉,23.6601,121.4484,True,室內設施,花蓮,花蓮市,35,38.49,Low Risk,風險較低,10
綺湖社區?人活動中心,雲林縣土庫鎮,23.661,120.3601,True,室內設施,雲林,雲林市,62,8.53,Low Risk,風險較低,25
仁和國小,雲林縣大埤鄉,23.661589,120.420525,True,室內設施,雲林,雲林市,62,4.35,Low Risk,風險較低,25
水碓國小,雲林縣古坑鄉,23.6623,120.5662,True,室內設施,雲林,雲林市,62,14.17,Low Risk,風險較低,30
大同活動中心,花蓮縣光復鄉,23.6633,121.431,True,室內設施,花蓮,花蓮市,35,38.93,Low Risk,風險較低,10
瑞竹國小活動中心,南投縣竹山鎮,23.664,120.6664,True,室內設施,雲林,雲林市,62,24.09,Low Risk,風險較低,35
嘉隆社區活動中心,雲林縣東勢鄉,23.6656,120.2592,True,室內設施,雲林,雲林市,62,18.07,Low Risk,風險較低,30
溪埔寮農民休閒活動中心,雲林縣土庫鎮,23.6666,120.3939,True,室內設施,雲林,雲林市,62,5.36,Low Risk,風險較低,25
橋真國小,雲林縣斗南鎮,23.6675,120.4751,True,室內設施,雲林,雲林市,62,5.54,Low Risk,風險較低,25
安南宮,雲林縣臺西鄉,23.6676,120.2098,True,室內設施,雲林,雲林市,62,22.99,Low Risk,風險較低,35
豐丘基督長老教會,南投縣信義鄉,23.669128,120.873025,True,室內設施,南投,南投市,55,32.95,Low Risk,風險較低,35
田心社區活動中心,雲林縣古坑鄉,23.6693,120.5413,True,室內設施,雲林,雲林市,62,11.52,Low Risk,風險較低,30
光復鄉公所,花蓮縣光復鄉,23.6694,121.4233,True,室內設施,花蓮,花蓮市,35,38.69,Low Risk,風險較低,10
埤腳活動中心,雲林縣土庫鎮,23.67,120.3489,True,室內設施,雲林,雲林市,62,9.14,Low Risk,風險較低,25
豐丘活動中心,南投縣信義鄉,23.670189,120.874935,True,室內設施,南投,南投市,55,32.97,Low Risk,風險較低,35
光復國中,花蓮縣光復鄉,23.6705,121.4248,True,室內設施,花蓮,花蓮市,35,38.51,Low Risk,風險較低,10
豐丘體技場,南投縣信義鄉,23.670517,120.875111,True,室內設施,南投,南投市,55,32.95,Low Risk,風險較低,35
東勢國民中學活動中心,雲林縣東勢鄉,23.6724,120.2571,True,室內設施,雲林,雲林市,62,18.14,Low Risk,風險較低,30
高林社區活動中心,雲林縣古坑鄉,23.6737,120.5702,True,室內設施,雲林,雲林市,62,14.26,Low Risk,風險較低,30
東南社區活動中心,雲林縣東勢鄉,23.6739,120.2555,True,室內設施,雲林,雲林市,62,18.28,Low Risk,風險較低,30
坪頂里集會所,南投縣竹山鎮,23.6742,120.6732,True,室內設施,雲林,雲林市,62,24.62,Low Risk,風險較低,35
東勢國民小學活動中心,雲林縣東勢鄉,23.6743,120.2571,True,室內設施,雲林,雲林市,62,18.11,Low Risk,風險較低,30
"明山大飯店室內空間,儲藏室,大廳",南投縣鹿谷鄉,23.6743,120.7963,True,室內設施,南投,南投市,55,28.56,Low Risk,風險較低,35
東勢鄉賜安宮香客大樓,雲林縣東勢鄉,23.6744,120.2542,True,室內設施,雲林,雲林市,62,18.4,Low Risk,風險較低,30
東勢鄉公所3樓,雲林縣東勢鄉,23.6754,120.2527,True,室內設施,雲林,雲林市,62,18.54,Low Risk,風險較低,30
順安宮明德大樓,雲林縣斗南鎮,23.675538,120.47345,True,室內設施,雲林,雲林市,62,4.88,Low Risk,風險較低,25
鯉南社區活動中心,南投縣竹山鎮,23.6757,120.6562,True,室內設施,雲林,雲林市,62,22.89,Low Risk,風險較低,35
程海社區活動中心,雲林縣東勢鄉,23.6761,120.2325,True,室內設施,雲林,雲林市,62,20.56,Low Risk,風險較低,35
第一老人文康活動中心,雲林縣土庫鎮,23.6766,120.388,True,室內設施,雲林,雲林市,62,5.21,Low Risk,風險較低,25
林厝寮順天府,雲林縣四湖鄉,23.677,120.1798,True,室內設施,雲林,雲林市,62,25.89,Low Risk,風險較低,35
東明國中,雲林縣斗南鎮,23.6778,120.4701,True,室內設施,雲林,雲林市,62,4.46,Low Risk,風險較低,25
東北社區活動中心,雲林縣東勢鄉,23.6779,120.2583,True,室內設施,雲林,雲林市,62,17.93,Low Risk,風險較低,30
扶朝活動中心,雲林縣土庫鎮,23.6787,120.3624,True,室內設施,雲林,雲林市,62,7.53,Low Risk,風險較低,25
山內國小,雲林縣元長鄉,23.6791,120.3124,True,室內設施,雲林,雲林市,62,12.47,Low Risk,風險較低,30
復興社區活動中心,雲林縣東勢鄉,23.6798,120.2781,True,室內設施,雲林,雲林市,62,15.91,Low Risk,風險較低,30
斗南國小,雲林縣斗南鎮,23.6803,120.4795,True,室內設施,雲林,雲林市,62,5.18,Low Risk,風險較低,25
斗南高中,雲林縣斗南鎮,23.6811,120.4772,True,室內設施,雲林,雲林市,62,4.93,Low Risk,風險較低,25
崙?社區活動中心,雲林縣斗六市,23.6811,120.5421,True,室內設施,雲林,雲林市,62,11.3,Low Risk,風險較低,30
嘉東社區活動中心,雲林縣斗六市,23.6816,120.5529,True,室內設施,雲林,雲林市,62,12.37,Low Risk,風險較低,30
土庫鎮公所活動中心,雲林縣土庫鎮,23.6822,120.3898,True,室內設施,雲林,雲林市,62,4.77,Low Risk,風險較低,25
月眉社區活動中心,雲林縣東勢鄉,23.683,120.2833,True,室內設施,雲林,雲林市,62,15.34,Low Risk,風險較低,30
深圳社區活動中心,雲林縣斗六市,23.683011,120.5188,True,室內設施,雲林,雲林市,62,8.93,Low Risk,風險較低,25
尚德國小操場,雲林縣臺西鄉,23.683116,120.18994,False,戶外設施,雲林,雲林市,62,24.8,Warning,最近測站 AQI 62 > 50 且為戶外設施,55
他里霧親水公園,雲林縣斗南鎮,23.683638,120.473687,False,戶外設施,雲林,雲林市,62,4.49,Warning,最近測站 AQI 62 > 50 且為戶外設施,45
大荖里活動中心,雲林縣土庫鎮,23.6842,120.3692,True,室內設施,雲林,雲林市,62,6.69,Low Risk,風險較低,25
東富國小,花蓮縣光復鄉,23.6845,121.4825,True,室內設施,花蓮,花蓮市,35,34.66,Low Risk,風險較低,10
東和國小,雲林縣古坑鄉,23.6849,120.5686,True,室內設施,雲林,雲林市,62,13.91,Low Risk,風險較低,30
山腳里集會所暨活動中心,南投縣草屯鎮,23.685655,120.964468,False,戶外設施,南投,南投市,55,37.89,Warning,最近測站 AQI 55 > 50 且為戶外設施,55
新厝里集會所暨活動中心,南投縣草屯鎮,23.686017,120.969481,True,室內設施,南投,南投市,55,38.25,Low Risk,風險較低,35
土庫國中樂群堂,雲林縣土庫鎮,23.6862,120.3886,True,室內設施,雲林,雲林市,62,4.73,Low Risk,風險較低,25
棋山國小,雲林縣古坑鄉,23.6864,120.6038,True,室內設施,雲林,雲林市,62,17.46,Low Risk,風險較低,30
風斗避難中心,南投縣信義鄉,23.689635,120.850886,True,室內設施,南投,南投市,55,29.79,Low Risk,風險較低,35
興南社區活動中心,雲林縣虎尾鎮,23.6905,120.4392,True,室內設施,雲林,雲林市,62,1.14,Low Risk,風險較低,25
雲林縣褒忠鄉公所,雲林縣褒忠鄉,23.6912,120.304,True,室內設施,雲林,雲林市,62,13.15,Low Risk,風險較低,30
南聖宮,雲林縣斗六市,23.6921,120.5675,True,室內設施,雲林,雲林市,62,13.73,Low Risk,風險較低,30
龍潭社區活動中心,雲林縣東勢鄉,23.6924,120.2421,True,室內設施,雲林,雲林市,62,19.44,Low Risk,風險較低,30
福興社區活動中心,南投縣竹山鎮,23.6928,120.6639,True,室內設施,雲林,雲林市,62,23.53,Low Risk,風險較低,35
重光社區活動中心,雲林縣斗六市,23.693394,120.56614,True,室內設施,雲林,雲林市,62,13.58,Low Risk,風險較低,30
廣安宮,南投縣竹山鎮,23.6938,120.663,True,室內設施,雲林,雲林市,62,23.44,Low Risk,風險較低,35
五榔農民活動中心,雲林縣臺西鄉,23.69461,120.229553,True,室內設施,雲林,雲林市,62,20.71,Low Risk,風險較低,35
昌南社區活動中心,雲林縣東勢鄉,23.6954,120.2608,True,室內設施,雲林,雲林市,62,17.53,Low Risk,風險較低,30
馬太鞍社區活動中心,花蓮縣萬榮鄉,23.696,121.4018,True,室內設施,花蓮,花蓮市,35,37.27,Low Risk,風險較低,10
長平社區活動中心,雲林縣斗六市,23.6965,120.502,True,室內設施,雲林,雲林市,62,7.04,Low Risk,風險較低,25
雲林縣私立揚子中學活動中心,雲林縣虎尾鎮,23.696759,120.42327,True,室內設施,雲林,雲林市,62,1.01,Low Risk,風險較低,25
信義國中 -禮堂,南投縣信義鄉,23.696888,120.854232,True,室內設施,南投,南投市,55,29.33,Low Risk,風險較低,35
三合社區活動中心,雲林縣虎尾鎮,23.6977,120.4063,True,室內設施,雲林,雲林市,62,2.71,Low Risk,風險較低,25
大鞍國小活動中心,南投縣竹山鎮,23.699,120.7169,True,室內設施,南投,南投市,55,23.66,Low Risk,風險較低,35
褒忠國中,雲林縣褒忠鄉,23.6992,120.3108,True,室內設施,雲林,雲林市,62,12.43,Low Risk,風險較低,30
慈海宮,雲林縣臺西鄉,23.6996,120.191,True,室內設施,雲林,雲林市,62,24.63,Low Risk,風險較低,35
馬鳴山鎮安宮,雲林縣褒忠鄉,23.6998,120.2787,True,室內設施,雲林,雲林市,62,15.7,Low Risk,風險較低,30
雲林國中,雲林縣斗六市,23.699976,120.532757,True,室內設施,雲林,雲林市,62,10.17,Low Risk,風險較低,30
梅林社區活動中心,雲林縣斗六市,23.7003,120.6046,True,室內設施,雲林,雲林市,62,17.48,Low Risk,風險較低,30
安海宮,雲林縣臺西鄉,23.7004,120.2009,True,室內設施,雲林,雲林市,62,23.62,Low Risk,風險較低,35
褒忠國小,雲林縣褒忠鄉,23.7008,120.3105,True,室內設施,雲林,雲林市,62,12.46,Low Risk,風險較低,30
芳草社區活動中心,雲林縣虎尾鎮,23.7008,120.3802,True,室內設施,雲林,雲林市,62,5.37,Low Risk,風險較低,25
臺西國中操場,雲林縣臺西鄉,23.701187,120.191626,False,戶外設施,雲林,雲林市,62,24.57,Warning,最近測站 AQI 62 > 50 且為戶外設施,55
奉聖宮,南投縣竹山鎮,23.7014,120.7167,True,室內設施,南投,南投市,55,23.39,Low Risk,風險較低,35
褒忠鄉立托兒所,雲林縣褒忠鄉,23.7015,120.3113,True,室內設施,雲林,雲林市,62,12.38,Low Risk,風險較低,30
安南社區活動中心,雲林縣東勢鄉,23.7016,120.2524,True,室內設施,雲林,雲林市,62,18.38,Low Risk,風險較低,30
虎尾科技大學第四期教室,雲林縣虎尾鎮,23.7017,120.4296,True,室內設施,雲林,雲林市,62,0.45,Low Risk,風險較低,25
虎尾科技大學第三期教室,雲林縣虎尾鎮,23.7017,120.4296,True,室內設施,雲林,雲林市,62,0.45,Low Risk,風險較低,25
虎尾科技大學第ㄧ期教室,雲林縣虎尾鎮,23.7017,120.4296,True,室內設施,雲林,雲林市,62,0.45,Low Risk,風險較低,25
虎尾科技大學第二期教室,雲林縣虎尾鎮,23.7017,120.4296,True,室內設施,雲林,雲林市,62,0.45,Low Risk,風險較低,25
臺西國小操場,雲林縣臺西鄉,23.701788,120.199483,False,戶外設施,雲林,雲林市,62,23.77,Warning,最近測站 AQI 62 > 50 且為戶外設施,55
和雅社區活動中心,南投縣鹿谷鄉,23.7029,120.7753,True,室內設施,南投,南投市,55,24.8,Low Risk,風險較低,35
新吉社區活動中心,雲林縣虎尾鎮,23.7039,120.419,True,室內設施,雲林,雲林市,62,1.52,Low Risk,風險較低,25
西屯社區活動中心,雲林縣虎尾鎮,23.7044,120.3893,True,室內設施,雲林,雲林市,62,4.48,Low Risk,風險較低,25
南平活動中心,雲林縣土庫鎮,23.7045,120.3532,True,室內設施,雲林,雲林市,62,8.14,Low Risk,風險較低,25
東屯社區活動中心,雲林縣虎尾鎮,23.7045,120.3903,True,室內設施,雲林,雲林市,62,4.38,Low Risk,風險較低,25
崇修堂,雲林縣斗六市,23.704635,120.54064,True,室內設施,雲林,雲林市,62,10.99,Low Risk,風險較低,30
復興國小,雲林縣褒忠鄉,23.7048,120.2839,True,室內設施,雲林,雲林市,62,15.18,Low Risk,風險較低,30
明利社區活動中心,花蓮縣萬榮鄉,23.704834,121.412375,True,室內設施,花蓮,花蓮市,35,35.86,Low Risk,風險較低,10
安南國民小學活動中心,雲林縣東勢鄉,23.705,120.2492,True,室內設施,雲林,雲林市,62,18.72,Low Risk,風險較低,30
梅林國小,雲林縣斗六市,23.705004,120.594878,True,室內設施,雲林,雲林市,62,16.51,Low Risk,風險較低,30
馬光國小學生活動中心,雲林縣土庫鎮,23.7053,120.3536,True,室內設施,雲林,雲林市,62,8.1,Low Risk,風險較低,25
立仁國小活動中心,雲林縣虎尾鎮,23.7059,120.4283,True,室內設施,雲林,雲林市,62,0.9,Low Risk,風險較低,25
忠孝里集會所活動中心,雲林縣斗六市,23.7061,120.5402,True,室內設施,雲林,雲林市,62,10.95,Low Risk,風險較低,30
第二老人文康活動中心,雲林縣土庫鎮,23.7066,120.3511,True,室內設施,雲林,雲林市,62,8.37,Low Risk,風險較低,25
信義里集會所活動中心,雲林縣斗六市,23.7067,120.5499,True,室內設施,雲林,雲林市,62,11.94,Low Risk,風險較低,30
正心中學,雲林縣斗六市,23.7072,120.5363,True,室內設施,雲林,雲林市,62,10.57,Low Risk,風險較低,30
平和國小地下室,雲林縣虎尾鎮,23.707249,120.450732,True,室內設施,雲林,雲林市,62,2.03,Low Risk,風險較低,25
磯崎村辦公處活動中心,花蓮縣豐濱鄉,23.7085,121.5419,True,室內設施,花蓮,花蓮市,35,30.38,Low Risk,風險較低,10
愛國活動中心,南投縣信義鄉,23.709187,120.853432,True,室內設施,南投,南投市,55,28.19,Low Risk,風險較低,35
北溪社區活動中心,雲林縣虎尾鎮,23.7095,120.4045,True,室內設施,雲林,雲林市,62,3.12,Low Risk,風險較低,25
國立虎尾高級中學金英館,雲林縣虎尾鎮,23.7095,120.4433,True,室內設施,雲林,雲林市,62,1.58,Low Risk,風險較低,25
長橋社區活動中心,花蓮縣鳳林鎮,23.7097,121.4195,True,室內設施,花蓮,花蓮市,35,35.01,Low Risk,風險較低,10
萬榮鄉立幼兒園,花蓮縣萬榮鄉,23.709766,121.414808,True,室內設施,花蓮,花蓮市,35,35.27,Low Risk,風險較低,10
下溪社區活動中心,雲林縣虎尾鎮,23.7102,120.4605,True,室內設施,雲林,雲林市,62,3.07,Low Risk,風險較低,25
內湖國小專科教室2間,南投縣鹿谷鄉,23.7113,120.7818,True,室內設施,南投,南投市,55,24.2,Low Risk,風險較低,35
同安國小活動中心,雲林縣東勢鄉,23.7116,120.2657,True,室內設施,雲林,雲林市,62,17.08,Low Risk,風險較低,30
多功能活動中心,雲林縣虎尾鎮,23.7116,120.4491,True,室內設施,雲林,雲林市,62,2.16,Low Risk,風險較低,25
安慶國小地下室,雲林縣虎尾鎮,23.7117,120.4402,True,室內設施,雲林,雲林市,62,1.6,Low Risk,風險較低,25
虎尾鎮立體育場,雲林縣虎尾鎮,23.711752,120.432713,True,室內設施,雲林,雲林市,62,1.42,Low Risk,風險較低,25
斗六國中,雲林縣斗六市,23.7129,120.5512,True,室內設施,雲林,雲林市,62,12.14,Low Risk,風險較低,30
忠信活動中心,南投縣信義鄉,23.712945,120.868377,True,室內設施,南投,南投市,55,28.82,Low Risk,風險較低,35
虎尾國小體育館,雲林縣虎尾鎮,23.7135,120.4315,True,室內設施,雲林,雲林市,62,1.62,Low Risk,風險較低,25
斗六市老人文康活動中心,雲林縣斗六市,23.7138,120.5428,True,室內設施,雲林,雲林市,62,11.31,Low Risk,風險較低,30
斗六公園,雲林縣斗六市,23.7138,120.5428,False,戶外設施,雲林,雲林市,62,11.31,Warning,最近測站 AQI 62 > 50 且為戶外設施,50
萬榮社區活動中心,花蓮縣萬榮鄉,23.714392,121.410119,True,室內設施,花蓮,花蓮市,35,35.1,Low Risk,風險較低,10
虎尾高級農工職業學校活動中心,雲林縣虎尾鎮,23.7146,120.4368,True,室內設施,雲林,雲林市,62,1.78,Low Risk,風險較低,25
鯉魚國小活動中心,南投縣竹山鎮,23.7152,120.6545,True,室內設施,南投,南投市,55,21.82,Low Risk,風險較低,35
新坤社區活動中心,雲林縣東勢鄉,23.7156,120.251,True,室內設施,雲林,雲林市,62,18.61,Low Risk,風險較低,30
潮厝國小,雲林縣褒忠鄉,23.7159,120.3352,True,室內設施,雲林,雲林市,62,10.12,Low Risk,風險較低,30
崇德國中桌球館,雲林縣虎尾鎮,23.7171,120.4173,True,室內設施,雲林,雲林市,62,2.56,Low Risk,風險較低,25
石榴國中,雲林縣斗六市,23.7176,120.5928,True,室內設施,雲林,雲林市,62,16.41,Low Risk,風險較低,30
森榮里辦公處,花蓮縣鳳林鎮,23.7176,121.3972,True,室內設施,花蓮,花蓮市,35,35.56,Low Risk,風險較低,10
堀頭社區活動中心,雲林縣虎尾鎮,23.7182,120.4505,True,室內設施,雲林,雲林市,62,2.79,Low Risk,風險較低,25
三塊厝社區活動中心,雲林縣虎尾鎮,23.7182,120.4734,True,室內設施,雲林,雲林市,62,4.64,Low Risk,風險較低,25
中溪社區活動中心,雲林縣虎尾鎮,23.7183,120.4614,True,室內設施,雲林,雲林市,62,3.61,Low Risk,風險較低,25
安西府,雲林縣臺西鄉,23.7185,120.2007,True,室內設施,雲林,雲林市,62,23.74,Low Risk,風險較低,35
堀頭里活動中心,雲林縣虎尾鎮,23.718646,120.451553,True,室內設施,雲林,雲林市,62,2.89,Low Risk,風險較低,25
虎溪社區活動中心,雲林縣斗六市,23.719842,120.522752,True,室內設施,雲林,雲林市,62,9.44,Low Risk,風險較低,25
崙豐國小操場,雲林縣臺西鄉,23.720327,120.209759,False,戶外設施,雲林,雲林市,62,22.84,Warning,最近測站 AQI 62 > 50 且為戶外設施,55
埒內社區活動中心,雲林縣虎尾鎮,23.7208,120.4455,True,室內設施,雲林,雲林市,62,2.74,Low Risk,風險較低,25
安溪社區活動中心,雲林縣虎尾鎮,23.721,120.4432,True,室內設施,雲林,雲林市,62,2.66,Low Risk,風險較低,25
進安府香客大樓,雲林縣臺西鄉,23.7218,120.2097,True,室內設施,雲林,雲林市,62,22.86,Low Risk,風險較低,35
四美社區活動中心,雲林縣東勢鄉,23.7223,120.2443,True,室內設施,雲林,雲林市,62,19.38,Low Risk,風險較低,30
田子里集會所,南投縣竹山鎮,23.7224,120.6886,True,室內設施,南投,南投市,55,20.82,Low Risk,風險較低,35
廉使社區活動中心,雲林縣虎尾鎮,23.723,120.4201,True,室內設施,雲林,雲林市,62,2.97,Low Risk,風險較低,25
龍巖國小,雲林縣褒忠鄉,23.7233,120.3012,True,室內設施,雲林,雲林市,62,13.68,Low Risk,風險較低,30
榴中社區活動中心,雲林縣斗六市,23.7241,120.581,True,室內設施,雲林,雲林市,62,15.33,Low Risk,風險較低,30
虎尾國中活動中心,雲林縣虎尾鎮,23.7243,120.4559,True,室內設施,雲林,雲林市,62,3.66,Low Risk,風險較低,25
龍潭健康公園,雲林縣斗六市,23.7246,120.581,False,戶外設施,雲林,雲林市,62,15.34,Warning,最近測站 AQI 62 > 50 且為戶外設施,50
明聖宮,雲林縣臺西鄉,23.724606,120.212596,True,室內設施,雲林,雲林市,62,22.61,Low Risk,風險較低,35
鎮西國小,雲林縣斗六市,23.7247,120.5861,True,室內設施,雲林,雲林市,62,15.86,Low Risk,風險較低,30
竹林村集會所,南投縣鹿谷鄉,23.7256,120.758,True,室內設施,南投,南投市,55,21.81,Low Risk,風險較低,35
榴北社區活動中心,雲林縣斗六市,23.725612,120.576,True,室內設施,雲林,雲林市,62,14.87,Low Risk,風險較低,30
明德里多功能活動中心,雲林縣斗六市,23.726344,120.53765,True,室內設施,雲林,雲林市,62,11.09,Low Risk,風險較低,30
湖本活動中心,雲林縣林內鄉,23.7266,120.6229,True,室內設施,雲林,雲林市,62,19.59,Low Risk,風險較低,30
福田社區活動中心,南投縣竹山鎮,23.7278,120.6665,True,室內設施,南投,南投市,55,20.29,Low Risk,風險較低,35
過溪國小活動中心,南投縣竹山鎮,23.7278,120.6665,True,室內設施,南投,南投市,55,20.29,Low Risk,風險較低,35
惠來社區活動中心,雲林縣虎尾鎮,23.7291,120.4842,True,室內設施,雲林,雲林市,62,6.2,Low Risk,風險較低,25
鳳信社區活動中心,花蓮縣鳳林鎮,23.7297,121.4434,True,室內設施,花蓮,花蓮市,35,31.85,Low Risk,風險較低,10
中溪國民小學教室,雲林縣虎尾鎮,23.729841,120.461735,True,室內設施,雲林,雲林市,62,4.51,Low Risk,風險較低,25
中溪國民小學運動場,雲林縣虎尾鎮,23.729841,120.461735,False,戶外設施,雲林,雲林市,62,4.51,Warning,最近測站 AQI 62 > 50 且為戶外設施,45
竹豐社區活動中心,南投縣鹿谷鄉,23.7314,120.75,True,室內設施,南投,南投市,55,20.93,Low Risk,風險較低,35
鳳凰社區活動中心,南投縣鹿谷鄉,23.7361,120.7846,True,室內設施,南投,南投市,55,21.85,Low Risk,風險較低,35
德興里集會所,南投縣竹山鎮,23.7365,120.6702,True,室內設施,南投,南投市,55,19.3,Low Risk,風險較低,30
郡坑國小,南投縣水里鄉,23.73696,120.855427,True,室內設施,南投,南投市,55,25.95,Low Risk,風險較低,35
廣興社區活動中心,南投縣鹿谷鄉,23.7374,120.7611,True,室內設施,南投,南投市,55,20.7,Low Risk,風險較低,35
坪頂集戶,南投縣水里鄉,23.737705,120.857857,True,室內設施,南投,南投市,55,26.05,Low Risk,風險較低,35
秀林里集會所,南投縣竹山鎮,23.738,120.6877,True,室內設施,南投,南投市,55,19.09,Low Risk,風險較低,30
新興國小操場,雲林縣臺西鄉,23.739817,120.222261,False,戶外設施,雲林,雲林市,62,21.92,Warning,最近測站 AQI 62 > 50 且為戶外設施,55
郡坑派出所,南投縣水里鄉,23.740478,120.858177,True,室內設施,南投,南投市,55,25.85,Low Risk,風險較低,35
光復國小教室,雲林縣虎尾鎮,23.740995,120.401894,True,室內設施,雲林,雲林市,62,5.64,Low Risk,風險較低,25
樂活會館,花蓮縣鳳林鎮,23.741218,121.449348,True,室內設施,花蓮,花蓮市,35,30.44,Low Risk,風險較低,10
湖山社區活動中心,雲林縣斗六市,23.741409,120.555534,True,室內設施,雲林,雲林市,62,13.35,Low Risk,風險較低,30
溪洲國小,雲林縣斗六市,23.741409,120.555534,True,室內設施,雲林,雲林市,62,13.35,Low Risk,風險較低,30
來惠國民小學,雲林縣二崙鄉,23.7424,120.4163,True,室內設施,雲林,雲林市,62,5.11,Low Risk,風險較低,25
鳳林鎮藝文中心,花蓮縣鳳林鎮,23.7429,121.4472,True,室內設施,花蓮,花蓮市,35,30.39,Low Risk,風險較低,10
土城里集會所,南投縣草屯鎮,23.743495,120.984755,True,室內設施,南投,南投市,55,35.75,Low Risk,風險較低,35
鳳林國中進德堂,花蓮縣鳳林鎮,23.7439,121.4488,True,室內設施,花蓮,花蓮市,35,30.21,Low Risk,風險較低,10
九芎國小,雲林縣林內鄉,23.7441,120.6031,True,室內設施,雲林,雲林市,62,18.04,Low Risk,風險較低,30
鳳林鎮公所,花蓮縣鳳林鎮,23.7447,121.4518,True,室內設施,花蓮,花蓮市,35,29.98,Low Risk,風險較低,10
吳厝國小,雲林縣西螺鎮,23.745,120.4229,True,室內設施,雲林,雲林市,62,5.22,Low Risk,風險較低,25
吳厝里活動中心,雲林縣西螺鎮,23.7456,120.4235,True,室內設施,雲林,雲林市,62,5.27,Low Risk,風險較低,25
鹿谷鄉公所,南投縣鹿谷鄉,23.7457,120.7532,True,室內設施,南投,南投市,55,19.54,Low Risk,風險較低,30
彰雅社區活動中心,南投縣鹿谷鄉,23.7459,120.7559,True,室內設施,南投,南投市,55,19.62,Low Risk,風險較低,30
"鳳禮,鳳智里活動中心",花蓮縣鳳林鎮,23.746,121.451,True,室內設施,花蓮,花蓮市,35,29.89,Low Risk,風險較低,10
凍頂集會所,南投縣鹿谷鄉,23.7466,120.7685,True,室內設施,南投,南投市,55,20.07,Low Risk,風險較低,35
十三社區活動中心,雲林縣斗六市,23.746632,120.569365,True,室內設施,雲林,雲林市,62,14.87,Low Risk,風險較低,30
鎮南宮餐廳,雲林縣麥寮鄉,23.7469,120.2518,True,室內設施,雲林,雲林市,62,19.19,Low Risk,風險較低,30
拱範宮停車場香客大樓,雲林縣麥寮鄉,23.7469,120.2554,True,室內設施,雲林,雲林市,62,18.84,Low Risk,風險較低,30
??里集會所,南投縣竹山鎮,23.7469,120.6758,True,室內設施,南投,南投市,55,18.11,Low Risk,風險較低,30
九芎活動中心,雲林縣林內鄉,23.7471,120.6008,True,室內設施,雲林,雲林市,62,17.91,Low Risk,風險較低,30
公館里活動中心,雲林縣西螺鎮,23.7474,120.4533,True,室內設施,雲林,雲林市,62,5.77,Low Risk,風險較低,25
興華社區活動中心,雲林縣麥寮鄉,23.7479,120.2948,True,室內設施,雲林,雲林市,62,15.07,Low Risk,風險較低,30
鹿谷社區活動中心,南投縣鹿谷鄉,23.7489,120.7527,True,室內設施,南投,南投市,55,19.19,Low Risk,風險較低,30
鳳義社區活動中心,花蓮縣鳳林鎮,23.7491,121.4393,True,室內設施,花蓮,花蓮市,35,30.24,Low Risk,風險較低,10
鹿場里活動中心,雲林縣西螺鎮,23.7498,120.4735,True,室內設施,雲林,雲林市,62,7.0,Low Risk,風險較低,25
鳳仁社區活動中心,花蓮縣鳳林鎮,23.7498,121.452,True,室內設施,花蓮,花蓮市,35,29.48,Low Risk,風險較低,10
莿桐國中,雲林縣莿桐鄉,23.750013,120.507665,True,室內設施,雲林,雲林市,62,9.49,Low Risk,風險較低,25
新生社區活動中心,南投縣竹山鎮,23.7503,120.676,True,室內設施,南投,南投市,55,17.73,Low Risk,風險較低,30
新生社區活動中心,南投縣竹山鎮,23.7503,120.676,True,室內設施,南投,南投市,55,17.73,Low Risk,風險較低,30
永隆社區活動中心,南投縣鹿谷鄉,23.7508,120.7766,True,室內設施,南投,南投市,55,20.02,Low Risk,風險較低,35
三和國民小學,雲林縣二崙鄉,23.7511,120.406,True,室內設施,雲林,雲林市,62,6.41,Low Risk,風險較低,25
坪頂製茶中心,雲林縣林內鄉,23.7511,120.6373,True,室內設施,南投,南投市,55,18.25,Low Risk,風險較低,30
鳳仁國小羽球館,花蓮縣鳳林鎮,23.7512,121.4518,True,室內設施,花蓮,花蓮市,35,29.36,Low Risk,風險較低,10
九隆里活動中心,雲林縣西螺鎮,23.7522,120.4328,True,室內設施,雲林,雲林市,62,5.92,Low Risk,風險較低,25
榮村社區活動中心,雲林縣莿桐鄉,23.752278,120.513523,True,室內設施,雲林,雲林市,62,10.12,Low Risk,風險較低,30
桂林里集會所,南投縣竹山鎮,23.7523,120.6914,True,室內設施,南投,南投市,55,17.51,Low Risk,風險較低,30
大榮2村社區活動中心,花蓮縣鳳林鎮,23.7523,121.4676,True,室內設施,花蓮,花蓮市,35,28.44,Low Risk,風險較低,10
大榮1村社區活動中心,花蓮縣鳳林鎮,23.7523,121.4676,True,室內設施,花蓮,花蓮市,35,28.44,Low Risk,風險較低,10
霄仁社區活動中心,雲林縣麥寮鄉,23.753,120.2747,True,室內設施,雲林,雲林市,62,17.19,Low Risk,風險較低,30
淵明國中,雲林縣林內鄉,23.7537,120.6144,True,室內設施,南投,南投市,55,18.72,Low Risk,風險較低,30
麥寮國小活動中心,雲林縣麥寮鄉,23.7538,120.2448,True,室內設施,雲林,雲林市,62,20.09,Low Risk,風險較低,35
包公廟,南投縣竹山鎮,23.754,120.6854,True,室內設施,南投,南投市,55,17.3,Low Risk,風險較低,30
林中國小,雲林縣林內鄉,23.7549,120.6153,True,室內設施,南投,南投市,55,18.56,Low Risk,風險較低,30
靈德廟城隍廟,南投縣竹山鎮,23.7549,120.6857,True,室內設施,南投,南投市,55,17.2,Low Risk,風險較低,30
興天宮,南投縣竹山鎮,23.7549,120.6971,True,室內設施,南投,南投市,55,17.25,Low Risk,風險較低,30
中正社區活動中心,南投縣竹山鎮,23.7553,120.6967,True,室內設施,南投,南投市,55,17.21,Low Risk,風險較低,30
東興國小,雲林縣崙背鄉,23.755745,120.374054,True,室內設施,雲林,雲林市,62,8.7,Low Risk,風險較低,25
賜福宮,雲林縣二崙鄉,23.7558,120.4159,True,室內設施,雲林,雲林市,62,6.55,Low Risk,風險較低,25
七座里活動中心,雲林縣西螺鎮,23.7559,120.4445,True,室內設施,雲林,雲林市,62,6.44,Low Risk,風險較低,25
竹山鎮第一公有零售市場,南投縣竹山鎮,23.75611,120.683024,True,室內設施,南投,南投市,55,17.07,Low Risk,風險較低,30
延山社區活動中心,南投縣竹山鎮,23.7562,120.7252,True,室內設施,南投,南投市,55,17.57,Low Risk,風險較低,30
林內國中,雲林縣林內鄉,23.7563,120.5935,True,室內設施,雲林,雲林市,62,17.55,Low Risk,風險較低,30
雲林國小活動中心,南投縣竹山鎮,23.7568,120.677,True,室內設施,南投,南投市,55,17.0,Low Risk,風險較低,30
成功國小,雲林縣林內鄉,23.7569,120.6403,True,室內設施,南投,南投市,55,17.55,Low Risk,風險較低,30
祖師公廟三坪院,南投縣竹山鎮,23.757,120.6861,True,室內設施,南投,南投市,55,16.97,Low Risk,風險較低,30
莿桐國小,雲林縣莿桐鄉,23.757197,120.497619,True,室內設施,雲林,雲林市,62,9.23,Low Risk,風險較低,25
中崎社區活動中心,南投縣竹山鎮,23.7575,120.6687,True,室內設施,南投,南投市,55,16.98,Low Risk,風險較低,30
崙背鄉立幼兒園,雲林縣崙背鄉,23.7578,120.3456,True,室內設施,雲林,雲林市,62,11.03,Low Risk,風險較低,30
崙背國中,雲林縣崙背鄉,23.758,120.3489,True,室內設施,雲林,雲林市,62,10.78,Low Risk,風險較低,30
羅厝村活動中心,雲林縣崙背鄉,23.758,120.3673,True,室內設施,雲林,雲林市,62,9.36,Low Risk,風險較低,25
林南活動中心,雲林縣林內鄉,23.7585,120.6166,True,室內設施,南投,南投市,55,18.14,Low Risk,風險較低,30
延祥社區活動中心,南投縣竹山鎮,23.7587,120.7022,True,室內設施,南投,南投市,55,16.88,Low Risk,風險較低,30
崙背國小,雲林縣崙背鄉,23.758983,120.347209,True,室內設施,雲林,雲林市,62,10.98,Low Risk,風險較低,30
林內國小,雲林縣林內鄉,23.7595,120.6175,True,室內設施,南投,南投市,55,18.0,Low Risk,風險較低,30
興華國小活動中心,雲林縣麥寮鄉,23.7597,120.2882,True,室內設施,雲林,雲林市,62,16.2,Low Risk,風險較低,30
延和國中活動中心,南投縣竹山鎮,23.7603,120.6953,True,室內設施,南投,南投市,55,16.64,Low Risk,風險較低,30
竹圍里集會所,南投縣竹山鎮,23.7605,120.682,True,室內設施,南投,南投市,55,16.58,Low Risk,風險較低,30
奉天宮,雲林縣崙背鄉,23.760759,120.353426,True,室內設施,雲林,雲林市,62,10.61,Low Risk,風險較低,30
莿桐鄉公所4樓禮堂,雲林縣莿桐鄉,23.7609,120.5027,True,室內設施,雲林,雲林市,62,9.89,Low Risk,風險較低,25
莿桐鄉公所4樓禮堂,雲林縣莿桐鄉,23.761029,120.502474,True,室內設施,雲林,雲林市,62,9.89,Low Risk,風險較低,25
延和里集會所,南投縣竹山鎮,23.7616,120.6899,True,室內設施,南投,南投市,55,16.47,Low Risk,風險較低,30
竹山國小齊賢館,南投縣竹山鎮,23.7618,120.6875,True,室內設施,南投,南投市,55,16.44,Low Risk,風險較低,30
崙背鄉公所,雲林縣崙背鄉,23.761897,120.359259,True,室內設施,雲林,雲林市,62,10.25,Low Risk,風險較低,30
天衡宮,雲林縣崙背鄉,23.7619,120.3573,True,室內設施,雲林,雲林市,62,10.4,Low Risk,風險較低,30
三界公廟,南投縣竹山鎮,23.7619,120.6849,True,室內設施,南投,南投市,55,16.42,Low Risk,風險較低,30
順安宮,雲林縣崙背鄉,23.762521,120.348649,True,室內設施,雲林,雲林市,62,11.11,Low Risk,風險較低,30
下湳里活動中心,雲林縣西螺鎮,23.7632,120.4358,True,室內設施,雲林,雲林市,62,7.14,Low Risk,風險較低,25
大有國小,雲林縣崙背鄉,23.763775,120.308721,True,室內設施,雲林,雲林市,62,14.55,Low Risk,風險較低,30
重興國小,雲林縣林內鄉,23.7641,120.5791,True,室內設施,雲林,雲林市,62,16.55,Low Risk,風險較低,30
"東明,西榮,南陽三村聯合活動中心",雲林縣崙背鄉,23.7645,120.3523,True,室內設施,雲林,雲林市,62,10.97,Low Risk,風險較低,30
照靈廟,南投縣竹山鎮,23.7664,120.6758,True,室內設施,南投,南投市,55,15.94,Low Risk,風險較低,30
廣興國小,雲林縣西螺鎮,23.7669,120.4581,True,室內設施,雲林,雲林市,62,7.97,Low Risk,風險較低,25
初鄉村集會所,南投縣鹿谷鄉,23.7672,120.7365,True,室內設施,南投,南投市,55,16.72,Low Risk,風險較低,30
北林3村社區活動中心,花蓮縣鳳林鎮,23.7672,121.471,True,室內設施,花蓮,花蓮市,35,26.83,Low Risk,風險較低,10
海豐社區活動中心,雲林縣麥寮鄉,23.7675,120.2154,True,室內設施,雲林,雲林市,62,23.41,Low Risk,風險較低,35
民生國小,雲林縣林內鄉,23.7677,120.5971,True,室內設施,南投,南投市,55,18.08,Low Risk,風險較低,30
東興里活動中心,雲林縣西螺鎮,23.7678,120.4783,True,室內設施,雲林,雲林市,62,8.94,Low Risk,風險較低,25
中和里集會所,南投縣竹山鎮,23.768,120.6629,True,室內設施,南投,南投市,55,15.89,Low Risk,風險較低,30
延平國小活動中心,南投縣竹山鎮,23.768,120.7071,True,室內設施,南投,南投市,55,15.92,Low Risk,風險較低,30
廣興里活動中心,雲林縣西螺鎮,23.7682,120.458,True,室內設施,雲林,雲林市,62,8.11,Low Risk,風險較低,25
興中社區活動中心,雲林縣虎尾鎮,23.7701,120.518,True,室內設施,雲林,雲林市,62,11.73,Low Risk,風險較低,30
頂湳里活動中心,雲林縣西螺鎮,23.7706,120.4521,True,室內設施,雲林,雲林市,62,8.2,Low Risk,風險較低,25
二崙國民小學,雲林縣二崙鄉,23.7722,120.413,True,室內設施,雲林,雲林市,62,8.39,Low Risk,風險較低,25
崙後社區活動中心,雲林縣麥寮鄉,23.772356,120.266569,True,室內設施,雲林,雲林市,62,18.79,Low Risk,風險較低,30
油車國民小學,雲林縣二崙鄉,23.773,120.4124,True,室內設施,雲林,雲林市,62,8.49,Low Risk,風險較低,25
延正里舊社區活動中心,南投縣竹山鎮,23.773,120.6979,True,室內設施,南投,南投市,55,15.26,Low Risk,風險較低,30
埤頭里活動中心,雲林縣西螺鎮,23.7731,120.4751,True,室內設施,雲林,雲林市,62,9.29,Low Risk,風險較低,25
明禮國小活動中心,雲林縣麥寮鄉,23.7738,120.2656,True,室內設施,雲林,雲林市,62,18.95,Low Risk,風險較低,30
二崙國民中學,雲林縣二崙鄉,23.7738,120.4069,True,室內設施,雲林,雲林市,62,8.73,Low Risk,風險較低,25
重興活動中心,雲林縣林內鄉,23.7738,120.584,True,室內設施,雲林,雲林市,62,17.49,Low Risk,風險較低,30
興貴社區活動中心,雲林縣莿桐鄉,23.77383,120.518992,True,室內設施,雲林,雲林市,62,12.08,Low Risk,風險較低,30
楊厝社區活動中心,雲林縣麥寮鄉,23.7752,120.2448,True,室內設施,雲林,雲林市,62,20.94,Low Risk,風險較低,35
林中活動中心,雲林縣林內鄉,23.7758,120.6113,True,室內設施,南投,南投市,55,16.6,Low Risk,風險較低,30
下坪社區活動中心,南投縣竹山鎮,23.776,120.6799,True,室內設施,南投,南投市,55,14.86,Low Risk,風險較低,30
饒平國小,雲林縣莿桐鄉,23.777725,120.521305,True,室內設施,雲林,雲林市,62,12.55,Low Risk,風險較低,30
人和活動中心,南投縣信義鄉,23.779044,120.896546,True,室內設施,南投,南投市,55,26.06,Low Risk,風險較低,35
文賢國小,雲林縣西螺鎮,23.7793,120.4744,True,室內設施,雲林,雲林市,62,9.88,Low Risk,風險較低,25
坪林台大實驗林?作站,南投縣水里鄉,23.779422,120.841997,True,室內設施,南投,南投市,55,21.64,Low Risk,風險較低,35
南平社區活動中心,花蓮縣鳳林鎮,23.7817,121.4584,True,室內設施,花蓮,花蓮市,35,26.15,Low Risk,風險較低,10
水璉活動中心,花蓮縣壽豐鄉,23.7817,121.5472,True,室內設施,花蓮,花蓮市,35,22.34,Low Risk,風險較低,10
延正里新社區活動中心,南投縣竹山鎮,23.7827,120.6929,True,室內設施,南投,南投市,55,14.14,Low Risk,風險較低,30
秀峰社區活動中心,南投縣鹿谷鄉,23.7831,120.7762,True,室內設施,南投,南投市,55,16.92,Low Risk,風險較低,30
見晴國民小學,花蓮縣萬榮鄉,23.783512,121.451955,True,室內設施,花蓮,花蓮市,35,26.36,Low Risk,風險較低,10
雙龍活動中心,南投縣信義鄉,23.783703,120.947694,True,室內設施,南投,南投市,55,30.27,Low Risk,風險較低,35
永興社區活動中心,南投縣水里鄉,23.783973,120.862437,True,室內設施,南投,南投市,55,22.92,Low Risk,風險較低,35
雙龍國小,南投縣信義鄉,23.785303,120.950204,True,室內設施,南投,南投市,55,30.42,Low Risk,風險較低,35
陽明國小,雲林縣崙背鄉,23.785977,120.35524,True,室內設施,雲林,雲林市,62,12.49,Low Risk,風險較低,30
後安社區活動中心,雲林縣麥寮鄉,23.786,120.2393,True,室內設施,雲林,雲林市,62,21.95,Low Risk,風險較低,35
新安里活動中心,雲林縣西螺鎮,23.7865,120.4491,True,室內設施,雲林,雲林市,62,9.87,Low Risk,風險較低,25
振興里活動中心,雲林縣西螺鎮,23.7879,120.4734,True,室內設施,雲林,雲林市,62,10.71,Low Risk,風險較低,30
文興國小,雲林縣西螺鎮,23.7882,120.4461,True,室內設施,雲林,雲林市,62,10.01,Low Risk,風險較低,30
雙龍天主教,南投縣信義鄉,23.789469,120.945384,True,室內設施,南投,南投市,55,29.77,Low Risk,風險較低,35
迪巴恩基督長老教會,南投縣信義鄉,23.789961,120.945202,True,室內設施,南投,南投市,55,29.73,Low Risk,風險較低,35
福田里活動中心,雲林縣西螺鎮,23.7906,120.4406,True,室內設施,雲林,雲林市,62,10.22,Low Risk,風險較低,30
大新國小,雲林縣西螺鎮,23.7909,120.4873,True,室內設施,雲林,雲林市,62,11.62,Low Risk,風險較低,30
大新里活動中心,雲林縣西螺鎮,23.7912,120.4872,True,室內設施,雲林,雲林市,62,11.65,Low Risk,風險較低,30
豐榮國小,雲林縣崙背鄉,23.79152,120.312303,True,室內設施,雲林,雲林市,62,16.02,Low Risk,風險較低,30
清水社區活動中心,南投縣鹿谷鄉,23.7919,120.7833,True,室內設施,南投,南投市,55,16.54,Low Risk,風險較低,30
中和國小,雲林縣崙背鄉,23.792293,120.33041,True,室內設施,雲林,雲林市,62,14.71,Low Risk,風險較低,30
西螺國中,雲林縣西螺鎮,23.7928,120.4601,True,室內設施,雲林,雲林市,62,10.79,Low Risk,風險較低,30
示範托兒所,雲林縣西螺鎮,23.7933,120.4633,True,室內設施,雲林,雲林市,62,10.93,Low Risk,風險較低,30
青雲活動中心,南投縣信義鄉,23.793542,120.943862,True,室內設施,南投,南投市,55,29.43,Low Risk,風險較低,35
漢光里活動中心,雲林縣西螺鎮,23.7936,120.4569,True,室內設施,雲林,雲林市,62,10.8,Low Risk,風險較低,30
地利國小,南投縣信義鄉,23.793828,120.943332,True,室內設施,南投,南投市,55,29.37,Low Risk,風險較低,35
西螺農工,雲林縣西螺鎮,23.7946,120.471,True,室內設施,雲林,雲林市,62,11.32,Low Risk,風險較低,30
波石活動中心,南投縣信義鄉,23.794817,120.921385,True,室內設施,南投,南投市,55,27.33,Low Risk,風險較低,35
合興村活動中心,彰化縣二水鄉,23.794879,120.642545,True,室內設施,南投,南投市,55,13.43,Low Risk,風險較低,30
米棧活動中心,花蓮縣壽豐鄉,23.7951,121.5243,True,室內設施,花蓮,花蓮市,35,21.65,Low Risk,風險較低,10
施厝聯合活動中心,雲林縣麥寮鄉,23.7953,120.2824,True,室內設施,雲林,雲林市,62,18.69,Low Risk,風險較低,30
中山國小,雲林縣西螺鎮,23.7953,120.4653,True,室內設施,雲林,雲林市,62,11.2,Low Risk,風險較低,30
永定國民小學,雲林縣二崙鄉,23.7959,120.4198,True,室內設施,雲林,雲林市,62,10.86,Low Risk,風險較低,30
舊圖書館,雲林縣西螺鎮,23.7965,120.4655,True,室內設施,雲林,雲林市,62,11.34,Low Risk,風險較低,30
民和社區活動中心,南投縣水里鄉,23.797088,120.924508,True,室內設施,南投,南投市,55,27.49,Low Risk,風險較低,35
民和國中禮堂,南投縣水里鄉,23.797088,120.924508,True,室內設施,南投,南投市,55,27.49,Low Risk,風險較低,35
三盛社區活動中心,雲林縣麥寮鄉,23.7975,120.2649,True,室內設施,雲林,雲林市,62,20.31,Low Risk,風險較低,35
中興活動中心,雲林縣麥寮鄉,23.797881,120.229235,True,室內設施,雲林,雲林市,62,23.46,Low Risk,風險較低,35
橋頭國小活動中心,雲林縣麥寮鄉,23.797886,120.273868,True,室內設施,雲林,雲林市,62,19.57,Low Risk,風險較低,30
倡和村活動中心,彰化縣二水鄉,23.797909,120.649193,True,室內設施,南投,南投市,55,12.91,Low Risk,風險較低,30
西螺鎮公所,雲林縣西螺鎮,23.798,120.4654,True,室內設施,雲林,雲林市,62,11.49,Low Risk,風險較低,30
安定國小,雲林縣西螺鎮,23.7982,120.4393,True,室內設施,雲林,雲林市,62,11.05,Low Risk,風險較低,30
大園里活動中心,雲林縣西螺鎮,23.7983,120.4725,True,室內設施,雲林,雲林市,62,11.75,Low Risk,風險較低,30
頂崁社區活動中心,南投縣水里鄉,23.798748,120.865831,True,室內設施,南投,南投市,55,22.24,Low Risk,風險較低,35
河南里活動中心,雲林縣西螺鎮,23.7995,120.4414,True,室內設施,雲林,雲林市,62,11.21,Low Risk,風險較低,30
河南里活動中心,雲林縣西螺鎮,23.7995,120.4414,True,室內設施,雲林,雲林市,62,11.21,Low Risk,風險較低,30
文昌國小,雲林縣西螺鎮,23.7996,120.4489,True,室內設施,雲林,雲林市,62,11.3,Low Risk,風險較低,30
詔安里活動中心,雲林縣西螺鎮,23.7997,120.4456,True,室內設施,雲林,雲林市,62,11.27,Low Risk,風險較低,30
安定里活動中心,雲林縣西螺鎮,23.7998,120.4394,True,室內設施,雲林,雲林市,62,11.23,Low Risk,風險較低,30
源泉國小活動中心,彰化縣二水鄉,23.8,120.6424,True,室內設施,南投,南投市,55,12.89,Low Risk,風險較低,30
修仁村活動中心,彰化縣二水鄉,23.800055,120.631495,True,室內設施,南投,南投市,55,13.29,Low Risk,風險較低,30
二水鄉公所,彰化縣二水鄉,23.8003,120.6309,True,室內設施,南投,南投市,55,13.29,Low Risk,風險較低,30
禪和宮,雲林縣二崙鄉,23.8006,120.3637,True,室內設施,雲林,雲林市,62,13.31,Low Risk,風險較低,30
西螺福興宮,雲林縣西螺鎮,23.8013,120.4608,True,室內設施,雲林,雲林市,62,11.72,Low Risk,風險較低,30
聯合里辦公處,雲林縣西螺鎮,23.8018,120.4599,True,室內設施,雲林,雲林市,62,11.76,Low Risk,風險較低,30
東南國中,雲林縣西螺鎮,23.8028,120.4548,True,室內設施,雲林,雲林市,62,11.76,Low Risk,風險較低,30
林榮社區活動中心,花蓮縣鳳林鎮,23.8035,121.45,True,室內設施,花蓮,花蓮市,35,24.71,Low Risk,風險較低,10
永豐社區活動中心,南投縣水里鄉,23.804301,120.857221,True,室內設施,南投,南投市,55,21.17,Low Risk,風險較低,35
大園村活動中心,彰化縣二水鄉,23.804774,120.637258,True,室內設施,南投,南投市,55,12.58,Low Risk,風險較低,30
瑞田社區活動中心,南投縣鹿谷鄉,23.8048,120.7929,True,室內設施,南投,南投市,55,16.09,Low Risk,風險較低,30
上安社區老人會館,南投縣水里鄉,23.806556,120.835733,True,室內設施,南投,南投市,55,19.24,Low Risk,風險較低,30
上安社區活動中心,南投縣水里鄉,23.806556,120.835733,True,室內設施,南投,南投市,55,19.24,Low Risk,風險較低,30
玉峰社區活動中心,南投縣水里鄉,23.806556,120.835733,True,室內設施,南投,南投市,55,19.24,Low Risk,風險較低,30
雷厝活動中心,雲林縣麥寮鄉,23.8067,120.2891,True,室內設施,雲林,雲林市,62,18.91,Low Risk,風險較低,30
惠民村活動中心,彰化縣二水鄉,23.806923,120.632285,True,室內設施,南投,南投市,55,12.56,Low Risk,風險較低,30
受玄宮,彰化縣二水鄉,23.807484,120.618217,True,室內設施,南投,南投市,55,13.17,Low Risk,風險較低,30
新吉社區活動中心,雲林縣麥寮鄉,23.8076,120.2763,True,室內設施,雲林,雲林市,62,20.0,Low Risk,風險較低,30
海豐村活動中心,彰化縣二水鄉,23.808275,120.631193,True,室內設施,南投,南投市,55,12.47,Low Risk,風險較低,30
社寮國中教室及活動中心,南投縣竹山鎮,23.8095,120.7205,True,室內設施,南投,南投市,55,11.74,Low Risk,風險較低,30
二水村活動中心,彰化縣二水鄉,23.80974,120.615818,True,室內設施,南投,南投市,55,13.08,Low Risk,風險較低,30
圖書館二樓,彰化縣二水鄉,23.809958,120.616648,True,室內設施,南投,南投市,55,13.02,Low Risk,風險較低,30
水里國小禮堂,南投縣水里鄉,23.810077,120.854753,True,室內設施,南投,南投市,55,20.61,Low Risk,風險較低,35
水里國中體育館,南投縣水里鄉,23.811019,120.857053,True,室內設施,南投,南投市,55,20.75,Low Risk,風險較低,35
水里鄉公所,南投縣水里鄉,23.811322,120.856075,True,室內設施,南投,南投市,55,20.65,Low Risk,風險較低,35
文化村活動中心,彰化縣二水鄉,23.811622,120.618783,True,室內設施,南投,南投市,55,12.74,Low Risk,風險較低,30
中州國小活動中心,南投縣竹山鎮,23.8118,120.738,True,室內設施,南投,南投市,55,12.19,Low Risk,風險較低,30
三村集會所,南投縣水里鄉,23.812232,120.853693,True,室內設施,南投,南投市,55,20.39,Low Risk,風險較低,35
第三立體停車場三樓,南投縣水里鄉,23.81304,120.853008,True,室內設施,南投,南投市,55,20.28,Low Risk,風險較低,35
富州社區活動中心,南投縣竹山鎮,23.8141,120.747,True,室內設施,南投,南投市,55,12.41,Low Risk,風險較低,30
光化村活動中心,彰化縣二水鄉,23.814279,120.615971,True,室內設施,南投,南投市,55,12.65,Low Risk,風險較低,30
潮洋國小,彰化縣溪州鄉,23.8143,120.5195,True,室內設施,雲林,雲林市,62,15.56,Low Risk,風險較低,30
中央社區活動中心,南投縣竹山鎮,23.8145,120.7334,True,室內設施,南投,南投市,55,11.72,Low Risk,風險較低,30
五伯村活動中心,彰化縣二水鄉,23.814864,120.612113,True,室內設施,南投,南投市,55,12.81,Low Risk,風險較低,30
中央社區活動中心,南投縣水里鄉,23.814914,120.852127,True,室內設施,南投,南投市,55,20.1,Low Risk,風險較低,35
大庄國小,彰化縣溪州鄉,23.816,120.5675,True,室內設施,南投,南投市,55,15.75,Low Risk,風險較低,30
日月潭特色遊學中心原光明國小,南投縣魚池鄉,23.8169,120.8851,True,室內設施,南投,南投市,55,22.92,Low Risk,風險較低,35
水里鄉農會倉庫,南投縣水里鄉,23.817226,120.854148,True,室內設施,南投,南投市,55,20.14,Low Risk,風險較低,35
社寮社區活動中心,南投縣竹山鎮,23.8174,120.7223,True,室內設施,南投,南投市,55,10.97,Low Risk,風險較低,30
義民廟,南投縣水里鄉,23.817421,120.848799,True,室內設施,南投,南投市,55,19.66,Low Risk,風險較低,30
潭南活動中心,南投縣信義鄉,23.817457,120.940118,True,室內設施,南投,南投市,55,28.01,Low Risk,風險較低,35
新民村集會所,南投縣名間鄉,23.8185,120.6924,True,室內設施,南投,南投市,55,10.17,Low Risk,風險較低,30
過圳村活動中心,彰化縣二水鄉,23.818606,120.607488,True,室內設施,南投,南投市,55,12.75,Low Risk,風險較低,30
憫世寶宮,南投縣水里鄉,23.818731,120.852233,True,室內設施,南投,南投市,55,19.89,Low Risk,風險較低,30
溪口活動中心,花蓮縣壽豐鄉,23.8195,121.4734,True,室內設施,花蓮,花蓮市,35,21.84,Low Risk,風險較低,10
成城國小會議室、105-106、201-208教室,南投縣水里鄉,23.819695,120.848389,True,室內設施,南投,南投市,55,19.5,Low Risk,風險較低,30
埔中村民眾活動中心,南投縣名間鄉,23.821,120.6436,True,室內設施,南投,南投市,55,10.67,Low Risk,風險較低,30
潭南國小,南投縣信義鄉,23.821418,120.93987,True,室內設施,南投,南投市,55,27.82,Low Risk,風險較低,35
頭社社區活動中心會所三聖宮,南投縣魚池鄉,23.8234,120.908,True,室內設施,南投,南投市,55,24.73,Low Risk,風險較低,35
合和村活動中心,彰化縣二水鄉,23.823503,120.612473,True,室內設施,南投,南投市,55,12.01,Low Risk,風險較低,30
成功國小,彰化縣溪州鄉,23.8261,120.5448,True,室內設施,南投,南投市,55,16.91,Low Risk,風險較低,30
三條國小,彰化縣溪州鄉,23.8269,120.4945,True,室內設施,雲林,雲林市,62,15.54,Low Risk,風險較低,30
炭寮村集會所,南投縣名間鄉,23.8284,120.679,True,室內設施,南投,南投市,55,9.04,Low Risk,風險較低,25
十五村活動中心,彰化縣二水鄉,23.828596,120.601502,True,室內設施,南投,南投市,55,12.29,Low Risk,風險較低,30
復興村活動中心,彰化縣二水鄉,23.829548,120.604775,True,室內設施,南投,南投市,55,11.99,Low Risk,風險較低,30
濁水村集會所,南投縣名間鄉,23.8308,120.7121,True,室內設施,南投,南投市,55,9.22,Low Risk,風險較低,25
車埕國小禮堂,南投縣水里鄉,23.831567,120.865694,True,室內設施,南投,南投市,55,20.43,Low Risk,風險較低,35
集集里里集會所暨社區活動中心,南投縣集集鎮,23.831643,120.785291,True,室內設施,南投,南投市,55,13.48,Low Risk,風險較低,30
英文堂廣場,南投縣魚池鄉,23.8318,120.894,False,戶外設施,南投,南投市,55,23.06,Warning,最近測站 AQI 55 > 50 且為戶外設施,55
昭天宮廣場,彰化縣田中鎮,23.831884,120.594904,False,戶外設施,南投,南投市,55,12.51,Warning,最近測站 AQI 55 > 50 且為戶外設施,50
水尾國小,彰化縣溪州鄉,23.8319,120.4716,True,室內設施,雲林,雲林市,62,15.29,Low Risk,風險較低,30
車埕社區活動中心,南投縣水里鄉,23.833623,120.86443,True,室內設施,南投,南投市,55,20.22,Low Risk,風險較低,35
松嶺社區活動中心,南投縣名間鄉,23.8342,120.6339,True,室內設施,南投,南投市,55,9.8,Low Risk,風險較低,25
永昌里里集會所暨社區活動中心,南投縣集集鎮,23.83455,120.817036,True,室內設施,南投,南投市,55,15.91,Low Risk,風險較低,30
松柏村集會所,南投縣名間鄉,23.8346,120.6355,True,室內設施,南投,南投市,55,9.68,Low Risk,風險較低,25
豐坪活動中心,花蓮縣壽豐鄉,23.8351,121.5096,True,室內設施,花蓮,花蓮市,35,18.33,Low Risk,風險較低,5
崁腳村民眾活動中心,南投縣名間鄉,23.8353,120.66,True,室內設施,南投,南投市,55,8.61,Low Risk,風險較低,25
聯勤兵整中心,南投縣集集鎮,23.8363,120.7509,True,室內設施,南投,南投市,55,10.63,Low Risk,風險較低,30
南雅村集會所,南投縣名間鄉,23.837014,120.702841,True,室內設施,南投,南投市,55,8.3,Low Risk,風險較低,25
頭社國小,南投縣魚池鄉,23.8373,120.9027,True,室內設施,南投,南投市,55,23.67,Low Risk,風險較低,35
田頭國小,彰化縣竹塘鄉,23.837309,120.448869,True,室內設施,雲林,雲林市,62,15.46,Low Risk,風險較低,30
公所中山堂,南投縣名間鄉,23.8382,120.7033,True,室內設施,南投,南投市,55,8.18,Low Risk,風險較低,25
圳寮國小,彰化縣溪州鄉,23.8391,120.5229,True,室內設施,雲林,雲林市,62,18.07,Low Risk,風險較低,30
永光國小,彰化縣大城鄉,23.83961,120.300323,True,室內設施,雲林,雲林市,62,20.65,Low Risk,風險較低,35
大安國小,彰化縣田中鎮,23.840611,120.594376,True,室內設施,南投,南投市,55,11.9,Low Risk,風險較低,30
樹湖活動中心,花蓮縣壽豐鄉,23.8407,121.4692,True,室內設施,花蓮,花蓮市,35,20.3,Low Risk,風險較低,10
中山村集會所,南投縣名間鄉,23.8419,120.6932,True,室內設施,南投,南投市,55,7.59,Low Risk,風險較低,25
羅厝國小,彰化縣埔心鄉,23.842,120.51,True,室內設施,雲林,雲林市,62,17.73,Low Risk,風險較低,30
萬安宮,彰化縣大城鄉,23.842146,120.31032,True,室內設施,雲林,雲林市,62,20.22,Low Risk,風險較低,35
上山社區活動中心,彰化縣大城鄉,23.842192,120.318028,True,室內設施,雲林,雲林市,62,19.75,Low Risk,風險較低,30
新厝村集會所,南投縣名間鄉,23.8427,120.6591,True,室內設施,南投,南投市,55,7.85,Low Risk,風險較低,25
成功國小西畔分校,彰化縣溪州鄉,23.8429,120.5399,True,室內設施,南投,南投市,55,16.4,Low Risk,風險較低,30
僑義國小,彰化縣溪州鄉,23.8442,120.4791,True,室內設施,雲林,雲林市,62,16.82,Low Risk,風險較低,30
樹腳社區活動中心,彰化縣竹塘鄉,23.844303,120.447765,True,室內設施,雲林,雲林市,62,16.23,Low Risk,風險較低,30
臺西社區活動中心,彰化縣大城鄉,23.844414,120.272574,True,室內設施,雲林,雲林市,62,22.97,Low Risk,風險較低,35
豐山國小,花蓮縣壽豐鄉,23.8464,121.4918,True,室內設施,花蓮,花蓮市,35,18.33,Low Risk,風險較低,5
新廣社區活動中心,彰化縣竹塘鄉,23.846486,120.430132,True,室內設施,雲林,雲林市,62,16.4,Low Risk,風險較低,30
三崙社區活動中心,南投縣名間鄉,23.8468,120.6367,True,室內設施,南投,南投市,55,8.47,Low Risk,風險較低,25
長安國小,彰化縣竹塘鄉,23.847335,120.386672,True,室內設施,雲林,雲林市,62,17.15,Low Risk,風險較低,30
豐山活動中心,花蓮縣壽豐鄉,23.8478,121.4936,True,室內設施,花蓮,花蓮市,35,18.1,Low Risk,風險較低,5
頂庄國小,彰化縣大城鄉,23.848336,120.282454,True,室內設施,雲林,雲林市,62,22.59,Low Risk,風險較低,35
德化國小,南投縣魚池鄉,23.8485,120.9355,True,室內設施,南投,南投市,55,26.48,Low Risk,風險較低,35
土庫國小,彰化縣竹塘鄉,23.84954,120.409448,True,室內設施,雲林,雲林市,62,16.91,Low Risk,風險較低,30
竹圍社區活動中心,彰化縣埤頭鄉,23.850218,120.454562,True,室內設施,雲林,雲林市,62,16.96,Low Risk,風險較低,30
溪州國中,彰化縣溪州鄉,23.8504,120.4951,True,室內設施,雲林,雲林市,62,17.99,Low Risk,風險較低,30
弓鞋社區活動中心,南投縣名間鄉,23.8504,120.6262,True,室內設施,南投,南投市,55,8.81,Low Risk,風險較低,25
沙崙社區活動中心,彰化縣田中鎮,23.851096,120.583072,True,室內設施,南投,南投市,55,12.13,Low Risk,風險較低,30
老人文康活動中心,彰化縣溪州鄉,23.851238,120.497777,True,室內設施,雲林,雲林市,62,18.17,Low Risk,風險較低,30
溪州國小,彰化縣溪州鄉,23.8526,120.4971,True,室內設施,雲林,雲林市,62,18.29,Low Risk,風險較低,30
大城國中,彰化縣大城鄉,23.8529,120.324,True,室內設施,雲林,雲林市,62,20.39,Low Risk,風險較低,35
大城演藝廳,彰化縣大城鄉,23.853,120.3203,True,室內設施,雲林,雲林市,62,20.6,Low Risk,風險較低,35
大城國小,彰化縣大城鄉,23.853,120.3203,True,室內設施,雲林,雲林市,62,20.6,Low Risk,風險較低,35
南州國小,彰化縣溪州鄉,23.853,120.4909,True,室內設施,雲林,雲林市,62,18.11,Low Risk,風險較低,30
彰化縣田中鎮內安國民小學,彰化縣田中鎮,23.8537,120.5997,True,室內設施,南投,南投市,55,10.57,Low Risk,風險較低,30
新民國小,彰化縣田中鎮,23.85428,120.585674,True,室內設施,南投,南投市,55,11.72,Low Risk,風險較低,30
大新國小,彰化縣北斗鎮,23.85495,120.557239,True,室內設施,南投,南投市,55,14.23,Low Risk,風險較低,30
西林社區活動中心,花蓮縣萬榮鄉,23.855288,121.342737,True,室內設施,花蓮,花蓮市,35,29.7,Low Risk,風險較低,10
陸嘉社區活動中心,彰化縣埤頭鄉,23.855657,120.470711,True,室內設施,雲林,雲林市,62,17.84,Low Risk,風險較低,30
仁和村集會所,南投縣名間鄉,23.8562,120.7057,True,室內設施,南投,南投市,55,6.34,Low Risk,風險較低,25
新庄社區活動中心,彰化縣田中鎮,23.856537,120.594252,True,室內設施,南投,南投市,55,10.85,Low Risk,風險較低,30
田中鎮立圖書館,彰化縣田中鎮,23.856625,120.588689,True,室內設施,南投,南投市,55,11.32,Low Risk,風險較低,30
廈新社區活動中心,南投縣名間鄉,23.8568,120.6758,True,室內設施,南投,南投市,55,5.93,Low Risk,風險較低,25
彰化縣立景崧文化教育園區-龍江館,彰化縣田中鎮,23.8571,120.5821,True,室內設施,南投,南投市,55,11.87,Low Risk,風險較低,30
田中國小,彰化縣田中鎮,23.857342,120.587487,True,室內設施,南投,南投市,55,11.39,Low Risk,風險較低,30
西林天主堂,花蓮縣萬榮鄉,23.8576,121.3593,True,室內設施,花蓮,花蓮市,35,28.08,Low Risk,風險較低,10
竹圍村社區活動中心,南投縣名間鄉,23.8582,120.6382,True,室內設施,南投,南投市,55,7.36,Low Risk,風險較低,25
赤水社區活動中心,南投縣名間鄉,23.8595,120.6317,True,室內設施,南投,南投市,55,7.69,Low Risk,風險較低,25
新庄社區活動中心,彰化縣埤頭鄉,23.859739,120.483697,True,室內設施,雲林,雲林市,62,18.61,Low Risk,風險較低,30
竹林社區活動中心,彰化縣竹塘鄉,23.860386,120.40292,True,室內設施,雲林,雲林市,62,18.2,Low Risk,風險較低,30
大坑村集會所,南投縣名間鄉,23.8605,120.6578,True,室內設施,南投,南投市,55,6.07,Low Risk,風險較低,25
田中鎮公所公共造產公有第一零售市場,彰化縣田中鎮,23.8606,120.585,True,室內設施,南投,南投市,55,11.43,Low Risk,風險較低,30
西港國小二樓,彰化縣大城鄉,23.860997,120.286532,True,室內設施,雲林,雲林市,62,23.37,Low Risk,風險較低,35
竹塘國小,彰化縣竹塘鄉,23.861033,120.428771,True,室內設施,雲林,雲林市,62,18.02,Low Risk,風險較低,30
田中鎮民活動中心,彰化縣田中鎮,23.861492,120.580803,True,室內設施,南投,南投市,55,11.76,Low Risk,風險較低,30
虎坑社區活動中心,南投縣名間鄉,23.8622,120.6955,True,室內設施,南投,南投市,55,5.4,Low Risk,風險較低,25
幸福國小,桃園市龜山區,23.862946,120.971916,True,室內設施,南投,南投市,55,29.75,Low Risk,風險較低,35
楓樹國小,桃園市龜山區,23.862946,120.971916,True,室內設施,南投,南投市,55,29.75,Low Risk,風險較低,35
東仁社區活動中心,南投縣名間鄉,23.8652,120.7,True,室內設施,南投,南投市,55,5.2,Low Risk,風險較低,25
三潭國小,彰化縣田中鎮,23.865501,120.586202,True,室內設施,南投,南投市,55,11.07,Low Risk,風險較低,30
大湖社區活動中心,彰化縣埤頭鄉,23.8659,120.4528,True,室內設施,雲林,雲林市,62,18.67,Low Risk,風險較低,30
中和社區活動中心,彰化縣北斗鎮,23.8661,120.5462,True,室內設施,南投,南投市,55,14.8,Low Risk,風險較低,30
明潭國小,南投縣魚池鄉,23.8674,120.9098,True,室內設施,南投,南投市,55,23.45,Low Risk,風險較低,35
東和國小,彰化縣田中鎮,23.867482,120.6062,True,室內設施,南投,南投市,55,9.17,Low Risk,風險較低,25
龍潭社區活動中心,彰化縣田中鎮,23.867615,120.580809,True,室內設施,南投,南投市,55,11.46,Low Risk,風險較低,30
月眉國小,花蓮縣壽豐鄉,23.867967,121.556384,True,室內設施,花蓮,花蓮市,35,12.92,Low Risk,風險較低,5
月眉國小-米棧分校,花蓮縣壽豐鄉,23.8681,121.5564,True,室內設施,花蓮,花蓮市,35,12.9,Low Risk,風險較低,5
明潭國中,南投縣魚池鄉,23.8684,120.9113,True,室內設施,南投,南投市,55,23.58,Low Risk,風險較低,35
壽豐活動中心,花蓮縣壽豐鄉,23.8691,121.5099,True,室內設施,花蓮,花蓮市,35,15.21,Low Risk,風險較低,5
菜寮社區活動中心,彰化縣大城鄉,23.869103,120.312409,True,室內設施,雲林,雲林市,62,22.54,Low Risk,風險較低,35
共和活動中心,花蓮縣壽豐鄉,23.8693,121.5308,True,室內設施,花蓮,花蓮市,35,13.96,Low Risk,風險較低,5
元埔社區活動中心,彰化縣埤頭鄉,23.869502,120.503333,True,室內設施,南投,南投市,55,18.88,Low Risk,風險較低,30
田仔社區活動中心,南投縣名間鄉,23.8702,120.6751,True,室內設施,南投,南投市,55,4.47,Low Risk,風險較低,25
萬來國小,彰化縣北斗鎮,23.8703,120.5221,True,室內設施,南投,南投市,55,17.01,Low Risk,風險較低,30
壽豐鄉公所,花蓮縣壽豐鄉,23.8704,121.5091,True,室內設施,花蓮,花蓮市,35,15.15,Low Risk,風險較低,5
文化中心,花蓮縣壽豐鄉,23.8704,121.5091,True,室內設施,花蓮,花蓮市,35,15.15,Low Risk,風險較低,5
芙朝社區活動中心,彰化縣埤頭鄉,23.870694,120.482115,True,室內設施,雲林,雲林市,62,19.74,Low Risk,風險較低,30
螺青國小,彰化縣北斗鎮,23.871139,120.534312,True,室內設施,南投,南投市,55,15.79,Low Risk,風險較低,30
鹽寮活動中心,花蓮縣壽豐鄉,23.871385,121.59829,True,室內設施,花蓮,花蓮市,35,11.63,Low Risk,風險較低,5
北斗鎮公所,彰化縣北斗鎮,23.8714,120.5218,True,室內設施,南投,南投市,55,17.01,Low Risk,風險較低,30
大庄村集會所,南投縣名間鄉,23.8722,120.6551,True,室內設施,南投,南投市,55,5.08,Low Risk,風險較低,25
錦梓社區活動中心,南投縣名間鄉,23.8734,120.6324,True,室內設施,南投,南投市,55,6.6,Low Risk,風險較低,25
五庄社區活動中心,彰化縣竹塘鄉,23.873491,120.431604,True,室內設施,雲林,雲林市,62,19.4,Low Risk,風險較低,30
彰化縣田中鎮明禮國民國小,彰化縣田中鎮,23.8755,120.5661,True,室內設施,南投,南投市,55,12.55,Low Risk,風險較低,30
北斗國小,彰化縣北斗鎮,23.875762,120.523284,True,室內設施,南投,南投市,55,16.75,Low Risk,風險較低,30
三光社區活動中心,彰化縣田中鎮,23.875905,120.566974,True,室內設施,南投,南投市,55,12.45,Low Risk,風險較低,30
北斗國中,彰化縣北斗鎮,23.875935,120.521586,True,室內設施,南投,南投市,55,16.91,Low Risk,風險較低,30
螺陽國小,彰化縣北斗鎮,23.87624,120.514719,True,室內設施,南投,南投市,55,17.59,Low Risk,風險較低,30
中寮社區活動中心,南投縣中寮鄉,23.8763,120.7732,True,室內設施,南投,南投市,55,9.81,Low Risk,風險較低,25
崁頂社區活動中心,南投縣中寮鄉,23.8763,120.7732,True,室內設施,南投,南投市,55,9.81,Low Risk,風險較低,25
下社區活動中心,南投縣名間鄉,23.8764,120.6355,True,室內設施,南投,南投市,55,6.14,Low Risk,風險較低,25
中寮社區活動中心,彰化縣北斗鎮,23.8781,120.5109,True,室內設施,南投,南投市,55,17.92,Low Risk,風險較低,30
北斗家商,彰化縣北斗鎮,23.8785,120.5221,True,室內設施,南投,南投市,55,16.8,Low Risk,風險較低,30
內城社區活動中心,南投縣中寮鄉,23.879,120.7628,True,室內設施,南投,南投市,55,8.72,Low Risk,風險較低,25
豐美社區活動中心,彰化縣大城鄉,23.879191,120.306808,True,室內設施,雲林,雲林市,62,23.79,Low Risk,風險較低,35
新街村集會所,南投縣名間鄉,23.8797,120.6934,True,室內設施,南投,南投市,55,3.47,Low Risk,風險較低,25
仙樂社區活動中心,南投縣中寮鄉,23.8798,120.7641,True,室內設施,南投,南投市,55,8.81,Low Risk,風險較低,25
埤頭國中,彰化縣埤頭鄉,23.880113,120.460262,True,室內設施,雲林,雲林市,62,20.33,Low Risk,風險較低,35
頂興社區活動中心,南投縣中寮鄉,23.8805,120.7724,True,室內設施,南投,南投市,55,9.57,Low Risk,風險較低,25
光榮活動中心,花蓮縣壽豐鄉,23.8817,121.5143,True,室內設施,花蓮,花蓮市,35,13.85,Low Risk,風險較低,5
大林村集會所,南投縣魚池鄉,23.8823,120.9442,True,室內設施,南投,南投市,55,26.65,Low Risk,風險較低,35
萬丹社區活動中心,南投縣名間鄉,23.8827,120.7063,True,室內設施,南投,南投市,55,3.77,Low Risk,風險較低,25
爽文老人活動中心,南投縣中寮鄉,23.8828,120.7992,True,室內設施,南投,南投市,55,12.1,Low Risk,風險較低,30
金安老人會館,南投縣魚池鄉,23.8834,120.9233,True,室內設施,南投,南投市,55,24.52,Low Risk,風險較低,35
平和活動中心,花蓮縣壽豐鄉,23.8837,121.5197,True,室內設施,花蓮,花蓮市,35,13.32,Low Risk,風險較低,5
睦宜社區活動中心,彰化縣田尾鄉,23.884051,120.549163,True,室內設施,南投,南投市,55,13.98,Low Risk,風險較低,30
新興老人會館,南投縣水里鄉,23.884867,120.872715,True,室內設施,南投,南投市,55,19.4,Low Risk,風險較低,30
天乙宮,彰化縣田尾鄉,23.885121,120.527114,True,室內設施,南投,南投市,55,16.16,Low Risk,風險較低,30
八仙社區活動中心,南投縣中寮鄉,23.8857,120.7572,True,室內設施,南投,南投市,55,7.92,Low Risk,風險較低,25
老人文康中心,彰化縣竹塘鄉,23.886404,120.41144,True,室內設施,雲林,雲林市,62,20.95,Low Risk,風險較低,35
南鎮國小,彰化縣田尾鄉,23.886533,120.560701,True,室內設施,南投,南投市,55,12.77,Low Risk,風險較低,30
大林社區活動中心,南投縣魚池鄉,23.8872,120.949,True,室內設施,南投,南投市,55,27.08,Low Risk,風險較低,35
五城村活動中心,南投縣魚池鄉,23.8874,120.8879,True,室內設施,南投,南投市,55,20.9,Low Risk,風險較低,35
鄉立托兒所,彰化縣埤頭鄉,23.8888,120.4601,True,室內設施,雲林,雲林市,62,21.29,Low Risk,風險較低,35
清聖宮,彰化縣社頭鄉,23.888885,120.605951,True,室內設施,南投,南投市,55,8.24,Low Risk,風險較低,25
仁里社區活動中心,彰化縣田尾鄉,23.888979,120.534111,True,室內設施,南投,南投市,55,15.39,Low Risk,風險較低,30
花與樹博物館,彰化縣田尾鄉,23.888979,120.534111,True,室內設施,南投,南投市,55,15.39,Low Risk,風險較低,30
老人文康中心,彰化縣埤頭鄉,23.889,120.46,True,室內設施,雲林,雲林市,62,21.31,Low Risk,風險較低,35
永安社區活動中心,南投縣中寮鄉,23.8892,120.7369,True,室內設施,南投,南投市,55,5.86,Low Risk,風險較低,25
新生社區活動中心,彰化縣田尾鄉,23.88931,120.548715,True,室內設施,南投,南投市,55,13.92,Low Risk,風險較低,30
四武宮辦公室,彰化縣埤頭鄉,23.889782,120.487282,True,室內設施,南投,南投市,55,20.1,Low Risk,風險較低,35
社頭鄉公所大禮堂,彰化縣社頭鄉,23.8898,120.585,True,室內設施,南投,南投市,55,10.28,Low Risk,風險較低,30
東光村避難所,南投縣魚池鄉,23.8898,120.9665,True,室內設施,南投,南投市,55,28.82,Low Risk,風險較低,35
福田社區活動中心,彰化縣田尾鄉,23.889989,120.562711,True,室內設施,南投,南投市,55,12.5,Low Risk,風險較低,30
東光國小,南投縣魚池鄉,23.8905,120.9667,True,室內設施,南投,南投市,55,28.84,Low Risk,風險較低,35
五城國小,南投縣魚池鄉,23.8909,120.8891,True,室內設施,南投,南投市,55,20.97,Low Risk,風險較低,35
正義社區活動中心,彰化縣田尾鄉,23.891782,120.516759,True,室內設施,南投,南投市,55,17.1,Low Risk,風險較低,30
田尾國小,彰化縣田尾鄉,23.891877,120.528588,True,室內設施,南投,南投市,55,15.9,Low Risk,風險較低,30
南鎮社區活動中心,彰化縣田尾鄉,23.892145,120.554772,True,室內設施,南投,南投市,55,13.26,Low Risk,風險較低,30
中明活動中心,南投縣魚池鄉,23.8922,120.9206,True,室內設施,南投,南投市,55,24.15,Low Risk,風險較低,35
永和社區活動中心,南投縣中寮鄉,23.8925,120.7764,True,室內設施,南投,南投市,55,9.6,Low Risk,風險較低,25
埤頭國小,彰化縣埤頭鄉,23.892504,120.478352,True,室內設施,南投,南投市,55,20.97,Low Risk,風險較低,35
永興里災民收容所社區活動中心,南投縣南投市,23.8926,120.6389,True,室內設施,南投,南投市,55,4.94,Low Risk,風險較低,25
南曾社區活動中心,彰化縣田尾鄉,23.892743,120.534173,True,室內設施,南投,南投市,55,15.33,Low Risk,風險較低,30
嘉和里災民收容所嘉和里神木社區活動中心,南投縣南投市,23.8928,120.6696,True,室內設施,南投,南投市,55,2.36,Low Risk,風險較低,25
社頭鄉老人文康活動中心,彰化縣社頭鄉,23.893,120.595,True,室內設施,南投,南投市,55,9.21,Low Risk,風險較低,25
千秋里災民收容所社區活動中心,南投縣南投市,23.893,120.706,True,室內設施,南投,南投市,55,2.92,Low Risk,風險較低,25
圖書館一樓,彰化縣埤頭鄉,23.8933,120.4587,True,室內設施,雲林,雲林市,62,21.76,Low Risk,風險較低,35
中和國小活動中心,彰化縣埤頭鄉,23.8933,120.4587,True,室內設施,雲林,雲林市,62,21.76,Low Risk,風險較低,35
三豐社區活動中心,彰化縣大城鄉,23.893532,120.299171,True,室內設施,雲林,雲林市,62,25.55,Low Risk,風險較低,35
合興國小,彰化縣埤頭鄉,23.894074,120.459432,True,室內設施,雲林,雲林市,62,21.86,Low Risk,風險較低,35
北曾社區活動中心,彰化縣田尾鄉,23.894834,120.53401,True,室內設施,南投,南投市,55,15.32,Low Risk,風險較低,30
爽文社區活動中心,南投縣中寮鄉,23.8949,120.7244,True,室內設施,南投,南投市,55,4.44,Low Risk,風險較低,25
嘉和里、嘉興里災民收容所嘉和里集會所,南投縣南投市,23.8955,120.6871,True,室內設施,南投,南投市,55,1.6,Low Risk,風險較低,25
嘉和里災民收容所嘉和里集會所,南投縣南投市,23.8955,120.6871,True,室內設施,南投,南投市,55,1.6,Low Risk,風險較低,25
路上國小,彰化縣芳苑鄉,23.8961,120.3283,True,室內設施,雲林,雲林市,62,24.36,Low Risk,風險較低,35
中興國小,彰化縣二林鎮,23.8963,120.427,True,室內設施,雲林,雲林市,62,21.95,Low Risk,風險較低,35
永芳社區活動中心,南投縣中寮鄉,23.8966,120.7145,True,室內設施,南投,南投市,55,3.44,Low Risk,風險較低,25
社頭鄉運動公園體育館,彰化縣社頭鄉,23.8968,120.5858,False,戶外設施,南投,南投市,55,10.06,Warning,最近測站 AQI 55 > 50 且為戶外設施,50
北鎮社區活動中心,彰化縣田尾鄉,23.897327,120.552144,True,室內設施,南投,南投市,55,13.45,Low Risk,風險較低,30
溪頂社區活動中心,彰化縣田尾鄉,23.897399,120.508138,True,室內設施,南投,南投市,55,17.91,Low Risk,風險較低,30
田尾社區活動中心,彰化縣田尾鄉,23.897399,120.508138,True,室內設施,南投,南投市,55,17.91,Low Risk,風險較低,30
社頭國小,彰化縣社頭鄉,23.897442,120.584451,True,室內設施,南投,南投市,55,10.19,Low Risk,風險較低,30
二林鎮鎮立幼兒園,彰化縣二林鎮,23.8976,120.3707,True,室內設施,雲林,雲林市,62,22.97,Low Risk,風險較低,35
興華社區活動中心,彰化縣二林鎮,23.898143,120.366378,True,室內設施,雲林,雲林市,62,23.15,Low Risk,風險較低,35
萬興國中,彰化縣二林鎮,23.898143,120.366378,True,室內設施,雲林,雲林市,62,23.15,Low Risk,風險較低,35
圓和宮,彰化縣二林鎮,23.898143,120.366378,True,室內設施,雲林,雲林市,62,23.15,Low Risk,風險較低,35
民眾活動中心,彰化縣二林鎮,23.898143,120.366378,True,室內設施,雲林,雲林市,62,23.15,Low Risk,風險較低,35
育德國小,彰化縣二林鎮,23.898143,120.366378,True,室內設施,雲林,雲林市,62,23.15,Low Risk,風險較低,35
梅芳社區活動中心,彰化縣二林鎮,23.898143,120.366378,True,室內設施,雲林,雲林市,62,23.15,Low Risk,風險較低,35
慈靈宮,彰化縣二林鎮,23.898143,120.366378,True,室內設施,雲林,雲林市,62,23.15,Low Risk,風險較低,35
廣福宮,彰化縣二林鎮,23.898143,120.366378,True,室內設施,雲林,雲林市,62,23.15,Low Risk,風險較低,35
東興社區活動中心,彰化縣二林鎮,23.898143,120.366378,True,室內設施,雲林,雲林市,62,23.15,Low Risk,風險較低,35
麒麟宮代化堂集會所,南投縣魚池鄉,23.8983,120.9396,True,室內設施,南投,南投市,55,26.03,Low Risk,風險較低,35
永豐社區活動中心,彰化縣埤頭鄉,23.898467,120.450794,True,室內設施,彰化,彰化市,68,21.95,Low Risk,風險較低,35
新興社區活動中心,彰化縣田尾鄉,23.898593,120.558394,True,室內設施,南投,南投市,55,12.81,Low Risk,風險較低,30
魚池國小,南投縣魚池鄉,23.899,120.9373,True,室內設施,南投,南投市,55,25.8,Low Risk,風險較低,35
長興長寮尾活動中心,南投縣魚池鄉,23.8992,120.9533,True,室內設施,南投,南投市,55,27.42,Low Risk,風險較低,35
龍安社區活動中心,南投縣中寮鄉,23.8996,120.7592,True,室內設施,南投,南投市,55,7.75,Low Risk,風險較低,25
月眉活動中心,花蓮縣壽豐鄉,23.8996,121.554,True,室內設施,花蓮,花蓮市,35,9.86,Low Risk,風險較低,0
三鹿社區活動中心,臺中市沙鹿區,23.899861,120.364822,True,室內設施,雲林,雲林市,62,23.38,Low Risk,風險較低,35
二林國小,彰化縣二林鎮,23.8999,120.3716,True,室內設施,雲林,雲林市,62,23.19,Low Risk,風險較低,35
中正國小,彰化縣二林鎮,23.8999,120.3773,True,室內設施,雲林,雲林市,62,23.04,Low Risk,風險較低,35
新厝社區活動中心,彰化縣田尾鄉,23.899999,120.503867,True,室內設施,南投,南投市,55,18.32,Low Risk,風險較低,30
原斗國小,彰化縣二林鎮,23.9005,120.3754,True,室內設施,雲林,雲林市,62,23.16,Low Risk,風險較低,35
社頭國中,彰化縣社頭鄉,23.901267,120.582081,True,室內設施,南投,南投市,55,10.38,Low Risk,風險較低,30
仁豐國小,彰化縣田尾鄉,23.902513,120.508227,True,室內設施,南投,南投市,55,17.87,Low Risk,風險較低,30
三和里災民收容所里集會所,南投縣南投市,23.9026,120.6859,True,室內設施,南投,南投市,55,0.81,Low Risk,風險較低,25
豐田社區活動中心,彰化縣田尾鄉,23.903422,120.510873,True,室內設施,南投,南投市,55,17.59,Low Risk,風險較低,30
三興里災民收容所南投高商活動中心,南投縣南投市,23.9039,120.6853,True,室內設施,南投,南投市,55,0.65,Low Risk,風險較低,25
打簾社區活動中心,彰化縣田尾鄉,23.904866,120.529979,True,室內設施,南投,南投市,55,15.65,Low Risk,風險較低,30
志學活動中心,花蓮縣壽豐鄉,23.9053,121.5322,True,室內設施,花蓮,花蓮市,35,10.68,Low Risk,風險較低,5
崇文里災民收容所南投國小活動中心,南投縣南投市,23.9058,120.6839,True,室內設施,南投,南投市,55,0.42,Low Risk,風險較低,25
彰仁里災民收容所南投國小活動中心,南投縣南投市,23.9058,120.6839,True,室內設施,南投,南投市,55,0.42,Low Risk,風險較低,25
新城村避難所,南投縣魚池鄉,23.9059,120.9259,True,室內設施,南投,南投市,55,24.61,Low Risk,風險較低,35
中寮國小活動中心,南投縣中寮鄉,23.906,120.8067,True,室內設施,南投,南投市,55,12.5,Low Risk,風險較低,30
新莊社區活動中心,彰化縣永靖鄉,23.906852,120.553913,True,室內設施,南投,南投市,55,13.21,Low Risk,風險較低,30
永靖國中,彰化縣永靖鄉,23.906852,120.553913,True,室內設施,南投,南投市,55,13.21,Low Risk,風險較低,30
原斗社區活動中心,彰化縣二林鎮,23.907276,120.436185,True,室內設施,彰化,彰化市,68,21.77,Low Risk,風險較低,35
西斗社區活動中心,彰化縣二林鎮,23.907276,120.436185,True,室內設施,彰化,彰化市,68,21.77,Low Risk,風險較低,35
東和里集會所,彰化縣二林鎮,23.907276,120.436185,True,室內設施,彰化,彰化市,68,21.77,Low Risk,風險較低,35
大永社區活動中心,彰化縣二林鎮,23.907276,120.436185,True,室內設施,彰化,彰化市,68,21.77,Low Risk,風險較低,35
東勢社區活動中心,彰化縣二林鎮,23.907276,120.436185,True,室內設施,彰化,彰化市,68,21.77,Low Risk,風險較低,35
新興宮,彰化縣二林鎮,23.907276,120.436185,True,室內設施,彰化,彰化市,68,21.77,Low Risk,風險較低,35
復豐社區活動中心,彰化縣二林鎮,23.907276,120.436185,True,室內設施,彰化,彰化市,68,21.77,Low Risk,風險較低,35
慈聖?,彰化縣二林鎮,23.907276,120.436185,True,室內設施,彰化,彰化市,68,21.77,Low Risk,風險較低,35
南光社區活動中心,彰化縣二林鎮,23.907276,120.436185,True,室內設施,彰化,彰化市,68,21.77,Low Risk,風險較低,35
中正村社區活動中心,南投縣仁愛鄉,23.907318,120.98989,True,室內設施,南投,南投市,55,31.12,Low Risk,風險較低,35
朝興國小,彰化縣社頭鄉,23.908289,120.604063,True,室內設施,南投,南投市,55,8.11,Low Risk,風險較低,25
養靈社區活動養靈社區活動中心山楂腳,南投縣魚池鄉,23.9089,120.9149,True,室內設施,南投,南投市,55,23.49,Low Risk,風險較低,35
振興里災民收容所里辦公處,南投縣南投市,23.9095,120.6961,True,室內設施,南投,南投市,55,1.25,Low Risk,風險較低,25
仁和里災民收容所市區7里聯合辦公處,南投縣南投市,23.9101,120.6858,True,室內設施,南投,南投市,55,0.21,Low Risk,風險較低,25
南投里災民收容所市區七里聯合辦公處,南投縣南投市,23.9101,120.6858,True,室內設施,南投,南投市,55,0.21,Low Risk,風險較低,25
三民里災民收容所南投高中,南投縣南投市,23.9105,120.6809,True,室內設施,南投,南投市,55,0.31,Low Risk,風險較低,25
湳港社區活動中心,彰化縣永靖鄉,23.910928,120.548393,True,室內設施,南投,南投市,55,13.77,Low Risk,風險較低,30
五福社區活動中心,彰化縣永靖鄉,23.911429,120.541084,True,室內設施,南投,南投市,55,14.51,Low Risk,風險較低,30
溪畔社區活動中心,彰化縣田尾鄉,23.912249,120.536106,True,室內設施,南投,南投市,55,15.02,Low Risk,風險較低,30
福山里災民收容所社區活動中心,南投縣南投市,23.9131,120.6376,True,室內設施,南投,南投市,55,4.71,Low Risk,風險較低,25
平和里災民收容所平和國小活動中心,南投縣南投市,23.9132,120.6912,True,室內設施,南投,南投市,55,0.85,Low Risk,風險較低,25
龍泉里災民收容所康壽國小活動中心,南投縣南投市,23.9133,120.6863,True,室內設施,南投,南投市,55,0.48,Low Risk,風險較低,25
康壽里災民收容所康壽國小活動中心,南投縣南投市,23.9133,120.6863,True,室內設施,南投,南投市,55,0.48,Low Risk,風險較低,25
漳和里災民收容所漳和里活動中心,南投縣南投市,23.9134,120.6738,True,室內設施,南投,南投市,55,1.1,Low Risk,風險較低,25
漳和里災民收容所南投國中活動中心,南投縣南投市,23.9137,120.6769,True,室內設施,南投,南投市,55,0.84,Low Risk,風險較低,25
武界基督長老教會,南投縣仁愛鄉,23.913769,121.042737,True,室內設施,南投,南投市,55,36.49,Low Risk,風險較低,35
港西社區活動中心,彰化縣永靖鄉,23.914104,120.541515,True,室內設施,南投,南投市,55,14.47,Low Risk,風險較低,30
漳興里災民收容所社區活動中心,南投縣南投市,23.9146,120.681,True,室內設施,南投,南投市,55,0.62,Low Risk,風險較低,25
大雁村集會所,南投縣魚池鄉,23.9166,120.9193,True,室內設施,南投,南投市,55,23.95,Low Risk,風險較低,35
豐崙國小,彰化縣埤頭鄉,23.9172,120.4602,True,室內設施,彰化,彰化市,68,19.66,Low Risk,風險較低,30
陸豐國小,彰化縣田尾鄉,23.917345,120.505044,True,室內設施,彰化,彰化市,68,18.17,Low Risk,風險較低,30
永南社區活動中心,彰化縣永靖鄉,23.918325,120.542396,True,室內設施,南投,南投市,55,14.41,Low Risk,風險較低,30
福興社區活動中心,彰化縣永靖鄉,23.918644,120.513506,True,室內設施,南投,南投市,55,17.34,Low Risk,風險較低,30
橋頭國小,彰化縣社頭鄉,23.9187,120.579834,True,室內設施,南投,南投市,55,10.62,Low Risk,風險較低,30
沛霖宮,彰化縣田尾鄉,23.918704,120.498374,True,室內設施,彰化,彰化市,68,18.18,Low Risk,風險較低,30
獨鰲社區活動中心,彰化縣永靖鄉,23.919024,120.531449,True,室內設施,南投,南投市,55,15.52,Low Risk,風險較低,30
共和國小,南投縣魚池鄉,23.9192,120.9663,True,室內設施,南投,南投市,55,28.74,Low Risk,風險較低,35
池南活動中心,花蓮縣壽豐鄉,23.9197,121.506,True,室內設施,花蓮,花蓮市,35,11.71,Low Risk,風險較低,5
浮圳社區活動中心,彰化縣永靖鄉,23.920049,120.560075,True,室內設施,南投,南投市,55,12.63,Low Risk,風險較低,30
湳雅國小,彰化縣社頭鄉,23.920353,120.601444,True,室內設施,南投,南投市,55,8.46,Low Risk,風險較低,25
崙美社區活動中心,彰化縣永靖鄉,23.920355,120.538616,True,室內設施,南投,南投市,55,14.81,Low Risk,風險較低,30
軍功里災民收容所里活動中心,南投縣南投市,23.9208,120.7003,True,室內設施,南投,南投市,55,2.09,Low Risk,風險較低,25
後寮國小,彰化縣芳苑鄉,23.9209,120.3417,True,室內設施,雲林,雲林市,62,26.36,Low Risk,風險較低,35
陸豐社區活動中心,彰化縣田尾鄉,23.920935,120.50099,True,室內設施,彰化,彰化市,68,17.88,Low Risk,風險較低,30
張厝村集會所,彰化縣社頭鄉,23.920935,120.50099,True,室內設施,彰化,彰化市,68,17.88,Low Risk,風險較低,30
平山里災民收容所平山里辦公處,南投縣南投市,23.921,120.6749,True,室內設施,南投,南投市,55,1.56,Low Risk,風險較低,25
甘霖宮,彰化縣永靖鄉,23.92112,120.541331,True,室內設施,南投,南投市,55,14.54,Low Risk,風險較低,30
福盛社區活動中心,南投縣中寮鄉,23.9236,120.7318,True,室內設施,南投,南投市,55,5.12,Low Risk,風險較低,25
東山里災民收容所觀音寺,南投縣南投市,23.9238,120.7167,True,室內設施,南投,南投市,55,3.7,Low Risk,風險較低,25
聖興宮,彰化縣永靖鄉,23.923805,120.569898,True,室內設施,南投,南投市,55,11.69,Low Risk,風險較低,30
竹子社區活動中心,彰化縣永靖鄉,23.924464,120.503855,True,室內設施,彰化,彰化市,68,17.43,Low Risk,風險較低,30
鳳鳴里災民收容所鳳鳴國中禮堂,南投縣南投市,23.9248,120.6397,True,室內設施,南投,南投市,55,4.79,Low Risk,風險較低,25
四芳社區活動中心,彰化縣永靖鄉,23.925579,120.522486,True,室內設施,南投,南投市,55,16.49,Low Risk,風險較低,30
同安社區活動中心,彰化縣永靖鄉,23.925671,120.528556,True,室內設施,南投,南投市,55,15.88,Low Risk,風險較低,30
光雲社區活動中心,彰化縣永靖鄉,23.92713,120.555617,True,室內設施,南投,南投市,55,13.17,Low Risk,風險較低,30
湳墘社區活動中心,彰化縣永靖鄉,23.92828,120.532649,True,室內設施,南投,南投市,55,15.5,Low Risk,風險較低,30
同仁社區活動中心,彰化縣永靖鄉,23.92828,120.532649,True,室內設施,南投,南投市,55,15.5,Low Risk,風險較低,30
新興里災民收容所新豐國小禮堂,南投縣南投市,23.9294,120.6724,True,室內設施,南投,南投市,55,2.49,Low Risk,風險較低,25
麒麟國小,南投縣埔里鎮,23.9304,120.99,True,室內設施,南投,南投市,55,31.21,Low Risk,風險較低,35
崙子社區活動中心,彰化縣永靖鄉,23.930578,120.566311,True,室內設施,南投,南投市,55,12.17,Low Risk,風險較低,30
五汴社區活動中心,彰化縣永靖鄉,23.9307,120.558809,True,室內設施,南投,南投市,55,12.92,Low Risk,風險較低,30
西勢社區活動中心,彰化縣溪湖鎮,23.931225,120.476644,True,室內設施,彰化,彰化市,68,17.56,Low Risk,風險較低,30
愛蘭里集會所,南投縣埔里鎮,23.9314,120.9902,True,室內設施,南投,南投市,55,31.24,Low Risk,風險較低,35
和興社區活動中心,南投縣中寮鄉,23.9322,120.7501,True,室內設施,南投,南投市,55,7.19,Low Risk,風險較低,25
內興里災民收容所德興國小活動中心,南投縣南投市,23.9325,120.693,True,室內設施,南投,南投市,55,2.71,Low Risk,風險較低,25
光華活動中心,花蓮縣吉安鄉,23.934,121.578,True,室內設施,花蓮,花蓮市,35,5.33,Low Risk,風險較低,0
義和村集會所,南投縣中寮鄉,23.9349,120.7601,True,室內設施,南投,南投市,55,8.25,Low Risk,風險較低,25
內新里災民收容所內新里集會所,南投縣南投市,23.9357,120.6903,True,室內設施,南投,南投市,55,2.98,Low Risk,風險較低,25
義和社區活動中心,南投縣中寮鄉,23.9359,120.7589,True,室內設施,南投,南投市,55,8.17,Low Risk,風險較低,25
港源社區五榖宮,南投縣國姓鄉,23.9366,120.8663,True,室內設施,南投,南投市,55,18.79,Low Risk,風險較低,30
龍岩村集會所,南投縣中寮鄉,23.9376,120.7629,True,室內設施,南投,南投市,55,8.62,Low Risk,風險較低,25
珠格里集會所,南投縣埔里鎮,23.9376,120.9584,True,室內設施,南投,南投市,55,28.08,Low Risk,風險較低,35
太平國小,彰化縣埔心鄉,23.938168,120.552667,True,室內設施,南投,南投市,55,13.7,Low Risk,風險較低,30
埔心鄉立幼兒園,彰化縣埔心鄉,23.9385,120.5513,True,室內設施,南投,南投市,55,13.85,Low Risk,風險較低,30
永豐里災民收容所里辦公處,南投縣南投市,23.9385,120.6703,True,室內設施,南投,南投市,55,3.49,Low Risk,風險較低,25
湳底社區活動中心,彰化縣溪湖鎮,23.940604,120.507252,True,室內設施,彰化,彰化市,68,15.6,Low Risk,風險較低,30
鳳山里災民收容所鳳山里集會所,南投縣南投市,23.9409,120.6379,True,室內設施,南投,南投市,55,5.82,Low Risk,風險較低,25
金龍宮,南投縣埔里鎮,23.9409,120.9707,True,室內設施,南投,南投市,55,29.37,Low Risk,風險較低,35
媽厝國小,彰化縣溪湖鎮,23.941071,120.496339,True,室內設施,彰化,彰化市,68,15.84,Low Risk,風險較低,30
清水社區活動中心,南投縣中寮鄉,23.9415,120.7725,True,室內設施,南投,南投市,55,9.69,Low Risk,風險較低,25
光明里災民收容所光復國小導師室地下室,南投縣南投市,23.9416,120.7024,True,室內設施,南投,南投市,55,4.03,Low Risk,風險較低,25
桃米里集會所,南投縣埔里鎮,23.9424,120.9269,True,室內設施,南投,南投市,55,24.98,Low Risk,風險較低,35
營南里災民收容所營南里集會所,南投縣南投市,23.9438,120.6754,True,室內設施,南投,南投市,55,3.9,Low Risk,風險較低,25
福興里災民收容所福興里集會所永興宮,南投縣南投市,23.944121,120.665769,True,室內設施,南投,南投市,55,4.25,Low Risk,風險較低,25
水頭里集會所,南投縣埔里鎮,23.9446,120.9799,True,室內設施,南投,南投市,55,30.35,Low Risk,風險較低,35
廣福國小活動中心,南投縣中寮鄉,23.9447,120.7883,True,室內設施,南投,南投市,55,11.32,Low Risk,風險較低,30
美港社區活動中心,彰化縣大村鄉,23.944818,120.562457,True,室內設施,南投,南投市,55,12.94,Low Risk,風險較低,30
溪南里集會所醒覺堂,南投縣埔里鎮,23.945,120.9567,True,室內設施,南投,南投市,55,28.02,Low Risk,風險較低,35
福興里災民收容所三玄宮,南投縣南投市,23.9467,120.6593,True,室內設施,南投,南投市,55,4.82,Low Risk,風險較低,25
永福社區活動中心,南投縣中寮鄉,23.9471,120.791,True,室內設施,南投,南投市,55,11.67,Low Risk,風險較低,30
萬豐國小,南投縣仁愛鄉,23.947392,121.07602,True,室內設施,南投,南投市,55,40.09,Low Risk,風險較低,35
干城活動中心,花蓮縣吉安鄉,23.9474,121.545,True,室內設施,花蓮,花蓮市,35,6.73,Low Risk,風險較低,0
文蘭活動中心,花蓮縣秀林鄉,23.9479,121.5068,True,室內設施,花蓮,花蓮市,35,10.3,Low Risk,風險較低,5
舊館國小,彰化縣埔心鄉,23.948035,120.525928,True,室內設施,彰化,彰化市,68,14.45,Low Risk,風險較低,30
二林工商,彰化縣二林鎮,23.9482,120.4428,True,室內設施,彰化,彰化市,68,17.57,Low Risk,風險較低,30
大庭社區活動中心,彰化縣溪湖鎮,23.949215,120.498582,True,室內設施,彰化,彰化市,68,14.91,Low Risk,風險較低,30
光榮里災民收容所省政府青少年活動中心,南投縣南投市,23.9498,120.6962,True,室內設施,南投,南投市,55,4.64,Low Risk,風險較低,25
國立暨南大學體育健康中心,南投縣埔里鎮,23.950278,120.93,True,室內設施,南投,南投市,55,25.43,Low Risk,風險較低,35
南港國小1甲-6甲與3間專科教室,南投縣國姓鄉,23.9504,120.8693,True,室內設施,南投,南投市,55,19.39,Low Risk,風險較低,30
南港社區活動中心,南投縣國姓鄉,23.9508,120.8695,True,室內設施,南投,南投市,55,19.42,Low Risk,風險較低,30
明聖國小,彰化縣埔心鄉,23.951445,120.557191,True,室內設施,南投,南投市,55,13.68,Low Risk,風險較低,30
仁安活動中心,花蓮縣吉安鄉,23.9517,121.5968,True,室內設施,花蓮,花蓮市,35,2.77,Low Risk,風險較低,0
光華里災民收容所光華國小活動中心,南投縣南投市,23.9522,120.6908,True,室內設施,南投,南投市,55,4.79,Low Risk,風險較低,25
營北里災民收容所營北里辦公處,南投縣南投市,23.9524,120.6877,True,室內設施,南投,南投市,55,4.78,Low Risk,風險較低,25
員林市育英國小,彰化縣員林市,23.9526,120.5742,True,室內設施,南投,南投市,55,12.12,Low Risk,風險較低,30
南華活動中心,花蓮縣吉安鄉,23.9527,121.5513,True,室內設施,花蓮,花蓮市,35,5.89,Low Risk,風險較低,0
埔心鄉公所,彰化縣埔心鄉,23.9531,120.5435,True,室內設施,彰化,彰化市,68,13.79,Low Risk,風險較低,30
埔心國小,彰化縣埔心鄉,23.953935,120.544016,True,室內設施,彰化,彰化市,68,13.7,Low Risk,風險較低,30
東溪國小,彰化縣溪湖鎮,23.953975,120.497939,True,室內設施,彰化,彰化市,68,14.43,Low Risk,風險較低,30
埔心國中,彰化縣埔心鄉,23.95404,120.543018,True,室內設施,彰化,彰化市,68,13.68,Low Risk,風險較低,30
稻香活動中心,花蓮縣吉安鄉,23.9548,121.5757,True,室內設施,花蓮,花蓮市,35,3.66,Low Risk,風險較低,0
永興活動中心,花蓮縣吉安鄉,23.955,121.5683,True,室內設施,花蓮,花蓮市,35,4.26,Low Risk,風險較低,0
仁和活動中心,花蓮縣吉安鄉,23.9563,121.5876,True,室內設施,花蓮,花蓮市,35,2.71,Low Risk,風險較低,0
田中社區活動中心,彰化縣溪湖鎮,23.956799,120.46673,True,室內設施,彰化,彰化市,68,15.45,Low Risk,風險較低,30
老人文康中心,彰化縣溪湖鎮,23.956882,120.47851,True,室內設施,彰化,彰化市,68,14.88,Low Risk,風險較低,30
成功里集會所,南投縣埔里鎮,23.9575,120.8946,True,室內設施,南投,南投市,55,22.08,Low Risk,風險較低,35
枇杷里集會所,南投縣埔里鎮,23.9579,120.9766,True,室內設施,南投,南投市,55,30.24,Low Risk,風險較低,35
草湖國中,彰化縣芳苑鄉,23.9583,120.3784,True,室內設施,彰化,彰化市,68,21.29,Low Risk,風險較低,35
員林市西區體館,彰化縣員林市,23.9587,120.5642,True,室內設施,南投,南投市,55,13.33,Low Risk,風險較低,30
杷城里集會所,南投縣埔里鎮,23.9588,120.9699,True,室內設施,南投,南投市,55,29.59,Low Risk,風險較低,35
員林市公所三樓禮堂,彰化縣員林市,23.9591,120.5743,True,室內設施,南投,南投市,55,12.42,Low Risk,風險較低,30
溪湖鎮公所,彰化縣溪湖鎮,23.95923,120.478529,True,室內設施,彰化,彰化市,68,14.64,Low Risk,風險較低,30
溪湖國小,彰化縣溪湖鎮,23.95923,120.478529,True,室內設施,彰化,彰化市,68,14.64,Low Risk,風險較低,30
同聲集會所,南投縣埔里鎮,23.9594,120.9655,True,室內設施,南投,南投市,55,29.16,Low Risk,風險較低,35
湖西國小,彰化縣溪湖鎮,23.959709,120.467753,True,室內設施,彰化,彰化市,68,15.12,Low Risk,風險較低,30
南埔社區活動中心,南投縣草屯鎮,23.9599,120.6633,True,室內設施,南投,南投市,55,5.97,Low Risk,風險較低,25
光輝里災民收容所里集會所,南投縣南投市,23.9601,120.6861,True,室內設施,南投,南投市,55,5.62,Low Risk,風險較低,25
紫微宮,南投縣草屯鎮,23.9611,120.6689,True,室內設施,南投,南投市,55,5.92,Low Risk,風險較低,25
南埔里集會所,南投縣草屯鎮,23.9611,120.6845,True,室內設施,南投,南投市,55,5.73,Low Risk,風險較低,25
草屯國小禮堂,南投縣草屯鎮,23.9629,120.6845,True,室內設施,南投,南投市,55,5.93,Low Risk,風險較低,25
河東社區活動中心,彰化縣溪湖鎮,23.962975,120.448106,True,室內設施,彰化,彰化市,68,15.92,Low Risk,風險較低,30
薰化里集會所,南投縣埔里鎮,23.9635,120.9623,True,室內設施,南投,南投市,55,28.93,Low Risk,風險較低,35
清新里集會所,南投縣埔里鎮,23.9635,120.9623,True,室內設施,南投,南投市,55,28.93,Low Risk,風險較低,35
南門里集會所,南投縣埔里鎮,23.9637,120.9669,True,室內設施,南投,南投市,55,29.39,Low Risk,風險較低,35
義民祠,南投縣埔里鎮,23.9638,120.9446,True,室內設施,南投,南投市,55,27.18,Low Risk,風險較低,35
湖東國小,彰化縣溪湖鎮,23.963927,120.482373,True,室內設施,彰化,彰化市,68,14.0,Low Risk,風險較低,30
福安宮,彰化縣溪湖鎮,23.96397,120.479389,True,室內設施,彰化,彰化市,68,14.13,Low Risk,風險較低,30
王功國小,彰化縣芳苑鄉,23.9642,120.342,True,室內設施,彰化,彰化市,68,23.95,Low Risk,風險較低,35
虎山國小禮堂,南投縣草屯鎮,23.9648,120.6809,True,室內設施,南投,南投市,55,6.15,Low Risk,風險較低,25
銅門收容所,花蓮縣秀林鄉,23.965,121.4944,True,室內設施,花蓮,花蓮市,35,11.14,Low Risk,風險較低,5
湖北國小,彰化縣溪湖鎮,23.965221,120.47679,True,室內設施,彰化,彰化市,68,14.13,Low Risk,風險較低,30
春陽活動中心,南投縣仁愛鄉,23.965785,121.211132,True,室內設施,花蓮,花蓮市,35,39.87,Low Risk,風險較低,10
東昌活動中心,花蓮縣吉安鄉,23.9658,121.5953,True,室內設施,花蓮,花蓮市,35,1.39,Low Risk,風險較低,0
太清宮,南投縣草屯鎮,23.9669,120.739,True,室內設施,南投,南投市,55,8.49,Low Risk,風險較低,25
員林市僑信國小,彰化縣員林市,23.967,120.5716,True,室內設施,彰化,彰化市,68,12.59,Low Risk,風險較低,30
泰安里集會所,南投縣埔里鎮,23.9671,120.9756,True,室內設施,南投,南投市,55,30.34,Low Risk,風險較低,35
平林里集會所,南投縣草屯鎮,23.9673,120.7397,True,室內設施,南投,南投市,55,8.57,Low Risk,風險較低,25
員林市東山國小,彰化縣員林市,23.9678,120.601,True,室內設施,南投,南投市,55,10.62,Low Risk,風險較低,30
石川里集會所,南投縣草屯鎮,23.968,120.7451,True,室內設施,南投,南投市,55,9.0,Low Risk,風險較低,25
西門里集會所,南投縣埔里鎮,23.9681,120.9643,True,室內設施,南投,南投市,55,29.24,Low Risk,風險較低,35
仁里活動中心,花蓮縣吉安鄉,23.9684,121.5925,True,室內設施,花蓮,花蓮市,35,1.39,Low Risk,風險較低,0
親愛村活動中心,南投縣仁愛鄉,23.968466,121.107902,True,室內設施,南投,南投市,55,43.6,Low Risk,風險較低,35
御史里舊集會所,南投縣草屯鎮,23.9686,120.6685,True,室內設施,南投,南投市,55,6.74,Low Risk,風險較低,25
主農社區活動中心,花蓮縣花蓮市,23.9688,121.5968,True,室內設施,花蓮,花蓮市,35,1.04,Low Risk,風險較低,0
福興活動中心,花蓮縣吉安鄉,23.9689,121.5624,True,室內設施,花蓮,花蓮市,35,4.24,Low Risk,風險較低,0
土城國小禮堂,南投縣草屯鎮,23.9691,120.6763,True,室內設施,南投,南投市,55,6.66,Low Risk,風險較低,25
坪頂國小禮堂,南投縣草屯鎮,23.9692,120.6657,True,室內設施,南投,南投市,55,6.88,Low Risk,風險較低,25
鳳霞國小,彰化縣埔心鄉,23.969739,120.526197,True,室內設施,彰化,彰化市,68,12.06,Low Risk,風險較低,30
敦和國小禮堂,南投縣草屯鎮,23.9698,120.668,True,室內設施,南投,南投市,55,6.88,Low Risk,風險較低,25
南昌活動中心,花蓮縣吉安鄉,23.9704,121.5797,True,室內設施,花蓮,花蓮市,35,2.48,Low Risk,風險較低,0
梧鳳國小,彰化縣埔心鄉,23.970465,120.512005,True,室內設施,彰化,彰化市,68,12.26,Low Risk,風險較低,30
慈恩社區活動中心,南投縣埔里鎮,23.9712,120.9598,True,室內設施,南投,南投市,55,28.87,Low Risk,風險較低,35
中正國小,花蓮縣花蓮市,23.9717,121.5997,True,室內設施,花蓮,花蓮市,35,0.6,Low Risk,風險較低,0
中原國小文中三國中預定地,花蓮縣花蓮市,23.9718,121.5964,True,室內設施,花蓮,花蓮市,35,0.84,Low Risk,風險較低,0
石川社區活動中心,南投縣草屯鎮,23.9719,120.6606,True,室內設施,南投,南投市,55,7.32,Low Risk,風險較低,25
加老里集會所,南投縣草屯鎮,23.972,120.6837,True,室內設施,南投,南投市,55,6.94,Low Risk,風險較低,25
大城社區活動中心,南投縣埔里鎮,23.9721,120.9589,True,室內設施,南投,南投市,55,28.81,Low Risk,風險較低,35
中竹社區活動中心,彰化縣溪湖鎮,23.973162,120.504958,True,室內設施,彰化,彰化市,68,12.18,Low Risk,風險較低,30
新興社區活動中心,彰化縣大村鄉,23.973249,120.537435,True,室內設施,彰化,彰化市,68,11.56,Low Risk,風險較低,30
虎山社區活動中心,南投縣埔里鎮,23.9734,120.9777,True,室內設施,南投,南投市,55,30.7,Low Risk,風險較低,35
吉安國小,花蓮縣吉安鄉,23.9734,121.5628,True,室內設施,花蓮,花蓮市,35,4.13,Low Risk,風險較低,0
花蓮城隍廟香客大樓,花蓮縣花蓮市,23.9734,121.6058,True,室內設施,花蓮,花蓮市,35,0.37,Low Risk,風險較低,0
恆吉活動中心,南投縣埔里鎮,23.9736,120.9498,True,室內設施,南投,南投市,55,27.95,Low Risk,風險較低,35
吉安活動中心,花蓮縣吉安鄉,23.9736,121.5643,True,室內設施,花蓮,花蓮市,35,3.98,Low Risk,風險較低,0
通天宮,彰化縣溪湖鎮,23.973695,120.47264,True,室內設施,彰化,彰化市,68,13.53,Low Risk,風險較低,30
五穀宮,花蓮縣吉安鄉,23.974,121.5742,True,室內設施,花蓮,花蓮市,35,2.97,Low Risk,風險較低,0
親愛國小萬大分校,南投縣仁愛鄉,23.974175,121.127976,True,室內設施,南投,南投市,55,45.71,Low Risk,風險較低,35
雙冬社區活動中心,南投縣草屯鎮,23.9749,120.7039,True,室內設施,南投,南投市,55,7.54,Low Risk,風險較低,25
勝安活動中心,花蓮縣吉安鄉,23.9754,121.5869,True,室內設施,花蓮,花蓮市,35,1.68,Low Risk,風險較低,0
宜昌活動中心,花蓮縣吉安鄉,23.9756,121.5832,True,室內設施,花蓮,花蓮市,35,2.05,Low Risk,風險較低,0
忠孝國小,花蓮縣花蓮市,23.9756,121.5986,True,室內設施,花蓮,花蓮市,35,0.49,Low Risk,風險較低,0
主權社區活動中心,花蓮縣花蓮市,23.9757,121.5938,True,室內設施,花蓮,花蓮市,35,0.98,Low Risk,風險較低,0
蜈蚣里集會所,南投縣埔里鎮,23.9767,120.9897,True,室內設施,南投,南投市,55,31.97,Low Risk,風險較低,35
南村里集會所,南投縣埔里鎮,23.976883,120.919707,True,室內設施,南投,南投市,55,25.11,Low Risk,風險較低,35
碧洲社區活動中心,南投縣草屯鎮,23.9773,120.6864,True,室內設施,南投,南投市,55,7.53,Low Risk,風險較低,25
勝安宮,花蓮縣吉安鄉,23.9777,121.5867,True,室內設施,花蓮,花蓮市,35,1.71,Low Risk,風險較低,0
敦和里集會所,南投縣草屯鎮,23.9778,120.7005,True,室內設施,南投,南投市,55,7.77,Low Risk,風險較低,25
聖地慈惠堂,花蓮縣吉安鄉,23.978,121.586,True,室內設施,花蓮,花蓮市,35,1.78,Low Risk,風險較低,0
中正體育館,花蓮縣花蓮市,23.978,121.6142,True,室內設施,花蓮,花蓮市,35,1.12,Low Risk,風險較低,0
國風國中,花蓮縣花蓮市,23.9785,121.5954,True,室內設施,花蓮,花蓮市,35,0.86,Low Risk,風險較低,0
新寶國小,彰化縣芳苑鄉,23.978617,120.35004,True,室內設施,彰化,彰化市,68,22.43,Low Risk,風險較低,35
山腳社區活動中心,南投縣草屯鎮,23.9788,120.7257,False,戶外設施,南投,南投市,55,8.79,Warning,最近測站 AQI 55 > 50 且為戶外設施,45
碧峰里集會所,南投縣草屯鎮,23.9789,120.7177,True,室內設施,南投,南投市,55,8.44,Low Risk,風險較低,25
明義國小,花蓮縣花蓮市,23.979,121.6029,True,室內設施,花蓮,花蓮市,35,0.35,Low Risk,風險較低,0
房里里集會所,南投縣埔里鎮,23.9791,120.9493,True,室內設施,南投,南投市,55,28.07,Low Risk,風險較低,35
南埔將軍廟文教中心,南投縣草屯鎮,23.9797,120.6982,True,室內設施,南投,南投市,55,7.93,Low Risk,風險較低,25
大園國小,彰化縣埔鹽鄉,23.9798,120.4882,True,室內設施,彰化,彰化市,68,12.16,Low Risk,風險較低,30
旭光高中禮堂,南投縣草屯鎮,23.9799,120.6866,True,室內設施,南投,南投市,55,7.82,Low Risk,風險較低,25
富寮里集會所,南投縣草屯鎮,23.9801,120.6947,True,室內設施,南投,南投市,55,7.92,Low Risk,風險較低,25
平林國小禮堂,南投縣草屯鎮,23.9801,120.721,True,室內設施,南投,南投市,55,8.7,Low Risk,風險較低,25
新庄里集會所,南投縣草屯鎮,23.9803,120.6806,True,室內設施,南投,南投市,55,7.87,Low Risk,風險較低,25
上林老人活動中心,南投縣草屯鎮,23.9804,120.6799,True,室內設施,南投,南投市,55,7.88,Low Risk,風險較低,25
北山國中,南投縣國姓鄉,23.9805,120.8736,True,室內設施,南投,南投市,55,20.84,Low Risk,風險較低,35
北山國小1甲-6甲與6間專科教室,南投縣國姓鄉,23.9808,120.8939,True,室內設施,南投,南投市,55,22.77,Low Risk,風險較低,35
籃城社區活動中心,南投縣埔里鎮,23.981,120.9567,True,室內設施,南投,南投市,55,28.85,Low Risk,風險較低,35
加興宮,南投縣草屯鎮,23.9813,120.6872,True,室內設施,南投,南投市,55,7.98,Low Risk,風險較低,25
龍泉宮,南投縣草屯鎮,23.9815,120.7911,True,室內設施,南投,南投市,55,13.52,Low Risk,風險較低,30
碧峰國小禮堂,南投縣草屯鎮,23.9817,120.6775,True,室內設施,南投,南投市,55,8.04,Low Risk,風險較低,25
南天宮,南投縣國姓鄉,23.9817,120.8724,True,室內設施,南投,南投市,55,20.78,Low Risk,風險較低,35
嘉長宮,南投縣草屯鎮,23.9818,120.7911,True,室內設施,南投,南投市,55,13.54,Low Risk,風險較低,30
花蓮市公所,花蓮縣花蓮市,23.9821,121.6068,True,室內設施,花蓮,花蓮市,35,0.77,Low Risk,風險較低,0
慶豐活動中心,花蓮縣吉安鄉,23.9825,121.5632,True,室內設施,花蓮,花蓮市,35,4.15,Low Risk,風險較低,0
敦和宮,南投縣草屯鎮,23.9835,120.664,True,室內設施,南投,南投市,55,8.46,Low Risk,風險較低,25
國立花蓮農業職業學校,花蓮縣花蓮市,23.9836,121.599,True,室內設施,花蓮,花蓮市,35,0.97,Low Risk,風險較低,0
中原國小禮堂,南投縣草屯鎮,23.984,120.7428,True,室內設施,南投,南投市,55,10.22,Low Risk,風險較低,30
大西國小,彰化縣大村鄉,23.9841,120.5261,True,室內設施,彰化,彰化市,68,10.48,Low Risk,風險較低,30
永和宮,南投縣草屯鎮,23.9841,120.6638,True,室內設施,南投,南投市,55,8.53,Low Risk,風險較低,25
永安宮,南投縣草屯鎮,23.9847,120.7951,True,室內設施,南投,南投市,55,14.06,Low Risk,風險較低,30
天盛國小,彰化縣埔鹽鄉,23.985,120.4288,True,室內設施,彰化,彰化市,68,15.46,Low Risk,風險較低,30
坪頂社區活動中心,南投縣草屯鎮,23.9852,120.7206,True,室內設施,南投,南投市,55,9.2,Low Risk,風險較低,25
擺塘社區活動中心,彰化縣大村鄉,23.985318,120.559998,True,室內設施,彰化,彰化市,68,10.35,Low Risk,風險較低,30
埔鹽鄉立幼兒園,彰化縣埔鹽鄉,23.9858,120.4423,True,室內設施,彰化,彰化市,68,14.4,Low Risk,風險較低,30
新水國小,彰化縣埔鹽鄉,23.9858,120.4453,True,室內設施,彰化,彰化市,68,14.18,Low Risk,風險較低,30
花蓮高商,花蓮縣花蓮市,23.9865,121.6025,True,室內設施,花蓮,花蓮市,35,1.18,Low Risk,風險較低,0
北昌活動中心,花蓮縣吉安鄉,23.987,121.5947,True,室內設施,花蓮,花蓮市,35,1.52,Low Risk,風險較低,0
守成社區活動中心,南投縣埔里鎮,23.9872,120.9863,True,室內設施,南投,南投市,55,31.93,Low Risk,風險較低,35
草屯國中禮堂,南投縣草屯鎮,23.9876,120.7183,True,室內設施,南投,南投市,55,9.36,Low Risk,風險較低,25
富功國小禮堂,南投縣草屯鎮,23.9877,120.6624,True,室內設施,南投,南投市,55,8.95,Low Risk,風險較低,25
中原里集會所,南投縣草屯鎮,23.9879,120.7183,True,室內設施,南投,南投市,55,9.39,Low Risk,風險較低,25
南港國小,彰化縣埔鹽鄉,23.988,120.4958,True,室內設施,彰化,彰化市,68,11.0,Low Risk,風險較低,30
貢旗社區活動中心,彰化縣大村鄉,23.988147,120.538159,True,室內設施,彰化,彰化市,68,9.9,Low Risk,風險較低,25
大村國中,彰化縣大村鄉,23.9882,120.5655,True,室內設施,彰化,彰化市,68,10.15,Low Risk,風險較低,30
村上社區活動中心,彰化縣大村鄉,23.988403,120.566488,True,室內設施,彰化,彰化市,68,10.15,Low Risk,風險較低,30
加錫社區活動中心,彰化縣大村鄉,23.988689,120.524909,True,室內設施,彰化,彰化市,68,10.0,Low Risk,風險較低,25
向善里集會所,南投縣埔里鎮,23.9887,120.9253,True,室內設施,南投,南投市,55,26.07,Low Risk,風險較低,35
南美崙營區,花蓮縣花蓮市,23.9887,121.6157,True,室內設施,花蓮,花蓮市,35,1.89,Low Risk,風險較低,0
村上國小,彰化縣大村鄉,23.9889,120.5648,True,室內設施,彰化,彰化市,68,10.06,Low Risk,風險較低,30
永安活動中心,花蓮縣吉安鄉,23.989,121.5731,True,室內設施,花蓮,花蓮市,35,3.41,Low Risk,風險較低,0
北投里新集會所,南投縣草屯鎮,23.9892,120.6913,True,室內設施,南投,南投市,55,8.88,Low Risk,風險較低,25
大石社區活動中心,南投縣國姓鄉,23.9893,120.8616,True,室內設施,南投,南投市,55,20.12,Low Risk,風險較低,35
新豐里集會所,南投縣草屯鎮,23.9909,120.6894,True,室內設施,南投,南投市,55,9.06,Low Risk,風險較低,25
忠孝國小,南投縣埔里鎮,23.991,120.9798,True,室內設施,南投,南投市,55,31.41,Low Risk,風險較低,35
御史里新集會所,南投縣草屯鎮,23.9911,120.7643,True,室內設施,南投,南投市,55,12.21,Low Risk,風險較低,30
中華國小,花蓮縣花蓮市,23.992,121.607,True,室內設施,花蓮,花蓮市,35,1.83,Low Risk,風險較低,0
雙冬國小禮堂,南投縣草屯鎮,23.9922,120.6722,True,室內設施,南投,南投市,55,9.26,Low Risk,風險較低,25
鎮立幼兒園,南投縣草屯鎮,23.9923,120.7624,True,室內設施,南投,南投市,55,12.18,Low Risk,風險較低,30
埔鹽國小,彰化縣埔鹽鄉,23.9927,120.4766,True,室內設施,彰化,彰化市,68,11.54,Low Risk,風險較低,30
坪頂里集會所,南投縣草屯鎮,23.9927,120.7423,True,室內設施,南投,南投市,55,10.99,Low Risk,風險較低,30
過溝社區活動中心,彰化縣大村鄉,23.992766,120.554649,True,室內設施,彰化,彰化市,68,9.45,Low Risk,風險較低,25
鑄強國小,花蓮縣花蓮市,23.9928,121.6255,True,室內設施,花蓮,花蓮市,35,2.93,Low Risk,風險較低,0
村東國小,彰化縣大村鄉,23.9934,120.5856,True,室內設施,彰化,彰化市,68,10.27,Low Risk,風險較低,30
大村鄉公所,彰化縣大村鄉,23.9935,120.5472,True,室內設施,彰化,彰化市,68,9.31,Low Risk,風險較低,25
太昌活動中心,花蓮縣吉安鄉,23.9936,121.5639,True,室內設施,花蓮,花蓮市,35,4.47,Low Risk,風險較低,0
大村國小,彰化縣大村鄉,23.9937,120.5454,True,室內設施,彰化,彰化市,68,9.28,Low Risk,風險較低,25
集仙宮,南投縣草屯鎮,23.9938,120.6496,True,室內設施,南投,南投市,55,9.99,Low Risk,風險較低,25
老人文康中心,彰化縣埔鹽鄉,23.9946,120.4783,True,室內設施,彰化,彰化市,68,11.27,Low Risk,風險較低,30
大橋社區活動中心,彰化縣大村鄉,23.994646,120.560413,True,室內設施,彰化,彰化市,68,9.34,Low Risk,風險較低,25
明廉國小,花蓮縣花蓮市,23.995,121.5947,True,室內設施,花蓮,花蓮市,35,2.3,Low Risk,風險較低,0
紫雲宮,南投縣草屯鎮,23.9951,120.6679,True,室內設施,南投,南投市,55,9.64,Low Risk,風險較低,25
新庄國小禮堂,南投縣草屯鎮,23.9957,120.7173,True,室內設施,南投,南投市,55,10.16,Low Risk,風險較低,30
朝陽宮,南投縣草屯鎮,23.9958,120.7173,True,室內設施,南投,南投市,55,10.17,Low Risk,風險較低,30
田洋社區活動中心,彰化縣大村鄉,23.996098,120.533553,True,室內設施,彰化,彰化市,68,9.06,Low Risk,風險較低,25
"慈濟大學附設國民中學,小學",花蓮縣花蓮市,23.997,121.5746,True,室內設施,花蓮,花蓮市,35,3.75,Low Risk,風險較低,0
美崙國中,花蓮縣花蓮市,23.9978,121.6277,True,室內設施,花蓮,花蓮市,35,3.47,Low Risk,風險較低,0
自強國中,花蓮縣花蓮市,23.9979,121.5991,True,室內設施,花蓮,花蓮市,35,2.48,Low Risk,風險較低,0
碧洲里集會所,南投縣草屯鎮,23.9984,120.6568,True,室內設施,南投,南投市,55,10.25,Low Risk,風險較低,30
大村村社區活動中心,彰化縣大村鄉,23.99852,120.544791,True,室內設施,彰化,彰化市,68,8.74,Low Risk,風險較低,25
花蓮高工,花蓮縣花蓮市,23.9987,121.6199,True,室內設施,花蓮,花蓮市,35,3.04,Low Risk,風險較低,0
慈濟大學人文社會學院,花蓮縣花蓮市,23.9997,121.5734,True,室內設施,花蓮,花蓮市,35,4.04,Low Risk,風險較低,0
富寮社區活動中心,南投縣草屯鎮,23.9999,120.6757,True,室內設施,南投,南投市,55,10.07,Low Risk,風險較低,30
德安市民活動中心,新北市新店區,24.0,121.0,True,室內設施,南投,南投市,55,33.67,Low Risk,風險較低,35
永樂福利園區,彰化縣埔鹽鄉,24.0004,120.4345,True,室內設施,彰化,彰化市,68,13.92,Low Risk,風險較低,30
私立四維高級中學,花蓮縣花蓮市,24.0004,121.5916,True,室內設施,花蓮,花蓮市,35,2.98,Low Risk,風險較低,0
永樂國小,彰化縣埔鹽鄉,24.0005,120.4313,True,室內設施,彰化,彰化市,68,14.17,Low Risk,風險較低,30
埔鹽鄉公所,彰化縣埔鹽鄉,24.0005,120.4637,True,室內設施,彰化,彰化市,68,11.71,Low Risk,風險較低,30
復興里集會所,南投縣草屯鎮,24.0007,120.6665,True,室內設施,南投,南投市,55,10.28,Low Risk,風險較低,30
大葉大學,彰化縣大村鄉,24.0012,120.5963,True,室內設施,彰化,彰化市,68,10.04,Low Risk,風險較低,30
北勢里集會所,南投縣草屯鎮,24.0012,120.6564,True,室內設施,南投,南投市,55,10.56,Low Risk,風險較低,30
聯合里辦公處,南投縣草屯鎮,24.0013,120.6501,True,室內設施,南投,南投市,55,10.76,Low Risk,風險較低,30
楓林活動中心,南投縣仁愛鄉,24.001311,121.067987,True,室內設施,南投,南投市,55,40.35,Low Risk,風險較低,35
行政院國軍退除役官兵輔導委員會花,花蓮縣花蓮市,24.0017,121.6182,True,室內設施,花蓮,花蓮市,35,3.24,Low Risk,風險較低,0
民孝社區活動中心,花蓮縣花蓮市,24.0022,121.631,True,室內設施,花蓮,花蓮市,35,4.05,Low Risk,風險較低,0
衛生福利部東區老人之家養護院區,花蓮縣新城鄉,24.0035,121.6142,True,室內設施,花蓮,花蓮市,35,3.26,Low Risk,風險較低,0
水源收容所,花蓮縣秀林鄉,24.0038,121.554,True,室內設施,花蓮,花蓮市,35,5.9,Low Risk,風險較低,0
大陳二村活動中心,花蓮縣花蓮市,24.0039,121.6168,True,室內設施,花蓮,花蓮市,35,3.4,Low Risk,風險較低,0
花蓮縣立體育場,花蓮縣花蓮市,24.004,121.582,True,室內設施,花蓮,花蓮市,35,3.81,Low Risk,風險較低,0
育民國小,彰化縣秀水鄉,24.004341,120.505354,True,室內設施,彰化,彰化市,68,8.94,Low Risk,風險較低,25
嘉新社區活動中心,花蓮縣新城鄉,24.0055,121.6123,True,室內設施,花蓮,花蓮市,35,3.41,Low Risk,風險較低,0
昭德堂,南投縣埔里鎮,24.0056,120.9571,True,室內設施,南投,南投市,55,29.75,Low Risk,風險較低,35
漢寶活動中心,彰化縣芳苑鄉,24.0058,120.3688,True,室內設施,彰化,彰化市,68,19.37,Low Risk,風險較低,30
下崙惠來社區活動中心,彰化縣秀水鄉,24.006258,120.502367,True,室內設施,彰化,彰化市,68,8.88,Low Risk,風險較低,25
史港里集會所,南投縣埔里鎮,24.0067,120.9575,True,室內設施,南投,南投市,55,29.83,Low Risk,風險較低,35
史港國小,南投縣埔里鎮,24.0067,120.9575,True,室內設施,南投,南投市,55,29.83,Low Risk,風險較低,35
陝西社區活動中心,彰化縣秀水鄉,24.006705,120.517821,True,室內設施,彰化,彰化市,68,8.23,Low Risk,風險較低,25
陝西社區活動中心,彰化縣秀水鄉,24.006705,120.517821,True,室內設施,彰化,彰化市,68,8.23,Low Risk,風險較低,25
帝君廟活動中心,南投縣埔里鎮,24.0068,120.9321,True,室內設施,南投,南投市,55,27.45,Low Risk,風險較低,35
南豐村眉溪天主堂,南投縣仁愛鄉,24.00694,121.095971,True,室內設施,南投,南投市,55,43.26,Low Risk,風險較低,35
好修國小,彰化縣埔鹽鄉,24.0072,120.4596,True,室內設施,彰化,彰化市,68,11.48,Low Risk,風險較低,30
利河伯社福基金會附設私立基督仁愛之家,南投縣埔里鎮,24.0074,120.9756,True,室內設施,南投,南投市,55,31.58,Low Risk,風險較低,35
福興里集會所,南投縣埔里鎮,24.0074,120.9756,True,室內設施,南投,南投市,55,31.58,Low Risk,風險較低,35
花蓮港天宮,花蓮縣花蓮市,24.0076,121.5872,True,室內設施,花蓮,花蓮市,35,3.89,Low Risk,風險較低,0
茄苳社區活動中心,彰化縣大村鄉,24.00841,120.538835,True,室內設施,彰化,彰化市,68,7.65,Low Risk,風險較低,25
三和社區活動中心,彰化縣福興鄉,24.00954,120.406752,True,室內設施,彰化,彰化市,68,15.73,Low Risk,風險較低,30
柑林社區活動中心,南投縣國姓鄉,24.0097,120.8488,True,室內設施,南投,南投市,55,20.12,Low Risk,風險較低,35
福龜社區北玄宮,南投縣國姓鄉,24.0098,120.8169,True,室內設施,南投,南投市,55,17.52,Low Risk,風險較低,30
長春社區活動中心,彰化縣花壇鄉,24.010247,120.575939,True,室內設施,彰化,彰化市,68,8.16,Low Risk,風險較低,25
國福社區活動中心,花蓮縣花蓮市,24.0104,121.5819,True,室內設施,花蓮,花蓮市,35,4.41,Low Risk,風險較低,0
福龜國小1甲-6甲與2間專科教室,南投縣國姓鄉,24.0114,120.823,True,室內設施,南投,南投市,55,18.12,Low Risk,風險較低,30
陜西國小,彰化縣秀水鄉,24.011726,120.517437,True,室內設施,彰化,彰化市,68,7.71,Low Risk,風險較低,25
芬園國小,彰化縣芬園鄉,24.012375,120.628002,True,室內設施,彰化,彰化市,68,11.25,Low Risk,風險較低,30
芬園鄉公所,彰化縣芬園鄉,24.013628,120.628926,True,室內設施,彰化,彰化市,68,11.24,Low Risk,風險較低,30
茄荖國小,彰化縣芬園鄉,24.014864,120.643044,True,室內設施,彰化,彰化市,68,12.31,Low Risk,風險較低,30
玉陵宮廣場,彰化縣秀水鄉,24.0149,120.505552,False,戶外設施,彰化,彰化市,68,7.88,Warning,最近測站 AQI 68 > 50 且為戶外設施,45
華南國小活動中心,彰化縣花壇鄉,24.016243,120.551257,True,室內設施,彰化,彰化市,68,6.82,Low Risk,風險較低,25
花壇鄉公所,彰化縣花壇鄉,24.0163,120.5664,True,室內設施,彰化,彰化市,68,7.17,Low Risk,風險較低,25
三春國小,彰化縣花壇鄉,24.016307,120.566415,True,室內設施,彰化,彰化市,68,7.17,Low Risk,風險較低,25
楓灣宮廣場,彰化縣花壇鄉,24.016991,120.562948,False,戶外設施,彰化,彰化市,68,6.99,Warning,最近測站 AQI 68 > 50 且為戶外設施,45
"育樂國小1甲-6甲與2間專科教室,圖書室,禮堂",南投縣國姓鄉,24.0173,120.8459,True,室內設施,南投,南投市,55,20.36,Low Risk,風險較低,35
三汴社區活動中心,彰化縣福興鄉,24.018321,120.485889,True,室內設施,彰化,彰化市,68,8.72,Low Risk,風險較低,25
金興上興宮社區活動中心,彰化縣秀水鄉,24.018535,120.517401,True,室內設施,彰化,彰化市,68,7.0,Low Risk,風險較低,25
李家宗祠,彰化縣花壇鄉,24.019029,120.564167,True,室內設施,彰化,彰化市,68,6.81,Low Risk,風險較低,25
仁愛國小,南投縣仁愛鄉,24.02061,121.133046,True,室內設施,南投,南投市,55,47.29,Low Risk,風險較低,35
曾厝社區活動中心,彰化縣秀水鄉,24.020649,120.509332,True,室內設施,彰化,彰化市,68,7.14,Low Risk,風險較低,25
佳林社區活動中心,花蓮縣新城鄉,24.0211,121.6023,True,室內設施,花蓮,花蓮市,35,5.03,Low Risk,風險較低,0
穀豐宮,南投縣國姓鄉,24.0222,120.8269,True,室內設施,南投,南投市,55,19.19,Low Risk,風險較低,30
花壇村活動中心,彰化縣花壇鄉,24.0228,120.5281,True,室內設施,彰化,彰化市,68,6.22,Low Risk,風險較低,25
橋頭社區活動中心,彰化縣花壇鄉,24.023454,120.549491,True,室內設施,彰化,彰化市,68,6.0,Low Risk,風險較低,25
長沙社區活動中心,彰化縣花壇鄉,24.024199,120.554321,True,室內設施,彰化,彰化市,68,6.0,Low Risk,風險較低,25
國軍805醫院,花蓮縣新城鄉,24.0244,121.6074,True,室內設施,花蓮,花蓮市,35,5.41,Low Risk,風險較低,0
受鎮宮,南投縣埔里鎮,24.025,120.9498,True,室內設施,南投,南投市,55,29.92,Low Risk,風險較低,35
廣成里社區活動中心,南投縣埔里鎮,24.025,120.9498,True,室內設施,南投,南投市,55,29.92,Low Risk,風險較低,35
永豐國小,彰化縣福興鄉,24.025656,120.452946,True,室內設施,彰化,彰化市,68,10.77,Low Risk,風險較低,30
仁愛國中,南投縣仁愛鄉,24.02587,121.137109,True,室內設施,花蓮,花蓮市,35,47.69,Low Risk,風險較低,10
花壇國小,彰化縣花壇鄉,24.02619,120.543046,True,室內設施,彰化,彰化市,68,5.66,Low Risk,風險較低,25
明正國小,彰化縣秀水鄉,24.026497,120.493159,True,室內設施,彰化,彰化市,68,7.55,Low Risk,風險較低,25
富山國小,彰化縣芬園鄉,24.027045,120.619987,True,室內設施,彰化,彰化市,68,9.61,Low Risk,風險較低,25
七星潭社區活動中心,花蓮縣新城鄉,24.0271,121.6298,True,室內設施,花蓮,花蓮市,35,6.29,Low Risk,風險較低,0
基督教芥菜種會,花蓮縣新城鄉,24.0275,121.6062,True,室內設施,花蓮,花蓮市,35,5.74,Low Risk,風險較低,0
南勢里活動中心,臺中市霧峰區,24.027631,120.673656,True,室內設施,南投,南投市,55,13.16,Low Risk,風險較低,30
乾峰國小1甲-6甲與4間專科教室,南投縣國姓鄉,24.0279,120.8246,True,室內設施,南投,南投市,55,19.43,Low Risk,風險較低,30
秀水港墘社區活動中心,彰化縣秀水鄉,24.027939,120.522912,True,室內設施,彰化,彰化市,68,5.83,Low Risk,風險較低,25
秀水社區活動中心,彰化縣秀水鄉,24.027939,120.522912,True,室內設施,彰化,彰化市,68,5.83,Low Risk,風險較低,25
管嶼國小,彰化縣福興鄉,24.027997,120.410328,True,室內設施,彰化,彰化市,68,14.52,Low Risk,風險較低,30
萬豐國小北棟教室,臺中市霧峰區,24.02802,120.698322,True,室內設施,南投,南投市,55,13.25,Low Risk,風險較低,30
春陽國小,南投縣仁愛鄉,24.02827,121.148717,True,室內設施,花蓮,花蓮市,35,46.55,Low Risk,風險較低,10
東區幼兒園,彰化縣福興鄉,24.0288,120.474,True,室內設施,彰化,彰化市,68,8.81,Low Risk,風險較低,25
乾溝義民祠,南投縣國姓鄉,24.0293,120.8141,True,室內設施,南投,南投市,55,18.77,Low Risk,風險較低,30
乾溝社區活動中心,南投縣國姓鄉,24.0294,120.824,True,室內設施,南投,南投市,55,19.5,Low Risk,風險較低,30
福安社區活動中心清龍巖,彰化縣秀水鄉,24.029756,120.494877,True,室內設施,彰化,彰化市,68,7.17,Low Risk,風險較低,25
花壇鄉舊營區,彰化縣花壇鄉,24.030566,120.549226,True,室內設施,彰化,彰化市,68,5.22,Low Risk,風險較低,25
莊雅社區活動中心,彰化縣秀水鄉,24.031813,120.507116,True,室內設施,彰化,彰化市,68,6.2,Low Risk,風險較低,25
莊雅社區活動中心,彰化縣秀水鄉,24.031813,120.507116,True,室內設施,彰化,彰化市,68,6.2,Low Risk,風險較低,25
文祥國小,彰化縣花壇鄉,24.034076,120.523698,True,室內設施,彰化,彰化市,68,5.16,Low Risk,風險較低,25
北埔社區活動中心,花蓮縣新城鄉,24.0341,121.6032,True,室內設施,花蓮,花蓮市,35,6.47,Low Risk,風險較低,0
秀水高工,彰化縣秀水鄉,24.03447,120.496818,True,室內設施,彰化,彰化市,68,6.65,Low Risk,風險較低,25
太平社區活動中心,南投縣埔里鎮,24.0345,120.924,True,室內設施,南投,南投市,55,28.08,Low Risk,風險較低,35
秀水鄉農會,彰化縣秀水鄉,24.034949,120.501234,True,室內設施,彰化,彰化市,68,6.31,Low Risk,風險較低,25
秀水國小,彰化縣秀水鄉,24.03508,120.503149,True,室內設施,彰化,彰化市,68,6.17,Low Risk,風險較低,25
精英村辦公處,南投縣仁愛鄉,24.035156,121.185665,True,室內設施,花蓮,花蓮市,35,42.94,Low Risk,風險較低,10
合成社區活動中心,南投縣埔里鎮,24.0363,120.9247,True,室內設施,南投,南投市,55,28.24,Low Risk,風險較低,35
大漢社區活動中心,花蓮縣新城鄉,24.0368,121.61,True,室內設施,花蓮,花蓮市,35,6.8,Low Risk,風險較低,0
國姓社區活動中心,南投縣國姓鄉,24.0376,120.855,True,室內設施,台中,台中市,85,22.11,Low Risk,風險較低,35
復興南營區,花蓮縣新城鄉,24.038,121.6119,True,室內設施,花蓮,花蓮市,35,6.96,Low Risk,風險較低,0
華龍國小,彰化縣秀水鄉,24.038279,120.51409,True,室內設施,彰化,彰化市,68,5.21,Low Risk,風險較低,25
秀水鄉老人文康中心,彰化縣秀水鄉,24.038285,120.507324,True,室內設施,彰化,彰化市,68,5.62,Low Risk,風險較低,25
僑愛國小,彰化縣花壇鄉,24.038331,120.535034,True,室內設施,彰化,彰化市,68,4.38,Low Risk,風險較低,25
安東社區活動中心,彰化縣秀水鄉,24.039226,120.501248,True,室內設施,彰化,彰化市,68,5.96,Low Risk,風險較低,25
國姓國小活動中心,南投縣國姓鄉,24.0396,120.8567,True,室內設施,台中,台中市,85,22.13,Low Risk,風險較低,35
新城鄉立圖書館,花蓮縣新城鄉,24.0399,121.6042,True,室內設施,花蓮,花蓮市,35,7.12,Low Risk,風險較低,0
新城鄉原住民文化館,花蓮縣新城鄉,24.0405,121.6048,True,室內設施,花蓮,花蓮市,35,7.18,Low Risk,風險較低,0
樹林腳社區活動中心,花蓮縣新城鄉,24.040698,121.597687,True,室內設施,花蓮,花蓮市,35,7.23,Low Risk,風險較低,0
北勢里活動中心,臺中市霧峰區,24.040961,120.669669,True,室內設施,台中,台中市,85,11.88,Low Risk,風險較低,30
福興國中,彰化縣福興鄉,24.041,120.4367,True,室內設施,彰化,彰化市,68,11.5,Low Risk,風險較低,30
溪尾國小教學大樓2樓綜合教室,臺中市烏日區,24.0411,120.6397,True,室內設施,彰化,彰化市,68,10.62,Low Risk,風險較低,30
花壇鄉立圖書館,彰化縣花壇鄉,24.0415,120.5322,True,室內設施,彰化,彰化市,68,4.1,Low Risk,風險較低,25
國姓國中禮堂,南投縣國姓鄉,24.0423,120.8585,True,室內設施,台中,台中市,85,22.13,Low Risk,風險較低,35
護國宮,南投縣國姓鄉,24.0425,120.8616,True,室內設施,台中,台中市,85,22.38,Low Risk,風險較低,35
文德宮香客大樓,彰化縣花壇鄉,24.042943,120.547443,True,室內設施,彰化,彰化市,68,3.83,Low Risk,風險較低,25
復興國小-課後照顧教室,臺中市霧峰區,24.043054,120.69726,True,室內設施,台中,台中市,85,11.88,Low Risk,風險較低,30
光復國中小國中部地下室,臺中市霧峰區,24.044171,120.689245,True,室內設施,台中,台中市,85,11.62,Low Risk,風險較低,30
岩竹社區活動中心,彰化縣花壇鄉,24.044817,120.554382,True,室內設施,彰化,彰化市,68,3.78,Low Risk,風險較低,25
安溪社區活動中心,彰化縣秀水鄉,24.04494,120.510015,True,室內設施,彰化,彰化市,68,4.89,Low Risk,風險較低,25
西區幼兒園,彰化縣福興鄉,24.0451,120.4272,True,室內設施,彰化,彰化市,68,12.26,Low Risk,風險較低,30
花壇鄉立老人文康中心,彰化縣花壇鄉,24.0457,120.5352,True,室內設施,彰化,彰化市,68,3.58,Low Risk,風險較低,25
白沙社區活動中心,彰化縣花壇鄉,24.046307,120.545254,True,室內設施,彰化,彰化市,68,3.43,Low Risk,風險較低,25
福興鄉公所,彰化縣福興鄉,24.0479,120.4439,True,室內設施,彰化,彰化市,68,10.55,Low Risk,風險較低,30
街尾里活動中心,彰化縣鹿港鎮,24.048477,120.435661,True,室內設施,彰化,彰化市,68,11.33,Low Risk,風險較低,30
龍山寺,彰化縣鹿港鎮,24.049074,120.43454,True,室內設施,彰化,彰化市,68,11.43,Low Risk,風險較低,30
秀水鄉立體育館,彰化縣秀水鄉,24.050373,120.505332,True,室內設施,彰化,彰化市,68,4.83,Low Risk,風險較低,25
菜園社區活動中心,彰化縣鹿港鎮,24.05102,120.432859,True,室內設施,彰化,彰化市,68,11.53,Low Risk,風險較低,30
莊德堂,彰化縣鹿港鎮,24.051194,120.435768,True,室內設施,彰化,彰化市,68,11.24,Low Risk,風險較低,30
鹿港鎮立停車場,彰化縣鹿港鎮,24.053493,120.432607,True,室內設施,彰化,彰化市,68,11.49,Low Risk,風險較低,30
康樂社區活動中心,花蓮縣新城鄉,24.053809,121.609904,True,室內設施,花蓮,花蓮市,35,8.69,Low Risk,風險較低,0
佳民國小收容所,花蓮縣秀林鄉,24.0539,121.5994,True,室內設施,花蓮,花蓮市,35,8.68,Low Risk,風險較低,0
玉皇大帝神明會館,彰化縣鹿港鎮,24.054169,120.434782,True,室內設施,彰化,彰化市,68,11.26,Low Risk,風險較低,30
洛津國小,彰化縣鹿港鎮,24.054635,120.430906,True,室內設施,彰化,彰化市,68,11.63,Low Risk,風險較低,30
東崎社區活動中心,彰化縣鹿港鎮,24.056173,120.474947,True,室內設施,彰化,彰化市,68,7.27,Low Risk,風險較低,25
文開國小,彰化縣鹿港鎮,24.056602,120.430026,True,室內設施,彰化,彰化市,68,11.67,Low Risk,風險較低,30
景福社區發展協會,彰化縣鹿港鎮,24.057183,120.436563,True,室內設施,彰化,彰化市,68,11.01,Low Risk,風險較低,30
高賓土雞城,彰化縣鹿港鎮,24.057261,120.438339,True,室內設施,彰化,彰化市,68,10.83,Low Risk,風險較低,30
北港村集會所,南投縣國姓鄉,24.057935,120.913738,True,室內設施,台中,台中市,85,26.34,Low Risk,風險較低,35
文康安養活動中心,彰化縣鹿港鎮,24.0582,120.4339,True,室內設施,彰化,彰化市,68,11.25,Low Risk,風險較低,30
鹿東國小,彰化縣鹿港鎮,24.058411,120.443296,True,室內設施,彰化,彰化市,68,10.31,Low Risk,風險較低,30
鶴鳴社區活動中心,彰化縣秀水鄉,24.058427,120.502822,True,室內設施,彰化,彰化市,68,4.56,Low Risk,風險較低,25
鶴鳴社區活動中心,彰化縣秀水鄉,24.058427,120.502822,True,室內設施,彰化,彰化市,68,4.56,Low Risk,風險較低,25
楞嚴宮,南投縣國姓鄉,24.0591,120.8777,True,室內設施,台中,台中市,85,22.94,Low Risk,風險較低,35
合作國小學生活動中心,南投縣仁愛鄉,24.0595,121.1922,True,室內設施,花蓮,花蓮市,35,42.79,Low Risk,風險較低,10
四德里活動中心,臺中市霧峰區,24.060807,120.667048,True,室內設施,台中,台中市,85,9.68,Low Risk,風險較低,25
四德國小禮堂,臺中市霧峰區,24.060827,120.667937,True,室內設施,台中,台中市,85,9.68,Low Risk,風險較低,25
鹿港高中,彰化縣鹿港鎮,24.06098,120.423682,True,室內設施,彰化,彰化市,68,12.23,Low Risk,風險較低,30
霧峰區圖書館3樓,臺中市霧峰區,24.061924,120.700564,True,室內設施,台中,台中市,85,9.92,Low Risk,風險較低,25
馬興國小,彰化縣秀水鄉,24.061957,120.496892,True,室內設施,彰化,彰化市,68,4.96,Low Risk,風險較低,25
喀哩國小北棟1樓自然教室,臺中市烏日區,24.06228,120.642879,True,室內設施,台中,台中市,85,10.0,Low Risk,風險較低,25
碧雲宮,南投縣國姓鄉,24.0626,120.9248,True,室內設施,台中,台中市,85,27.2,Low Risk,風險較低,35
馬興社區活動中心,彰化縣秀水鄉,24.062724,120.495508,True,室內設施,彰化,彰化市,68,5.06,Low Risk,風險較低,25
馬興社區活動中心,彰化縣秀水鄉,24.062724,120.495508,True,室內設施,彰化,彰化市,68,5.06,Low Risk,風險較低,25
鹿港文創會館,彰化縣鹿港鎮,24.06311,120.435873,True,室內設施,彰化,彰化市,68,10.97,Low Risk,風險較低,30
淨蓮禪寺,南投縣國姓鄉,24.0637,120.8979,True,室內設施,台中,台中市,85,24.61,Low Risk,風險較低,35
溝墘社區發展協會,彰化縣鹿港鎮,24.064293,120.475495,True,室內設施,彰化,彰化市,68,6.98,Low Risk,風險較低,25
桐林國小青銅林廣場,臺中市霧峰區,24.066166,120.735954,False,戶外設施,台中,台中市,85,11.06,Warning,最近測站 AQI 85 > 50 且為戶外設施,50
互助村中原活動中心,南投縣仁愛鄉,24.066472,120.972709,True,室內設施,台中,台中市,85,31.67,Low Risk,風險較低,35
德林念佛寺,南投縣國姓鄉,24.0666,120.9364,True,室內設施,台中,台中市,85,28.16,Low Risk,風險較低,35
義興社區活動中心,彰化縣秀水鄉,24.066695,120.491039,True,室內設施,彰化,彰化市,68,5.38,Low Risk,風險較低,25
義興社區活動中心,彰化縣秀水鄉,24.066695,120.491039,True,室內設施,彰化,彰化市,68,5.38,Low Risk,風險較低,25
長流國小1甲-6甲及2間專科教室,南投縣國姓鄉,24.0667,120.8763,True,室內設施,台中,台中市,85,22.46,Low Risk,風險較低,35
本鄉里活動中心,臺中市霧峰區,24.067116,120.7008,True,室內設施,台中,台中市,85,9.38,Low Risk,風險較低,25
南瑤宮,彰化縣彰化市,24.06767,120.538264,True,室內設施,彰化,彰化市,68,1.15,Low Risk,風險較低,25
甲寅里活動中心,臺中市霧峰區,24.068272,120.701315,True,室內設施,台中,台中市,85,9.27,Low Risk,風險較低,25
僑榮國小樂群樓地下室,臺中市霧峰區,24.069926,120.703193,True,室內設施,台中,台中市,85,9.15,Low Risk,風險較低,25
曾家社區活動中心,彰化縣伸港鄉,24.070115,120.545169,True,室內設施,彰化,彰化市,68,0.81,Low Risk,風險較低,25
長流社區活動中心,南投縣國姓鄉,24.0708,120.8762,True,室內設施,台中,台中市,85,22.27,Low Risk,風險較低,35
海埔里民集會所,彰化縣鹿港鎮,24.071142,120.43939,True,室內設施,彰化,彰化市,68,10.52,Low Risk,風險較低,30
溪南國中北棟教室2樓,臺中市烏日區,24.0715,120.6442,True,室內設施,台中,台中市,85,8.98,Low Risk,風險較低,25
新興國小,彰化縣鹿港鎮,24.072394,120.456784,True,室內設施,彰化,彰化市,68,8.75,Low Risk,風險較低,25
霧峰農工向陽樓,臺中市霧峰區,24.073209,120.699599,True,室內設施,台中,台中市,85,8.69,Low Risk,風險較低,25
五福國小康寧樓,臺中市霧峰區,24.07347,120.667351,True,室內設施,台中,台中市,85,8.28,Low Risk,風險較低,25
奉天宮,南投縣國姓鄉,24.0739,120.8776,True,室內設施,台中,台中市,85,22.27,Low Risk,風險較低,35
松崗活動中心,南投縣仁愛鄉,24.074957,121.170939,True,室內設施,花蓮,花蓮市,35,45.28,Low Risk,風險較低,10
東湖活動中心廣場,臺中市大里區,24.076807,120.693182,False,戶外設施,台中,台中市,85,8.13,Warning,最近測站 AQI 85 > 50 且為戶外設施,45
長豐社區活動中心,南投縣國姓鄉,24.0774,120.8711,True,室內設施,台中,台中市,85,21.52,Low Risk,風險較低,35
草湖國民小學禮堂/操場,臺中市大里區,24.078248,120.689997,False,戶外設施,台中,台中市,85,7.9,Warning,最近測站 AQI 85 > 50 且為戶外設施,45
吉峰國小三期校舍地下室,臺中市霧峰區,24.079603,120.7191,True,室內設施,台中,台中市,85,8.87,Low Risk,風險較低,25
德鹿谷長老教會,南投縣仁愛鄉,24.080452,121.26806,True,室內設施,花蓮,花蓮市,35,35.99,Low Risk,風險較低,10
介壽生活藝文館,彰化縣彰化市,24.080673,120.544605,True,室內設施,彰化,彰化市,68,0.44,Low Risk,風險較低,25
景美活動中心,花蓮縣秀林鄉,24.0825,121.6067,True,室內設施,花蓮,花蓮市,35,11.86,Low Risk,風險較低,5
合作活動中心,南投縣仁愛鄉,24.083307,121.215808,True,室內設施,花蓮,花蓮市,35,41.14,Low Risk,風險較低,10
東園國小體育館,臺中市烏日區,24.083915,120.639937,True,室內設施,台中,台中市,85,7.87,Low Risk,風險較低,25
美群國民小學地下室/風雨操場,臺中市大里區,24.084163,120.708825,False,戶外設施,台中,台中市,85,7.92,Warning,最近測站 AQI 85 > 50 且為戶外設施,45
塗城活動中心,臺中市大里區,24.084237,120.723743,True,室內設施,台中,台中市,85,8.7,Low Risk,風險較低,25
德興民眾活動中心,彰化縣線西鄉,24.084258,120.519016,True,室內設施,彰化,彰化市,68,2.54,Low Risk,風險較低,25
源埤社區活動中心,彰化縣和美鎮,24.0853,120.5107,True,室內設施,彰化,彰化市,68,3.38,Low Risk,風險較低,25
夏田活動中心廣場,臺中市大里區,24.085406,120.668552,False,戶外設施,台中,台中市,85,6.95,Warning,最近測站 AQI 85 > 50 且為戶外設施,45
瑞城國民小學活動中心/操場,臺中市大里區,24.08609,120.702842,False,戶外設施,台中,台中市,85,7.47,Warning,最近測站 AQI 85 > 50 且為戶外設施,45
瑞城活動中心,臺中市大里區,24.086128,120.703756,True,室內設施,台中,台中市,85,7.5,Low Risk,風險較低,25
老人文康中心,彰化縣彰化市,24.086545,120.549124,True,室內設施,彰化,彰化市,68,1.23,Low Risk,風險較低,25
頂番社區活動中心,彰化縣鹿港鎮,24.0867,120.4848,True,室內設施,彰化,彰化市,68,5.98,Low Risk,風險較低,25
大榮國小,彰化縣和美鎮,24.087,120.501,True,室內設施,彰化,彰化市,68,4.38,Low Risk,風險較低,25
鎮平社區活動中心,彰化縣和美鎮,24.088,120.509,True,室內設施,彰化,彰化市,68,3.64,Low Risk,風險較低,25
頂番國小,彰化縣鹿港鎮,24.088748,120.479839,True,室內設施,彰化,彰化市,68,6.52,Low Risk,風險較低,25
竹仔坑社區活動中心,臺中市大里區,24.089117,120.72904,True,室內設施,台中,台中市,85,8.61,Low Risk,風險較低,25
健民國民小學演奏廳/操場,臺中市大里區,24.089412,120.727899,False,戶外設施,台中,台中市,85,8.51,Warning,最近測站 AQI 85 > 50 且為戶外設施,45
嘉犁社區活動中心,彰化縣和美鎮,24.09,120.516,True,室內設施,彰化,彰化市,68,3.08,Low Risk,風險較低,25
金城活動中心,臺中市大里區,24.090127,120.695431,True,室內設施,台中,台中市,85,6.77,Low Risk,風險較低,25
竹坑營區,臺中市大里區,24.09039,120.730206,True,室內設施,台中,台中市,85,8.58,Low Risk,風險較低,25
詔安社區活動中心,彰化縣和美鎮,24.091,120.528,True,室內設施,彰化,彰化市,68,2.16,Low Risk,風險較低,25
新厝社區活動中心,彰化縣鹿港鎮,24.091044,120.447463,True,室內設施,彰化,彰化市,68,9.8,Low Risk,風險較低,25
頭崙里集會所,彰化縣鹿港鎮,24.091441,120.476961,True,室內設施,彰化,彰化市,68,6.87,Low Risk,風險較低,25
"長福國小1甲-6甲,音樂室,圖書室",南投縣國姓鄉,24.0927,120.888,True,室內設施,台中,台中市,85,22.6,Low Risk,風險較低,35
仁德活動中心,臺中市大里區,24.092829,120.699929,True,室內設施,台中,台中市,85,6.66,Low Risk,風險較低,25
塗城國民小學南棟教學大樓地下室/運動場,臺中市大里區,24.093045,120.700282,False,戶外設施,台中,台中市,85,6.65,Warning,最近測站 AQI 85 > 50 且為戶外設施,45
成功國民中學操場,臺中市大里區,24.094049,120.699273,False,戶外設施,台中,台中市,85,6.51,Warning,最近測站 AQI 85 > 50 且為戶外設施,45
五光國小西棟1樓舞蹈教室,臺中市烏日區,24.094481,120.647007,True,室內設施,台中,台中市,85,6.5,Low Risk,風險較低,25
大里高中中正堂/操場,臺中市大里區,24.095124,120.678963,False,戶外設施,台中,台中市,85,5.87,Warning,最近測站 AQI 85 > 50 且為戶外設施,45
光正國民中學風雨操場/操場,臺中市大里區,24.096178,120.718063,False,戶外設施,台中,台中市,85,7.29,Warning,最近測站 AQI 85 > 50 且為戶外設施,45
大嘉國小,彰化縣和美鎮,24.0966,120.511,True,室內設施,彰化,彰化市,68,3.89,Low Risk,風險較低,25
新庄社區活動中心,彰化縣和美鎮,24.0971,120.5336,True,室內設施,彰化,彰化市,68,2.41,Low Risk,風險較低,25
福興宮,臺中市大里區,24.098079,120.677457,True,室內設施,台中,台中市,85,5.53,Low Risk,風險較低,25
面前社區活動中心,彰化縣和美鎮,24.099,120.488,True,室內設施,彰化,彰化市,68,6.07,Low Risk,風險較低,25
農特產品產銷中心,南投縣仁愛鄉,24.099167,121.030694,True,室內設施,台中,台中市,85,36.64,Low Risk,風險較低,35
大新活動中心,臺中市大里區,24.099619,120.675852,True,室內設施,台中,台中市,85,5.35,Low Risk,風險較低,25
大里運動公園,臺中市大里區,24.100053,120.685353,False,戶外設施,台中,台中市,85,5.43,Warning,最近測站 AQI 85 > 50 且為戶外設施,45
大里國民小學運動場,臺中市大里區,24.100547,120.677018,False,戶外設施,台中,台中市,85,5.25,Warning,最近測站 AQI 85 > 50 且為戶外設施,45
國光里活動中心,臺中市大里區,24.10083,120.683161,True,室內設施,台中,台中市,85,5.3,Low Risk,風險較低,25
立德里活動中心,臺中市大里區,24.100964,120.694601,True,室內設施,台中,台中市,85,5.62,Low Risk,風險較低,25
內新國民小學北棟地下室/操場,臺中市大里區,24.100964,120.69486,False,戶外設施,台中,台中市,85,5.63,Warning,最近測站 AQI 85 > 50 且為戶外設施,45
自治公園,臺中市烏日區,24.101386,120.628046,False,戶外設施,台中,台中市,85,6.92,Warning,最近測站 AQI 85 > 50 且為戶外設施,45
大霞社區活動中心,彰化縣和美鎮,24.1017,120.5037,True,室內設施,彰化,彰化市,68,4.82,Low Risk,風險較低,25
行政院原住民族委員會青年?藝研習中心,臺中市和平區,24.102225,120.548274,True,室內設施,彰化,彰化市,68,2.85,Low Risk,風險較低,25
大元國民小學新元館/操場,臺中市大里區,24.102746,120.691079,False,戶外設施,台中,台中市,85,5.3,Warning,最近測站 AQI 85 > 50 且為戶外設施,45
東汴里活動中心,臺中市太平區,24.1035,120.7716,True,室內設施,台中,台中市,85,11.09,Low Risk,風險較低,30
和仁國小,彰化縣和美鎮,24.104,120.494,True,室內設施,彰化,彰化市,68,5.79,Low Risk,風險較低,25
新庄國小,彰化縣和美鎮,24.104,120.533,True,室內設施,彰化,彰化市,68,3.15,Low Risk,風險較低,25
草中社區活動中心,彰化縣鹿港鎮,24.1041,120.4626,True,室內設施,彰化,彰化市,68,8.68,Low Risk,風險較低,25
立新國民中學勤學樓地下室/風雨操場,臺中市大里區,24.104365,120.696923,False,戶外設施,台中,台中市,85,5.37,Warning,最近測站 AQI 85 > 50 且為戶外設施,45
光隆國小〈圖書室2樓〉,臺中市太平區,24.1046,120.7277,True,室內設施,台中,台中市,85,7.29,Low Risk,風險較低,25
烏日國民中學第1棟2樓,臺中市烏日區,24.104763,120.617307,True,室內設施,台中,台中市,85,7.45,Low Risk,風險較低,25
光德國中B、C棟教室2樓,臺中市烏日區,24.1051,120.6408,True,室內設施,台中,台中市,85,5.79,Low Risk,風險較低,25
立新國民小學D棟大樓地下室/風雨操場,臺中市大里區,24.10543,120.699567,False,戶外設施,台中,台中市,85,5.39,Warning,最近測站 AQI 85 > 50 且為戶外設施,45
北三棧社區活動中心,花蓮縣新城鄉,24.1057,121.621,True,室內設施,花蓮,花蓮市,35,14.54,Low Risk,風險較低,5
三和里公兒九公園,臺中市烏日區,24.106312,120.608039,False,戶外設施,彰化,彰化市,68,7.38,Warning,最近測站 AQI 68 > 50 且為戶外設施,45
草中社區發展協會,彰化縣鹿港鎮,24.106537,120.463263,True,室內設施,彰化,彰化市,68,8.71,Low Risk,風險較低,25
益民國民小學後棟地下室/運動場,臺中市大里區,24.107,120.6873,False,戶外設施,台中,台中市,85,4.73,Warning,最近測站 AQI 85 > 50 且為戶外設施,45
烏日社區活動中心,臺中市烏日區,24.1075,120.6257,True,室內設施,台中,台中市,85,6.6,Low Risk,風險較低,25
爽文國民中學活動中心/操場,臺中市大里區,24.107882,120.677165,False,戶外設施,台中,台中市,85,4.44,Warning,最近測站 AQI 85 > 50 且為戶外設施,45
糖友社區活動中心,彰化縣和美鎮,24.108,120.5342,True,室內設施,彰化,彰化市,68,3.55,Low Risk,風險較低,25
新仁活動中心,臺中市大里區,24.108,120.705297,True,室內設施,台中,台中市,85,5.46,Low Risk,風險較低,25
僑仁國小體育館,臺中市烏日區,24.108288,120.640795,True,室內設施,台中,台中市,85,5.5,Low Risk,風險較低,25
樹王活動中心,臺中市大里區,24.108368,120.66758,True,室內設施,台中,台中市,85,4.42,Low Risk,風險較低,25
和美鎮公所,彰化縣和美鎮,24.1085,120.4943,True,室內設施,彰化,彰化市,68,6.04,Low Risk,風險較低,25
和東國小,彰化縣和美鎮,24.1093,120.5015,True,室內設施,彰化,彰化市,68,5.51,Low Risk,風險較低,25
九德國民小學風雨操場,臺中市烏日區,24.109863,120.638956,False,戶外設施,台中,台中市,85,5.48,Warning,最近測站 AQI 85 > 50 且為戶外設施,45
和美鎮立幼兒園,彰化縣和美鎮,24.11,120.5,True,室內設施,彰化,彰化市,68,5.68,Low Risk,風險較低,25
光榮國民中學光榮館/操場,臺中市大里區,24.110479,120.686909,False,戶外設施,台中,台中市,85,4.35,Warning,最近測站 AQI 85 > 50 且為戶外設施,45
兒童青少年福利服務中心,臺中市大里區,24.110647,120.691871,True,室內設施,台中,台中市,85,4.52,Low Risk,風險較低,25
永隆國民小學活動中心/操場,臺中市大里區,24.110842,120.676497,False,戶外設施,台中,台中市,85,4.11,Warning,最近測站 AQI 85 > 50 且為戶外設施,45
和美國小,彰化縣和美鎮,24.111,120.495,True,室內設施,彰化,彰化市,68,6.14,Low Risk,風險較低,25
柑井社區活動中心,彰化縣和美鎮,24.111,120.514,True,室內設施,彰化,彰化市,68,4.77,Low Risk,風險較低,25
和群國中,彰化縣和美鎮,24.111,120.519,True,室內設施,彰化,彰化市,68,4.48,Low Risk,風險較低,25
光隆營區,臺中市大里區,24.111229,120.730485,True,室內設施,台中,台中市,85,7.05,Low Risk,風險較低,25
下犁民眾活動中心,彰化縣線西鄉,24.111237,120.469995,True,室內設施,彰化,彰化市,68,8.31,Low Risk,風險較低,25
旭光國小旭光廳2樓,臺中市烏日區,24.111637,120.592633,True,室內設施,彰化,彰化市,68,6.35,Low Risk,風險較低,25
僑泰中學育才大樓,臺中市大里區,24.11179,120.666962,True,室內設施,台中,台中市,85,4.05,Low Risk,風險較低,25
中圍社區活動中心,彰化縣和美鎮,24.112,120.532,True,室內設施,彰化,彰化市,68,4.03,Low Risk,風險較低,25
樹義國小樂群樓及操場,臺中市南區,24.112,120.6574,False,戶外設施,台中,台中市,85,4.3,Warning,最近測站 AQI 85 > 50 且為戶外設施,45
興隆里活動中心,臺中市太平區,24.112,120.7323,True,室內設施,台中,台中市,85,7.16,Low Risk,風險較低,25
永隆里活動中心,臺中市大里區,24.112793,120.673837,True,室內設施,台中,台中市,85,3.88,Low Risk,風險較低,25
和美高中,彰化縣和美鎮,24.113,120.4936,True,室內設施,彰化,彰化市,68,6.39,Low Risk,風險較低,25
中寮社區活動中心,彰化縣和美鎮,24.113,120.538,True,室內設施,彰化,彰化市,68,4.02,Low Risk,風險較低,25
長億高中〈體育館.操場〉,臺中市太平區,24.1131,120.7216,False,戶外設施,台中,台中市,85,6.21,Warning,最近測站 AQI 85 > 50 且為戶外設施,45
內新里活動中心,臺中市大里區,24.113152,120.690859,True,室內設施,台中,台中市,85,4.22,Low Risk,風險較低,25
福崙宮,彰化縣鹿港鎮,24.113156,120.447793,True,室內設施,彰化,彰化市,68,10.44,Low Risk,風險較低,30
東興活動中心,臺中市大里區,24.113398,120.681226,True,室內設施,台中,台中市,85,3.89,Low Risk,風險較低,25
四張社區活動中心,彰化縣和美鎮,24.114,120.485,True,室內設施,彰化,彰化市,68,7.16,Low Risk,風險較低,25
崇光國民小學崇光樓地下室/操場,臺中市大里區,24.115191,120.68357,False,戶外設施,台中,台中市,85,3.75,Warning,最近測站 AQI 85 > 50 且為戶外設施,45
發祥活動中心,南投縣仁愛鄉,24.115564,121.160619,True,室內設施,花蓮,花蓮市,35,47.57,Low Risk,風險較低,10
臺中高工操場,臺中市南區,24.116,120.6612,False,戶外設施,台中,台中市,85,3.74,Warning,最近測站 AQI 85 > 50 且為戶外設施,45
楓樹兒童青少年活動中心,臺中市南屯區,24.1161,120.6289,True,室內設施,台中,台中市,85,5.74,Low Risk,風險較低,25
私立大明高級中學體育場/禮堂,臺中市大里區,24.116491,120.685976,True,室內設施,台中,台中市,85,3.69,Low Risk,風險較低,25
大崙國小塗溝分校-室外,嘉義縣水上鄉,24.1165,120.6132,True,室內設施,台中,台中市,85,7.04,Low Risk,風險較低,25
竹營社區活動中心,彰化縣和美鎮,24.117,120.5011,True,室內設施,彰化,彰化市,68,6.13,Low Risk,風險較低,25
臺中市南區聯合辦公大樓,臺中市南區,24.1171,120.6638,True,室內設施,台中,台中市,85,3.54,Low Risk,風險較低,25
順安農宅示範中心,花蓮縣新城鄉,24.1172,121.6365,True,室內設施,花蓮,花蓮市,35,16.07,Low Risk,風險較低,5
東汴國小〈行政教學大樓.操場〉,臺中市太平區,24.1174,120.7958,False,戶外設施,台中,台中市,85,12.85,Warning,最近測站 AQI 85 > 50 且為戶外設施,50
秀林國小收容所,花蓮縣秀林鄉,24.118,121.6244,True,室內設施,花蓮,花蓮市,35,15.94,Low Risk,風險較低,5
臺中市立大里幼兒園-日新分班,臺中市大里區,24.11811,120.692373,True,室內設施,台中,台中市,85,3.8,Low Risk,風險較低,25
竹園社區活動中心,彰化縣和美鎮,24.119,120.525,True,室內設施,彰化,彰化市,68,5.0,Low Risk,風險較低,25
長億永成里活動中心,臺中市太平區,24.1192,120.7209,True,室內設施,台中,台中市,85,5.75,Low Risk,風險較低,25
大慶活動中心,臺中市南區,24.1196,120.6542,True,室內設施,台中,台中市,85,3.69,Low Risk,風險較低,25
南區圖書館,臺中市南區,24.1201,120.6697,True,室內設施,台中,台中市,85,3.09,Low Risk,風險較低,25
祥興活動中心,臺中市大里區,24.120351,120.685927,True,室內設施,台中,台中市,85,3.29,Low Risk,風險較低,25
和平國小和平館及操場,臺中市南區,24.1213,120.6607,False,戶外設施,台中,台中市,85,3.21,Warning,最近測站 AQI 85 > 50 且為戶外設施,45
梅村長老教會,南投縣仁愛鄉,24.121767,121.11075,True,室內設施,台中,台中市,85,44.45,Low Risk,風險較低,35
月眉社區活動中心,彰化縣和美鎮,24.122,120.495,True,室內設施,彰化,彰化市,68,6.96,Low Risk,風險較低,25
犁盛社區活動中心,彰化縣和美鎮,24.122,120.527,True,室內設施,彰化,彰化市,68,5.24,Low Risk,風險較低,25
信義國小信義館及操場,臺中市南區,24.1222,120.668571,False,戶外設施,台中,台中市,85,2.88,Warning,最近測站 AQI 85 > 50 且為戶外設施,45
曉陽國小,彰化縣線西鄉,24.1227,120.478,True,室內設施,彰化,彰化市,68,8.3,Low Risk,風險較低,25
中平國中〈活動中心.操場〉,臺中市太平區,24.1231,120.7183,False,戶外設施,台中,台中市,85,5.3,Warning,最近測站 AQI 85 > 50 且為戶外設施,45
頭汴國小〈行政大樓B1〉,臺中市太平區,24.1232,120.7515,True,室內設施,台中,台中市,85,8.36,Low Risk,風險較低,25
頂犁民眾活動中心,彰化縣線西鄉,24.123229,120.480918,True,室內設施,彰化,彰化市,68,8.11,Low Risk,風險較低,25
頭汴里活動中心,臺中市太平區,24.1239,120.7507,True,室內設施,台中,台中市,85,8.26,Low Risk,風險較低,25
建平國小〈會議室1樓、操場〉,臺中市太平區,24.1241,120.7245,False,戶外設施,台中,台中市,85,5.79,Warning,最近測站 AQI 85 > 50 且為戶外設施,45
國光國小國光堂及操場,臺中市南區,24.1245,120.6801,False,戶外設施,台中,台中市,85,2.66,Warning,最近測站 AQI 85 > 50 且為戶外設施,45
中興活動中心,臺中市南區,24.1247,120.6759,True,室內設施,台中,台中市,85,2.57,Low Risk,風險較低,25
頭前社區活動中心,彰化縣和美鎮,24.125,120.506,True,室內設施,彰化,彰化市,68,6.51,Low Risk,風險較低,25
禪光育幼院,花蓮縣新城鄉,24.1257,121.6497,True,室內設施,花蓮,花蓮市,35,17.31,Low Risk,風險較低,5
福隆里活動中心,臺中市太平區,24.1258,120.7345,True,室內設施,台中,台中市,85,6.64,Low Risk,風險較低,25
嘉寶社區活動中心,彰化縣和美鎮,24.126,120.512,True,室內設施,彰化,彰化市,68,6.27,Low Risk,風險較低,25
四育國中四育館及操場,臺中市南區,24.126,120.6651,False,戶外設施,台中,台中市,85,2.56,Warning,最近測站 AQI 85 > 50 且為戶外設施,45
臺中市立崇倫國中崇倫堂及操場,臺中市南區,24.1261,120.659,False,戶外設施,台中,台中市,85,2.82,Warning,最近測站 AQI 85 > 50 且為戶外設施,45
臺中市立東峰國中,臺中市東區,24.12626,120.68617,True,室內設施,台中,台中市,85,2.7,Low Risk,風險較低,25
王田社區運動公園,臺中市大肚區,24.1264,120.5838,False,戶外設施,彰化,彰化市,68,6.88,Warning,最近測站 AQI 68 > 50 且為戶外設施,45
臺中市西區萬壽公園,臺中市西區,24.126479,120.650622,False,戶外設施,台中,台中市,85,3.32,Warning,最近測站 AQI 85 > 50 且為戶外設施,45
國立中興大學附屬臺中高級農業職業學校禮堂,臺中市東區,24.1266,120.6856,True,室內設施,台中,台中市,85,2.64,Low Risk,風險較低,25
天主教聲遠之家,花蓮縣新城鄉,24.1266,121.6513,True,室內設施,花蓮,花蓮市,35,17.45,Low Risk,風險較低,5
好修社區活動中心,彰化縣和美鎮,24.127,120.494,True,室內設施,彰化,彰化市,68,7.44,Low Risk,風險較低,25
塭仔民眾活動中心,彰化縣線西鄉,24.128081,120.456135,True,室內設施,彰化,彰化市,68,10.46,Low Risk,風險較低,30
溝內民眾活動中心,彰化縣線西鄉,24.128334,120.454988,True,室內設施,彰化,彰化市,68,10.58,Low Risk,風險較低,30
大智國小2樓禮堂,臺中市東區,24.1286,120.6908,True,室內設施,台中,台中市,85,2.75,Low Risk,風險較低,25
新城社區活動中心,花蓮縣新城鄉,24.1288,121.6502,True,室內設施,花蓮,花蓮市,35,17.65,Low Risk,風險較低,5
興田社區活動中心,花蓮縣新城鄉,24.1301,121.6452,True,室內設施,花蓮,花蓮市,35,17.66,Low Risk,風險較低,5
線西國小,彰化縣線西鄉,24.1313,120.4697,True,室內設施,彰化,彰化市,68,9.56,Low Risk,風險較低,25
崇仁活動中心,臺中市南區,24.1314,120.6606,True,室內設施,台中,台中市,85,2.24,Low Risk,風險較低,25
紅葉國小梅林分校,南投縣仁愛鄉,24.131465,121.184631,True,室內設施,花蓮,花蓮市,35,45.91,Low Risk,風險較低,10
臺中國小活動中心,臺中市東區,24.131516,120.684716,True,室內設施,台中,台中市,85,2.12,Low Risk,風險較低,25
線西國中,彰化縣線西鄉,24.1325,120.4687,True,室內設施,彰化,彰化市,68,9.72,Low Risk,風險較低,25
長億國小〈行政大樓B1、操場、籃球場〉,臺中市太平區,24.133,120.7164,False,戶外設施,台中,台中市,85,4.64,Warning,最近測站 AQI 85 > 50 且為戶外設施,45
大忠國民小學一樓課照教室,臺中市大肚區,24.133714,120.5542,True,室內設施,彰化,彰化市,68,6.4,Low Risk,風險較低,25
培英國小,彰化縣和美鎮,24.134,120.51,True,室內設施,彰化,彰化市,68,7.15,Low Risk,風險較低,25
寓埔民眾活動中心,彰化縣線西鄉,24.134332,120.45949,True,室內設施,彰化,彰化市,68,10.58,Low Risk,風險較低,30
臺中市西區大勇國小禮堂,臺中市西區,24.1345,120.6578,True,室內設施,台中,台中市,85,2.17,Low Risk,風險較低,25
南屯區公所4樓開放式會議室,臺中市南屯區,24.1347,120.6441,True,室內設施,台中,台中市,85,3.32,Low Risk,風險較低,25
線西民眾活動中心,彰化縣線西鄉,24.135832,120.463123,True,室內設施,彰化,彰化市,68,10.39,Low Risk,風險較低,30
育英國中操場,臺中市東區,24.13594,120.69813,False,戶外設施,台中,台中市,85,2.81,Warning,最近測站 AQI 85 > 50 且為戶外設施,45
塗厝社區活動中心,彰化縣和美鎮,24.136,120.508,True,室內設施,彰化,彰化市,68,7.44,Low Risk,風險較低,25
南屯里活動中心,臺中市南屯區,24.1363,120.639,True,室內設施,台中,台中市,85,3.73,Low Risk,風險較低,25
臺中市東區區公所禮堂,臺中市東區,24.136521,120.703797,True,室內設施,台中,台中市,85,3.31,Low Risk,風險較低,25
線西鄉立幼兒園,彰化縣線西鄉,24.1368,120.4668,True,室內設施,彰化,彰化市,68,10.18,Low Risk,風險較低,30
春社里活動中心2、3樓,臺中市南屯區,24.1374,120.612,True,室內設施,台中,台中市,85,6.35,Low Risk,風險較低,25
祥順運動公園,臺中市太平區,24.1383,120.7128,False,戶外設施,台中,台中市,85,4.11,Warning,最近測站 AQI 85 > 50 且為戶外設施,45
宜欣國小〈宜學樓、南大樓〉,臺中市太平區,24.1392,120.7153,True,室內設施,台中,台中市,85,4.34,Low Risk,風險較低,25
臺中市西區忠信國小禮堂忠信堂,臺中市西區,24.1393,120.6686,True,室內設施,台中,台中市,85,1.06,Low Risk,風險較低,25
汴頭社區活動中心,彰化縣伸港鄉,24.139906,120.497037,True,室內設施,彰化,彰化市,68,8.39,Low Risk,風險較低,25
頂庄民眾活動中心,彰化縣線西鄉,24.1403,120.4674,True,室內設施,彰化,彰化市,68,10.39,Low Risk,風險較低,30
永定里社區活動中心,臺中市南屯區,24.1404,120.6366,True,室內設施,台中,台中市,85,3.84,Low Risk,風險較低,25
臺中市西區區公所,臺中市西區,24.1412,120.6712,True,室內設施,台中,台中市,85,0.76,Low Risk,風險較低,25
田新公園管理室,臺中市南屯區,24.1424,120.6443,False,戶外設施,台中,台中市,85,3.03,Warning,最近測站 AQI 85 > 50 且為戶外設施,45
大同里活動中心3樓,臺中市南屯區,24.1425,120.6502,True,室內設施,台中,台中市,85,2.44,Low Risk,風險較低,25
台中公園,臺中市北區,24.143637,120.684074,False,戶外設施,台中,台中市,85,1.15,Warning,最近測站 AQI 85 > 50 且為戶外設施,45
臺中市中區老人休閒活動中心,臺中市中區,24.1439,120.6795,True,室內設施,台中,台中市,85,0.73,Low Risk,風險較低,25
臺中市中區區公所六樓大禮堂,臺中市中區,24.1439,120.6795,True,室內設施,台中,台中市,85,0.73,Low Risk,風險較低,25
新港社區活動中心,彰化縣伸港鄉,24.143911,120.484731,True,室內設施,彰化,彰化市,68,9.48,Low Risk,風險較低,25
臺中市光復國小3樓禮堂及內操場,臺中市中區,24.143934,120.681722,False,戶外設施,台中,台中市,85,0.92,Warning,最近測站 AQI 85 > 50 且為戶外設施,45
興中停車場,臺中市中區,24.1442,120.6785,True,室內設施,台中,台中市,85,0.63,Low Risk,風險較低,25
臺中市光復國民小學外操場,臺中市中區,24.144587,120.681723,False,戶外設施,台中,台中市,85,0.89,Warning,最近測站 AQI 85 > 50 且為戶外設施,45
伸港國中第二校區,彰化縣伸港鄉,24.144634,120.489958,True,室內設施,彰化,彰化市,68,9.23,Low Risk,風險較低,25
坪林國小〈南棟大樓B1.操場〉,臺中市太平區,24.145,120.7371,False,戶外設施,台中,台中市,85,6.45,Warning,最近測站 AQI 85 > 50 且為戶外設施,45
進德國小一樓活動中心,臺中市東區,24.1452,120.6934,True,室內設施,台中,台中市,85,2.03,Low Risk,風險較低,25
勤益科技大學〈工程館B1.操場〉,臺中市太平區,24.1464,120.7334,False,戶外設施,台中,台中市,85,6.07,Warning,最近測站 AQI 85 > 50 且為戶外設施,45
大道國中宗堯樓1樓,臺中市大肚區,24.146936,120.548844,True,室內設施,彰化,彰化市,68,7.79,Low Risk,風險較低,25
地潭社區活動中心,彰化縣和美鎮,24.147,120.516,True,室內設施,彰化,彰化市,68,8.23,Low Risk,風險較低,25
文德宮,彰化縣伸港鄉,24.147211,120.492403,True,室內設施,彰化,彰化市,68,9.32,Low Risk,風險較低,25
中華國小〈前棟B1、操場〉,臺中市太平區,24.1473,120.726,False,戶外設施,台中,台中市,85,5.32,Warning,最近測站 AQI 85 > 50 且為戶外設施,45
富世活動中心,花蓮縣秀林鄉,24.1473,121.6277,True,室內設施,花蓮,花蓮市,35,19.22,Low Risk,風險較低,5
泉州社區活動中心,彰化縣伸港鄉,24.14783,120.480758,True,室內設施,彰化,彰化市,68,10.07,Low Risk,風險較低,30
太平國中〈行政大樓B1〉,臺中市太平區,24.1483,120.7346,True,室內設施,台中,台中市,85,6.19,Low Risk,風險較低,25
力行國小,南投縣仁愛鄉,24.148371,121.189375,True,室內設施,花蓮,花蓮市,35,46.2,Low Risk,風險較低,10
伸東國民小學,彰化縣伸港鄉,24.1484,120.4879,True,室內設施,彰化,彰化市,68,9.69,Low Risk,風險較低,25
伸港鄉老人文康活動中心,彰化縣伸港鄉,24.1486,120.4878,True,室內設施,彰化,彰化市,68,9.71,Low Risk,風險較低,25
惠智公園管理室1、2樓,臺中市南屯區,24.1489,120.6391,False,戶外設施,台中,台中市,85,3.5,Warning,最近測站 AQI 85 > 50 且為戶外設施,45
大新活動中心3樓,臺中市南屯區,24.1489,120.6526,True,室內設施,台中,台中市,85,2.13,Low Risk,風險較低,25
蚵寮社區活動中心,彰化縣伸港鄉,24.149014,120.457273,True,室內設施,彰化,彰化市,68,11.8,Low Risk,風險較低,30
臺中市北區太平國小大禮堂及操場,臺中市北區,24.1492,120.682,False,戶外設施,台中,台中市,85,0.87,Warning,最近測站 AQI 85 > 50 且為戶外設施,45
泉厝社區活動中心,彰化縣伸港鄉,24.149574,120.479829,True,室內設施,彰化,彰化市,68,10.29,Low Risk,風險較低,30
伸仁國民小學,彰化縣伸港鄉,24.1499,120.4696,True,室內設施,彰化,彰化市,68,10.99,Low Risk,風險較低,30
湖內社區活動中心,彰化縣和美鎮,24.1503,120.5093,True,室內設施,彰化,彰化市,68,8.82,Low Risk,風險較低,25
大湖里光大里聯合活動中心,臺中市北區,24.150323,120.679493,True,室內設施,台中,台中市,85,0.67,Low Risk,風險較低,25
大肚社區活動中心,臺中市大肚區,24.150654,120.545482,True,室內設施,彰化,彰化市,68,8.18,Low Risk,風險較低,25
力行國小活動中心,臺中市東區,24.150696,120.69394,True,室內設施,台中,台中市,85,2.09,Low Risk,風險較低,25
新港國民國小,彰化縣伸港鄉,24.151,120.4768,True,室內設施,彰化,彰化市,68,10.6,Low Risk,風險較低,30
大肚區公所五樓,臺中市大肚區,24.151237,120.545324,True,室內設施,彰化,彰化市,68,8.25,Low Risk,風險較低,25
新光國小行政大樓,臺中市太平區,24.1524,120.7066,True,室內設施,台中,台中市,85,3.39,Low Risk,風險較低,25
臺中市西區中正國小禮堂中正館,臺中市西區,24.1526,120.6667,True,室內設施,台中,台中市,85,0.89,Low Risk,風險較低,25
臺中市西區和龍民龍聯合里活動中心中心,臺中市西區,24.1535,120.6702,True,室內設施,台中,台中市,85,0.73,Low Risk,風險較低,25
老人活動中心,臺中市大肚區,24.15352,120.540571,True,室內設施,彰化,彰化市,68,8.5,Low Risk,風險較低,25
大肚國小體育館,臺中市大肚區,24.1546,120.5463,True,室內設施,彰化,彰化市,68,8.62,Low Risk,風險較低,25
新平國小〈南棟B1、操場、籃球場〉,臺中市太平區,24.1547,120.7201,False,戶外設施,台中,台中市,85,4.78,Warning,最近測站 AQI 85 > 50 且為戶外設施,45
黎明里活動中心,臺中市南屯區,24.1555,120.6296,True,室內設施,台中,台中市,85,4.55,Low Risk,風險較低,25
黃竹國小〈戶外操場〉,臺中市太平區,24.1556,120.7344,False,戶外設施,台中,台中市,85,6.23,Warning,最近測站 AQI 85 > 50 且為戶外設施,45
何南、何成里聯合活動中心,臺中市西屯區,24.1557,120.648109,True,室內設施,台中,台中市,85,2.74,Low Risk,風險較低,25
大同社區活動中心,彰化縣伸港鄉,24.156642,120.47616,True,室內設施,彰化,彰化市,68,11.13,Low Risk,風險較低,30
什股社區活動中心,彰化縣伸港鄉,24.156642,120.47616,True,室內設施,彰化,彰化市,68,11.13,Low Risk,風險較低,30
臺中市西區忠明國小禮堂忠明館,臺中市西區,24.1578,120.6591,True,室內設施,台中,台中市,85,1.85,Low Risk,風險較低,25
臺中市西區忠明高中禮堂忠明館,臺中市西區,24.1579,120.6637,True,室內設施,台中,台中市,85,1.52,Low Risk,風險較低,25
新光國中〈活動中心.操場〉,臺中市太平區,24.1579,120.7093,False,戶外設施,台中,台中市,85,3.8,Warning,最近測站 AQI 85 > 50 且為戶外設施,45
中和社區活動中心,臺中市大肚區,24.158601,120.544456,True,室內設施,彰化,彰化市,68,9.06,Low Risk,風險較低,25
營埔社區活動中心,臺中市大肚區,24.158601,120.5446,True,室內設施,彰化,彰化市,68,9.06,Low Risk,風險較低,25
永順社區活動中心,臺中市大肚區,24.1588,120.5331,True,室內設施,彰化,彰化市,68,9.14,Low Risk,風險較低,25
頂街社區活動中心,臺中市大肚區,24.1589,120.5446,True,室內設施,彰化,彰化市,68,9.1,Low Risk,風險較低,25
臺中市新社區中興合作農場,臺中市新社區,24.1589,120.8262,True,室內設施,台中,台中市,85,15.53,Low Risk,風險較低,30
臺中市北區乾溝子活動中心,臺中市北區,24.1591,120.6662,True,室內設施,台中,台中市,85,1.47,Low Risk,風險較低,25
山陽國小防空避難室,臺中市大肚區,24.159312,120.544865,True,室內設施,彰化,彰化市,68,9.14,Low Risk,風險較低,25
紅葉國小,南投縣仁愛鄉,24.159312,121.176707,True,室內設施,花蓮,花蓮市,35,47.88,Low Risk,風險較低,10
臺中市新社區大林國小,臺中市新社區,24.159481,120.863914,True,室內設施,台中,台中市,85,19.35,Low Risk,風險較低,30
省三國小育德館及操場,臺中市北區,24.1599,120.6848,False,戶外設施,台中,台中市,85,1.77,Warning,最近測站 AQI 85 > 50 且為戶外設施,45
鐵山社區活動中心,彰化縣和美鎮,24.16,120.519,True,室內設施,彰化,彰化市,68,9.53,Low Risk,風險較低,25
溪底社區活動中心,彰化縣伸港鄉,24.160703,120.501452,True,室內設施,彰化,彰化市,68,10.2,Low Risk,風險較低,30
漢口國中（操場）,臺中市西屯區,24.16176,120.657033,False,戶外設施,台中,台中市,85,2.3,Warning,最近測站 AQI 85 > 50 且為戶外設施,45
崇德國小收容所,花蓮縣秀林鄉,24.162,121.6524,True,室內設施,花蓮,花蓮市,35,21.28,Low Risk,風險較低,10
何安里活動中心,臺中市西屯區,24.162332,120.653758,True,室內設施,台中,台中市,85,2.59,Low Risk,風險較低,25
大同國民國小,彰化縣伸港鄉,24.1625,120.4845,True,室內設施,彰化,彰化市,68,11.19,Low Risk,風險較低,30
瑞井社區活動中心,臺中市大肚區,24.16335,120.572365,True,室內設施,彰化,彰化市,68,10.05,Low Risk,風險較低,30
臺中市新社區福民國小,臺中市新社區,24.163651,120.880962,True,室內設施,台中,台中市,85,21.11,Low Risk,風險較低,35
溫泉部落鄰長家,南投縣仁愛鄉,24.163778,121.180117,True,室內設施,花蓮,花蓮市,35,47.78,Low Risk,風險較低,10
惠來國小（三期活動中心、操場）,臺中市西屯區,24.16493,120.6497,False,戶外設施,台中,台中市,85,3.09,Warning,最近測站 AQI 85 > 50 且為戶外設施,45
海尾社區活動中心,彰化縣伸港鄉,24.165165,120.485127,True,室內設施,彰化,彰化市,68,11.41,Low Risk,風險較低,30
西屯區公所,臺中市西屯區,24.165436,120.633793,True,室內設施,台中,台中市,85,4.49,Low Risk,風險較低,25
臺中市北區明德活動中心,臺中市北區,24.1657,120.6694,True,室內設施,台中,台中市,85,2.05,Low Risk,風險較低,25
臺中市北區行政大樓,臺中市北區,24.166,120.6822,True,室內設施,台中,台中市,85,2.21,Low Risk,風險較低,25
臺中市立東山高級中學禮堂、操場,臺中市北屯區,24.1666,120.7122,False,戶外設施,台中,台中市,85,4.44,Warning,最近測站 AQI 85 > 50 且為戶外設施,45
定興社區活動中心,彰化縣伸港鄉,24.166813,120.496962,True,室內設施,彰化,彰化市,68,11.01,Low Risk,風險較低,30
臺中市立三光國民中學（禮堂、操場）,臺中市北屯區,24.167354,120.698404,False,戶外設施,台中,台中市,85,3.33,Warning,最近測站 AQI 85 > 50 且為戶外設施,45
文昌國民小學（活動中心-弘文堂、操場）,臺中市北屯區,24.168188,120.693207,False,戶外設施,台中,台中市,85,3.02,Warning,最近測站 AQI 85 > 50 且為戶外設施,45
中山國中（操場）,臺中市西屯區,24.168445,120.660187,False,戶外設施,台中,台中市,85,2.68,Warning,最近測站 AQI 85 > 50 且為戶外設施,45
逢甲國民小學（操場、校舍頂樓）,臺中市北屯區,24.168462,120.759755,False,戶外設施,台中,台中市,85,9.04,Warning,最近測站 AQI 85 > 50 且為戶外設施,45
臺中市北區長青里活動中心,臺中市北區,24.1691,120.6685,True,室內設施,台中,台中市,85,2.44,Low Risk,風險較低,25
長安國小（操場跑道）,臺中市西屯區,24.169105,120.653078,False,戶外設施,台中,台中市,85,3.16,Warning,最近測站 AQI 85 > 50 且為戶外設施,45
何福、何德里聯合活動中心,臺中市西屯區,24.169681,120.662291,True,室內設施,台中,台中市,85,2.7,Low Risk,風險較低,25
協和國小（學生活動中心、操場）,臺中市西屯區,24.169862,120.620071,False,戶外設施,台中,台中市,85,5.96,Warning,最近測站 AQI 85 > 50 且為戶外設施,45
四維國民小學（活動中心）,臺中市北屯區,24.170777,120.695314,True,室內設施,台中,台中市,85,3.38,Low Risk,風險較低,25
何源里活動中心,臺中市西屯區,24.170797,120.665542,True,室內設施,台中,台中市,85,2.7,Low Risk,風險較低,25
臺中市北區賴興活動中心,臺中市北區,24.1718,120.6757,True,室內設施,台中,台中市,85,2.69,Low Risk,風險較低,25
上安國小（活動中心、操場）,臺中市西屯區,24.172074,120.639105,False,戶外設施,台中,台中市,85,4.43,Warning,最近測站 AQI 85 > 50 且為戶外設施,45
東光國民小學（活動中心、操場）,臺中市北屯區,24.17211,120.701827,False,戶外設施,台中,台中市,85,3.95,Warning,最近測站 AQI 85 > 50 且為戶外設施,45
基督長老教會,南投縣仁愛鄉,24.172426,121.196369,True,室內設施,花蓮,花蓮市,35,46.75,Low Risk,風險較低,10
力行活動中心,南投縣仁愛鄉,24.172426,121.196369,True,室內設施,花蓮,花蓮市,35,46.75,Low Risk,風險較低,10
大洋部落真耶穌教會,南投縣仁愛鄉,24.172426,121.196369,True,室內設施,花蓮,花蓮市,35,46.75,Low Risk,風險較低,10
文心國民小學（禮堂、操場）,臺中市北屯區,24.17296,120.682577,False,戶外設施,台中,台中市,85,2.95,Warning,最近測站 AQI 85 > 50 且為戶外設施,45
崇德國民中學（崇德館、操場）,臺中市北屯區,24.17296,120.682577,False,戶外設施,台中,台中市,85,2.95,Warning,最近測站 AQI 85 > 50 且為戶外設施,45
上石國小（活動中心、操場）,臺中市西屯區,24.173681,120.643286,False,戶外設施,台中,台中市,85,4.22,Warning,最近測站 AQI 85 > 50 且為戶外設施,45
中達里育德里邱厝里聯合活動中心,臺中市北區,24.173738,120.674392,True,室內設施,台中,台中市,85,2.9,Low Risk,風險較低,25
平順里、平心里、平福里活動中心（3樓）,臺中市北屯區,24.1741,120.6877,True,室內設施,台中,台中市,85,3.27,Low Risk,風險較低,25
至善國中（至善館、操場）,臺中市西屯區,24.174335,120.640194,False,戶外設施,台中,台中市,85,4.5,Warning,最近測站 AQI 85 > 50 且為戶外設施,45
青少年活動中心,臺中市北屯區,24.1744,120.6826,True,室內設施,台中,台中市,85,3.11,Low Risk,風險較低,25
中台科技大學羽球館,臺中市北屯區,24.1745,120.7357,True,室內設施,台中,台中市,85,6.97,Low Risk,風險較低,25
大福社區活動中心,臺中市西屯區,24.174643,120.666744,True,室內設施,台中,台中市,85,3.08,Low Risk,風險較低,25
建功國民小學（地下室停車場）,臺中市北屯區,24.175695,120.715938,True,室內設施,台中,台中市,85,5.3,Low Risk,風險較低,25
軍功國民小學（禮堂、操場）,臺中市北屯區,24.175695,120.715938,False,戶外設施,台中,台中市,85,5.3,Warning,最近測站 AQI 85 > 50 且為戶外設施,45
福安地區各里聯合活動中心,臺中市西屯區,24.176043,120.618029,True,室內設施,台中,台中市,85,6.46,Low Risk,風險較低,25
全興社區活動中心,彰化縣伸港鄉,24.176072,120.488453,True,室內設施,彰化,彰化市,68,12.31,Low Risk,風險較低,30
鵬程里活動中心,臺中市西屯區,24.176403,120.648648,True,室內設施,台中,台中市,85,4.07,Low Risk,風險較低,25
瑞峰國小防空避難室,臺中市大肚區,24.17668,120.574604,True,室內設施,台中,台中市,85,10.55,Low Risk,風險較低,30
瀋陽公園管理室（活動中心1、2樓）,臺中市北屯區,24.1769,120.6724,False,戶外設施,台中,台中市,85,3.25,Warning,最近測站 AQI 85 > 50 且為戶外設施,45
大鵬國小（綜合球場）,臺中市西屯區,24.17748,120.6653,False,戶外設施,台中,台中市,85,3.42,Warning,最近測站 AQI 85 > 50 且為戶外設施,45
僑孝國民小學（活動中心）,臺中市北屯區,24.177756,120.699648,True,室內設施,台中,台中市,85,4.26,Low Risk,風險較低,25
軍功里活動中心,臺中市北屯區,24.177863,120.717838,True,室內設施,台中,台中市,85,5.6,Low Risk,風險較低,25
四箴國中操場、體育館,臺中市龍井區,24.178195,120.576947,False,戶外設施,台中,台中市,85,10.38,Warning,最近測站 AQI 85 > 50 且為戶外設施,50
北新國民中學（活動中心）,臺中市北屯區,24.178882,120.695925,True,室內設施,台中,台中市,85,4.14,Low Risk,風險較低,25
竹坑里活動中心,臺中市龍井區,24.18031,120.546391,True,室內設施,彰化,彰化市,68,11.48,Low Risk,風險較低,30
龍峰國小操場,臺中市龍井區,24.180456,120.576147,False,戶外設施,台中,台中市,85,10.54,Warning,最近測站 AQI 85 > 50 且為戶外設施,50
仁愛國民小學（禮堂三樓、操場）,臺中市北屯區,24.180481,120.671897,False,戶外設施,台中,台中市,85,3.65,Warning,最近測站 AQI 85 > 50 且為戶外設施,45
北屯國民小學（禮堂、操場）,臺中市北屯區,24.180481,120.671897,False,戶外設施,台中,台中市,85,3.65,Warning,最近測站 AQI 85 > 50 且為戶外設施,45
大德國民中學（操場）,臺中市北屯區,24.180564,120.669137,False,戶外設施,台中,台中市,85,3.68,Warning,最近測站 AQI 85 > 50 且為戶外設施,45
翠華村華崗活動中心,南投縣仁愛鄉,24.180665,121.199899,True,室內設施,花蓮,花蓮市,35,46.87,Low Risk,風險較低,10
大德公園管理室（1、2樓）,臺中市北屯區,24.1815,120.6719,False,戶外設施,台中,台中市,85,3.76,Warning,最近測站 AQI 85 > 50 且為戶外設施,45
舊社公園活動中心（1、2樓、室外）,臺中市北屯區,24.1815,120.7007,False,戶外設施,台中,台中市,85,4.66,Warning,最近測站 AQI 85 > 50 且為戶外設施,45
西安、西墩、至善里聯合活動中心,臺中市西屯區,24.181647,120.639943,True,室內設施,台中,台中市,85,5.09,Low Risk,風險較低,25
北屯區公所六樓禮堂,臺中市北屯區,24.1827,120.6867,True,室內設施,台中,台中市,85,4.11,Low Risk,風險較低,25
臺中市東勢區慶福社區活動中心,臺中市東勢區,24.182864,120.840965,True,室內設施,台中,台中市,85,17.42,Low Risk,風險較低,30
龍井國小操場、龍騰館,臺中市龍井區,24.183711,120.529836,False,戶外設施,彰化,彰化市,68,11.93,Warning,最近測站 AQI 68 > 50 且為戶外設施,50
永安國小（永安館、操場）,臺中市西屯區,24.184845,120.625082,False,戶外設施,台中,台中市,85,6.43,Warning,最近測站 AQI 85 > 50 且為戶外設施,45
陳平國民小學（地下活動中心）,臺中市北屯區,24.185321,120.667549,True,室內設施,台中,台中市,85,4.23,Low Risk,風險較低,25
東海國小（操場、籃球場）,臺中市西屯區,24.18602,120.5896,False,戶外設施,台中,台中市,85,9.53,Warning,最近測站 AQI 85 > 50 且為戶外設施,45
后庄社區活動中心,臺中市北屯區,24.18809,120.66498,True,室內設施,台中,台中市,85,4.58,Low Risk,風險較低,25
麗陽營區,臺中市和平區,24.1883,120.9866,True,室內設施,台中,台中市,85,32.07,Low Risk,風險較低,35
福科國中（操場、籃球場）,臺中市西屯區,24.1892,120.6138,False,戶外設施,台中,台中市,85,7.62,Warning,最近測站 AQI 85 > 50 且為戶外設施,45
龍崗社區活動中心,臺中市龍井區,24.189607,120.548065,True,室內設施,彰化,彰化市,68,12.52,Low Risk,風險較低,30
松竹國民小學（勁竹及松青樓地下室）,臺中市北屯區,24.190797,120.686684,True,室內設施,台中,台中市,85,4.97,Low Risk,風險較低,25
仁美國民小學（地下室、活動中心、操場）,臺中市北屯區,24.190797,120.686684,False,戶外設施,台中,台中市,85,4.97,Warning,最近測站 AQI 85 > 50 且為戶外設施,45
臺中市東勢區慶福里社區活動中心戶外停車場,臺中市東勢區,24.191,120.8438,True,室內設施,台中,台中市,85,17.93,Low Risk,風險較低,30
龍井國中操場,臺中市龍井區,24.192285,120.544059,False,戶外設施,彰化,彰化市,68,12.81,Warning,最近測站 AQI 68 > 50 且為戶外設施,50
龍井區公所禮堂,臺中市龍井區,24.19268,120.545584,True,室內設施,彰化,彰化市,68,12.86,Low Risk,風險較低,30
協成國小（教學及行政大樓）,臺中市新社區,24.192772,120.813491,True,室內設施,台中,台中市,85,15.05,Low Risk,風險較低,30
四張犁國民中學（活動中心、操場）,臺中市北屯區,24.193528,120.677436,False,戶外設施,台中,台中市,85,5.11,Warning,最近測站 AQI 85 > 50 且為戶外設施,45
國安國小（新大樓活動中心、操場）,臺中市西屯區,24.193578,120.609081,False,戶外設施,台中,台中市,85,8.3,Warning,最近測站 AQI 85 > 50 且為戶外設施,45
新興國民小學（禮堂、操場）,臺中市北屯區,24.195039,120.662753,False,戶外設施,台中,台中市,85,5.38,Warning,最近測站 AQI 85 > 50 且為戶外設施,45
四張犁國民小學（操場）,臺中市北屯區,24.195039,120.662753,False,戶外設施,台中,台中市,85,5.38,Warning,最近測站 AQI 85 > 50 且為戶外設施,45
龍泉國小操場,臺中市龍井區,24.195841,120.547464,False,戶外設施,彰化,彰化市,68,13.21,Warning,最近測站 AQI 68 > 50 且為戶外設施,50
四民里仁和里仁美里同榮里聯合活動中心室內、室外,臺中市北屯區,24.196262,120.680523,True,室內設施,台中,台中市,85,5.45,Low Risk,風險較低,25
頭家國小-多功能教室,臺中市潭子區,24.197026,120.696224,True,室內設施,台中,台中市,85,5.95,Low Risk,風險較低,25
泰安國小（育才堂、操場）,臺中市西屯區,24.197845,120.648858,False,戶外設施,台中,台中市,85,6.11,Warning,最近測站 AQI 85 > 50 且為戶外設施,45
頭家里/頭家東里活動中心,臺中市潭子區,24.197913,120.699067,True,室內設施,台中,台中市,85,6.15,Low Risk,風險較低,25
拍瀑拉水裡社公園,臺中市龍井區,24.198537,120.562822,False,戶外設施,台中,台中市,85,12.58,Warning,最近測站 AQI 85 > 50 且為戶外設施,50
龍港國小操場,臺中市龍井區,24.198733,120.500933,False,戶外設施,彰化,彰化市,68,14.18,Warning,最近測站 AQI 68 > 50 且為戶外設施,50
大坑國小1.2樓教室、操場,臺中市北屯區,24.1988,120.7607,False,戶外設施,台中,台中市,85,10.51,Warning,最近測站 AQI 85 > 50 且為戶外設施,50
水裡港文化館,臺中市龍井區,24.200778,120.498444,True,室內設施,彰化,彰化市,68,14.47,Low Risk,風險較低,30
龍津國小操場、綜合教學大樓,臺中市龍井區,24.201067,120.521677,False,戶外設施,彰化,彰化市,68,13.95,Warning,最近測站 AQI 68 > 50 且為戶外設施,50
潭陽社區活動中心,臺中市潭子區,24.201197,120.703471,True,室內設施,台中,台中市,85,6.68,Low Risk,風險較低,25
麗水社區活動中心,臺中市龍井區,24.2022,120.5011,True,室內設施,彰化,彰化市,68,14.54,Low Risk,風險較低,30
臺中市東勢區慶東社區活動中心,臺中市東勢區,24.2023,120.8422,True,室內設施,台中,台中市,85,18.15,Low Risk,風險較低,30
僑忠國小-體育館,臺中市潭子區,24.202497,120.70371,True,室內設施,台中,台中市,85,6.82,Low Risk,風險較低,25
新興國小-專科教室,臺中市潭子區,24.203989,120.725525,True,室內設施,台中,台中市,85,8.18,Low Risk,風險較低,25
龍津國中操場,臺中市龍井區,24.204522,120.521049,False,戶外設施,彰化,彰化市,68,14.34,Warning,最近測站 AQI 68 > 50 且為戶外設施,50
臺中市東勢區東華國中教室,臺中市東勢區,24.2054,120.8397,True,室內設施,台中,台中市,85,18.03,Low Risk,風險較低,30
東興國小（一樓課照教室）,臺中市新社區,24.206154,120.820101,True,室內設施,台中,台中市,85,16.22,Low Risk,風險較低,30
臺中市東勢區成功國小,臺中市東勢區,24.208311,120.839784,True,室內設施,台中,台中市,85,18.16,Low Risk,風險較低,30
潭子國中-活動中心,臺中市潭子區,24.210191,120.70836,True,室內設施,台中,台中市,85,7.79,Low Risk,風險較低,25
榮興村辦公處,南投縣仁愛鄉,24.210441,121.300253,True,室內設施,花蓮,花蓮市,35,40.34,Low Risk,風險較低,10
潭子區運動公園,臺中市潭子區,24.21106,120.700706,False,戶外設施,台中,台中市,85,7.56,Warning,最近測站 AQI 85 > 50 且為戶外設施,45
臺中市大雅區三和公園,臺中市大雅區,24.211845,120.665252,False,戶外設施,台中,台中市,85,7.18,Warning,最近測站 AQI 85 > 50 且為戶外設施,45
臺中市大雅區大明國小活動中心,臺中市大雅區,24.2128,120.6499,True,室內設施,台中,台中市,85,7.63,Low Risk,風險較低,25
潭陽國小-業勤樓,臺中市潭子區,24.213042,120.710128,True,室內設施,台中,台中市,85,8.16,Low Risk,風險較低,25
合作國小,臺中市豐原區,24.2131,120.5581,True,室內設施,台中,台中市,85,13.79,Low Risk,風險較低,30
潭北社區活動中心,臺中市潭子區,24.2141,120.7089,True,室內設施,台中,台中市,85,8.21,Low Risk,風險較低,25
山腳社區活動中心,臺中市龍井區,24.214287,120.549368,False,戶外設施,台中,台中市,85,14.62,Warning,最近測站 AQI 85 > 50 且為戶外設施,50
東寶國小-綜合教室,臺中市潭子區,24.214805,120.67952,True,室內設施,台中,台中市,85,7.49,Low Risk,風險較低,25
忠和社區活動中心,臺中市龍井區,24.21486,120.524048,True,室內設施,彰化,彰化市,68,15.44,Low Risk,風險較低,30
新田社區活動中心,臺中市潭子區,24.214974,120.723225,True,室內設施,台中,台中市,85,9.02,Low Risk,風險較低,25
潭秀社區活動中心,臺中市潭子區,24.215286,120.703871,True,室內設施,台中,台中市,85,8.12,Low Risk,風險較低,25
潭子國小-圖書室,臺中市潭子區,24.215893,120.705361,True,室內設施,台中,台中市,85,8.24,Low Risk,風險較低,25
龍海國小操場,臺中市龍井區,24.215956,120.526677,False,戶外設施,彰化,彰化市,68,15.53,Warning,最近測站 AQI 68 > 50 且為戶外設施,50
臺中市立大華國中地下室,臺中市大雅區,24.2161,120.6496,True,室內設施,台中,台中市,85,7.99,Low Risk,風險較低,25
臺中市大雅區西寶社區活動中心,臺中市大雅區,24.2161,120.668,True,室內設施,台中,台中市,85,7.63,Low Risk,風險較低,25
潭秀國中-體育館,臺中市潭子區,24.216172,120.699522,True,室內設施,台中,台中市,85,8.06,Low Risk,風險較低,25
臺中市北勢國小禮堂,臺中市沙鹿區,24.216935,120.571552,True,室內設施,台中,台中市,85,12.9,Low Risk,風險較低,30
南勢社區活動中心,臺中市沙鹿區,24.217386,120.567801,True,室內設施,台中,台中市,85,13.24,Low Risk,風險較低,30
南陽國小,臺中市豐原區,24.2187,120.5677,True,室內設施,台中,台中市,85,13.33,Low Risk,風險較低,30
臺中市東勢區上城社區活動中心,臺中市東勢區,24.2188,120.84,True,室內設施,台中,台中市,85,18.64,Low Risk,風險較低,30
馬力埔社區活動中心,臺中市新社區,24.218895,120.792343,True,室內設施,台中,台中市,85,14.41,Low Risk,風險較低,30
臺中市大雅區文雅國小地下室,臺中市大雅區,24.2195,120.6461,True,室內設施,台中,台中市,85,8.46,Low Risk,風險較低,25
臺中市大雅區三和國小體育館,臺中市大雅區,24.2199,120.6667,True,室內設施,台中,台中市,85,8.06,Low Risk,風險較低,25
臺中市東勢區下城社區活動中心,臺中市東勢區,24.219995,120.836657,True,室內設施,台中,台中市,85,18.39,Low Risk,風險較低,30
臺中市大雅區陽明國小1樓教室,臺中市大雅區,24.2213,120.632,True,室內設施,台中,台中市,85,9.21,Low Risk,風險較低,25
臺中市東勢區新成國小禮堂,臺中市東勢區,24.2213,120.8394,True,室內設施,台中,台中市,85,18.7,Low Risk,風險較低,30
六路社區活動中心,臺中市沙鹿區,24.221573,120.578484,True,室內設施,台中,台中市,85,12.67,Low Risk,風險較低,30
臺中市大雅區大雅國小體育館,臺中市大雅區,24.2222,120.6503,True,室內設施,台中,台中市,85,8.61,Low Risk,風險較低,25
晉江社區活動中心,臺中市沙鹿區,24.222652,120.580577,True,室內設施,台中,台中市,85,12.59,Low Risk,風險較低,30
臺中市立大雅國中體育館,臺中市大雅區,24.2241,120.6504,True,室內設施,台中,台中市,85,8.82,Low Risk,風險較低,25
福興社區活動中心,臺中市沙鹿區,24.224608,120.567398,True,室內設施,台中,台中市,85,13.75,Low Risk,風險較低,30
北勢社區活動中心,臺中市沙鹿區,24.224819,120.571125,True,室內設施,台中,台中市,85,13.48,Low Risk,風險較低,30
臺中市北勢國中禮堂,臺中市沙鹿區,24.225175,120.569209,True,室內設施,台中,台中市,85,13.65,Low Risk,風險較低,30
北勢國民中學操場,臺中市沙鹿區,24.225175,120.569209,False,戶外設施,台中,台中市,85,13.65,Warning,最近測站 AQI 85 > 50 且為戶外設施,50
停四雅楓停車場,臺中市大雅區,24.225474,120.656843,True,室內設施,台中,台中市,85,8.81,Low Risk,風險較低,25
斗抵社區活動中心,臺中市沙鹿區,24.22585,120.554569,True,室內設施,台中,台中市,85,14.88,Low Risk,風險較低,30
鎌村里活動中心,臺中市豐原區,24.2262,120.7299,True,室內設施,台中,台中市,85,10.43,Low Risk,風險較低,30
大南國小（多功能教室）,臺中市新社區,24.226742,120.804693,True,室內設施,台中,台中市,85,15.94,Low Risk,風險較低,30
臺中市大雅區上雅社區活動中心,臺中市大雅區,24.2281,120.6509,True,室內設施,台中,台中市,85,9.23,Low Risk,風險較低,25
臺中市新社區公所,臺中市新社區,24.2282,120.8122,True,室內設施,台中,台中市,85,16.67,Low Risk,風險較低,30
臺中市大雅區公所,臺中市大雅區,24.2289,120.6478,True,室內設施,台中,台中市,85,9.4,Low Risk,風險較低,25
臺中市大雅區秀山社區活動中心,臺中市大雅區,24.229,120.6334,True,室內設施,台中,台中市,85,9.92,Low Risk,風險較低,25
栗林社區活動中心,臺中市潭子區,24.229634,120.712113,True,室內設施,台中,台中市,85,9.91,Low Risk,風險較低,25
永寧國小操場,臺中市梧棲區,24.23,120.53,False,戶外設施,彰化,彰化市,68,17.05,Warning,最近測站 AQI 68 > 50 且為戶外設施,50
國立中科實驗高級中學,臺中市大雅區,24.230138,120.625985,True,室內設施,台中,台中市,85,10.36,Low Risk,風險較低,30
中興嶺停車場,臺中市新社區,24.231226,120.809642,True,室內設施,台中,台中市,85,16.63,Low Risk,風險較低,30
復盛公園戶外臨時避難收容場所,臺中市新社區,24.231226,120.809642,False,戶外設施,台中,台中市,85,16.63,Warning,最近測站 AQI 85 > 50 且為戶外設施,50
臺中市大雅區汝鎏國小1~3樓教室,臺中市大雅區,24.2314,120.6265,True,室內設施,台中,台中市,85,10.46,Low Risk,風險較低,30
新社區老人文康活動中心,臺中市新社區,24.232095,120.80745,True,室內設施,台中,台中市,85,16.5,Low Risk,風險較低,30
東陽里活動中心,臺中市豐原區,24.2329,120.7476,True,室內設施,台中,台中市,85,12.09,Low Risk,風險較低,30
興安社區活動中心,臺中市沙鹿區,24.23327,120.562858,True,室內設施,台中,台中市,85,14.72,Low Risk,風險較低,30
興仁社區活動中心,臺中市沙鹿區,24.23327,120.562858,True,室內設施,台中,台中市,85,14.72,Low Risk,風險較低,30
臺中市大雅區大楓社區活動中心,臺中市大雅區,24.2346,120.667,True,室內設施,台中,台中市,85,9.69,Low Risk,風險較低,25
臺中市大雅區上楓社區活動中心二,臺中市大雅區,24.2347,120.6668,True,室內設施,台中,台中市,85,9.7,Low Risk,風險較低,25
鎮立公園,臺中市沙鹿區,24.234753,120.566413,False,戶外設施,台中,台中市,85,14.56,Warning,最近測站 AQI 85 > 50 且為戶外設施,50
沙鹿國民中學操場,臺中市沙鹿區,24.235208,120.563351,False,戶外設施,台中,台中市,85,14.82,Warning,最近測站 AQI 85 > 50 且為戶外設施,50
臺中市沙鹿國中禮堂,臺中市沙鹿區,24.235208,120.563351,True,室內設施,台中,台中市,85,14.82,Low Risk,風險較低,30
臺中市原住民綜合服務中心,臺中市大雅區,24.235343,120.622359,True,室內設施,台中,台中市,85,11.04,Low Risk,風險較低,30
美仁社區活動中心,臺中市沙鹿區,24.235802,120.561571,True,室內設施,台中,台中市,85,15.0,Low Risk,風險較低,30
居仁社區活動中心,臺中市沙鹿區,24.235802,120.561571,True,室內設施,台中,台中市,85,15.0,Low Risk,風險較低,30
臺中市沙鹿國小禮堂,臺中市沙鹿區,24.235802,120.561571,True,室內設施,台中,台中市,85,15.0,Low Risk,風險較低,30
臺中市大雅區上楓國小庠序樓地下室,臺中市大雅區,24.2361,120.667,True,室內設施,台中,台中市,85,9.85,Low Risk,風險較低,25
豐田國小,臺中市豐原區,24.237,120.722,True,室內設施,台中,台中市,85,11.08,Low Risk,風險較低,30
文昌街、日新街口停車場,臺中市沙鹿區,24.237054,120.561849,True,室內設施,台中,台中市,85,15.07,Low Risk,風險較低,30
臺中市東勢區石角國小教室,臺中市東勢區,24.2379,120.8503,True,室內設施,台中,台中市,85,20.54,Low Risk,風險較低,35
臺中市大雅區六寶國小1~3樓教室,臺中市大雅區,24.2381,120.6355,True,室內設施,台中,台中市,85,10.77,Low Risk,風險較低,30
豐田里活動中心舊,臺中市豐原區,24.2381,120.7218,True,室內設施,台中,台中市,85,11.18,Low Risk,風險較低,30
臺中市竹林國小禮堂,臺中市沙鹿區,24.238543,120.567875,True,室內設施,台中,台中市,85,14.73,Low Risk,風險較低,30
竹林國民小學操場,臺中市沙鹿區,24.238543,120.567875,False,戶外設施,台中,台中市,85,14.73,Warning,最近測站 AQI 85 > 50 且為戶外設施,50
三角社區活動中心,臺中市神岡區,24.2386,120.6895,True,室內設施,台中,台中市,85,10.24,Low Risk,風險較低,30
豐南國中,臺中市豐原區,24.2394,120.7169,True,室內設施,台中,台中市,85,11.1,Low Risk,風險較低,30
豐田活動中心新,臺中市豐原區,24.2402,120.7213,True,室內設施,台中,台中市,85,11.37,Low Risk,風險較低,30
崑山國小,臺中市新社區,24.241082,120.787761,True,室內設施,台中,台中市,85,15.55,Low Risk,風險較低,30
南陽里活動中心,臺中市豐原區,24.2412,120.7261,True,室內設施,台中,台中市,85,11.68,Low Risk,風險較低,30
清泉社區活動中心,臺中市沙鹿區,24.241539,120.61464,True,室內設施,台中,台中市,85,12.03,Low Risk,風險較低,30
梧棲國中活動中心,臺中市梧棲區,24.2418,120.5492,True,室內設施,台中,台中市,85,16.39,Low Risk,風險較低,30
豐原區公所,臺中市豐原區,24.2419,120.7182,True,室內設施,台中,台中市,85,11.41,Low Risk,風險較低,30
梧南國小3樓視聽教室,臺中市梧棲區,24.2421,120.5238,True,室內設施,彰化,彰化市,68,18.45,Low Risk,風險較低,30
東勢高工學生活動中心,臺中市東勢區,24.2422,120.8338,True,室內設施,台中,台中市,85,19.35,Low Risk,風險較低,30
新社國小（活動中心）,臺中市新社區,24.242245,120.808355,True,室內設施,台中,台中市,85,17.24,Low Risk,風險較低,30
田心里活動中心,臺中市豐原區,24.2424,120.7186,True,室內設施,台中,台中市,85,11.48,Low Risk,風險較低,30
草湳里活動中心,臺中市梧棲區,24.2429,120.5225,True,室內設施,彰化,彰化市,68,18.55,Low Risk,風險較低,30
大德國小風雨操場,臺中市梧棲區,24.2431,120.5423,False,戶外設施,台中,台中市,85,17.03,Warning,最近測站 AQI 85 > 50 且為戶外設施,50
鹿寮社區活動中心,臺中市沙鹿區,24.243106,120.566755,True,室內設施,台中,台中市,85,15.17,Low Risk,風險較低,30
臺中市公明國小禮堂,臺中市沙鹿區,24.243158,120.609713,True,室內設施,台中,台中市,85,12.44,Low Risk,風險較低,30
公明國民小學操場,臺中市沙鹿區,24.243158,120.609713,False,戶外設施,台中,台中市,85,12.44,Warning,最近測站 AQI 85 > 50 且為戶外設施,50
臺中市東勢區新盛國小教室,臺中市東勢區,24.2434,120.8307,True,室內設施,台中,台中市,85,19.16,Low Risk,風險較低,30
鹿鳴公園,臺中市沙鹿區,24.243804,120.56675,False,戶外設施,台中,台中市,85,15.22,Warning,最近測站 AQI 85 > 50 且為戶外設施,50
臺中市鹿寮國中禮堂,臺中市沙鹿區,24.243804,120.56675,True,室內設施,台中,台中市,85,15.22,Low Risk,風險較低,30
鹿寮國民中學操場,臺中市沙鹿區,24.243804,120.56675,False,戶外設施,台中,台中市,85,15.22,Warning,最近測站 AQI 85 > 50 且為戶外設施,50
臺中港區綜合體育館,臺中市梧棲區,24.2444,120.5435,True,室內設施,台中,台中市,85,17.02,Low Risk,風險較低,30
中港高中地下一樓會議教室,臺中市梧棲區,24.2448,120.5422,True,室內設施,台中,台中市,85,17.15,Low Risk,風險較低,30
公明社區活動中心,臺中市沙鹿區,24.245645,120.607933,True,室內設施,台中,台中市,85,12.77,Low Risk,風險較低,30
社口國小樂群樓,臺中市神岡區,24.2457,120.6847,True,室內設施,台中,台中市,85,10.96,Low Risk,風險較低,30
豐原高商,臺中市豐原區,24.246,120.7129,True,室內設施,台中,台中市,85,11.63,Low Risk,風險較低,30
大庄社區活動中心,臺中市梧棲區,24.2463,120.5426,True,室內設施,台中,台中市,85,17.23,Low Risk,風險較低,30
公明國民中學教室,臺中市沙鹿區,24.246551,120.607534,True,室內設施,台中,台中市,85,12.87,Low Risk,風險較低,30
臺中市公明國中禮堂,臺中市沙鹿區,24.246551,120.607534,True,室內設施,台中,台中市,85,12.87,Low Risk,風險較低,30
臺中市公明國中操場,臺中市沙鹿區,24.246551,120.607534,False,戶外設施,台中,台中市,85,12.87,Warning,最近測站 AQI 85 > 50 且為戶外設施,50
北陽里活動中心,臺中市豐原區,24.2473,120.7304,True,室內設施,台中,台中市,85,12.48,Low Risk,風險較低,30
豐東國中,臺中市豐原區,24.2474,120.729,True,室內設施,台中,台中市,85,12.43,Low Risk,風險較低,30
福陽國小,臺中市豐原區,24.2481,120.7234,True,室內設施,台中,台中市,85,12.25,Low Risk,風險較低,30
瑞穗國小,臺中市豐原區,24.2493,120.7117,True,室內設施,台中,台中市,85,11.94,Low Risk,風險較低,30
陸軍第五地區支援指揮部豐原甲型聯,臺中市豐原區,24.2497,120.7055,True,室內設施,台中,台中市,85,11.79,Low Risk,風險較低,30
西安里活動中心,臺中市豐原區,24.2497,120.7134,True,室內設施,台中,台中市,85,12.04,Low Risk,風險較低,30
岸裡國小學生活動中心,臺中市神岡區,24.2498,120.6975,True,室內設施,台中,台中市,85,11.61,Low Risk,風險較低,30
臺中市立東勢國中教室,臺中市東勢區,24.2503,120.8324,True,室內設施,台中,台中市,85,19.74,Low Risk,風險較低,30
中正國小活動中心,臺中市梧棲區,24.2504,120.5387,True,室內設施,台中,台中市,85,17.82,Low Risk,風險較低,30
臺中市東勢區泰安宮,臺中市東勢區,24.2517,120.8313,True,室內設施,台中,台中市,85,19.74,Low Risk,風險較低,30
南嵩里活動中心,臺中市豐原區,24.2519,120.7426,True,室內設施,台中,台中市,85,13.54,Low Risk,風險較低,30
中陽里活動中心,臺中市豐原區,24.2521,120.725,True,室內設施,台中,台中市,85,12.73,Low Risk,風險較低,30
富春國小,臺中市豐原區,24.2524,120.7133,True,室內設施,台中,台中市,85,12.32,Low Risk,風險較低,30
中港國小視聽教室,臺中市梧棲區,24.2525,120.5328,True,室內設施,台中,台中市,85,18.43,Low Risk,風險較低,30
臺中市立中山國小教室,臺中市東勢區,24.253,120.8351,True,室內設施,台中,台中市,85,20.13,Low Risk,風險較低,35
豐圳里活動中心新,臺中市豐原區,24.2537,120.7085,True,室內設施,台中,台中市,85,12.31,Low Risk,風險較低,30
情人公園,臺中市梧棲區,24.2545,120.5326,False,戶外設施,台中,台中市,85,18.59,Warning,最近測站 AQI 85 > 50 且為戶外設施,50
庄前里活動中心,臺中市神岡區,24.2545,120.6605,True,室內設施,台中,台中市,85,11.95,Low Risk,風險較低,30
臺中市東勢區延平社區活動中心,臺中市東勢區,24.255,120.8285,True,室內設施,台中,台中市,85,19.73,Low Risk,風險較低,30
五里聯合活動中心,臺中市豐原區,24.2551,120.7202,True,室內設施,台中,台中市,85,12.84,Low Risk,風險較低,30
梧棲區公所四樓禮堂,臺中市梧棲區,24.2552,120.5317,True,室內設施,台中,台中市,85,18.71,Low Risk,風險較低,30
豐村國小,臺中市豐原區,24.2553,120.7367,True,室內設施,台中,台中市,85,13.57,Low Risk,風險較低,30
豐原國小,臺中市豐原區,24.2554,120.7211,True,室內設施,台中,台中市,85,12.91,Low Risk,風險較低,30
臺中市鹿峰國小禮堂,臺中市沙鹿區,24.255608,120.570016,True,室內設施,台中,台中市,85,15.95,Low Risk,風險較低,30
鹿峰國民小學操場,臺中市沙鹿區,24.255608,120.570016,False,戶外設施,台中,台中市,85,15.95,Warning,最近測站 AQI 85 > 50 且為戶外設施,50
東勢區鯉魚伯公公園,臺中市東勢區,24.256186,120.825098,False,戶外設施,台中,台中市,85,19.53,Warning,最近測站 AQI 85 > 50 且為戶外設施,50
南村里活動中心,臺中市豐原區,24.2566,120.7299,True,室內設施,台中,台中市,85,13.39,Low Risk,風險較低,30
大甲溪河濱公園,臺中市東勢區,24.256973,120.824255,False,戶外設施,台中,台中市,85,19.52,Warning,最近測站 AQI 85 > 50 且為戶外設施,50
龍興活動中心,臺中市石岡區,24.257,120.7898,True,室內設施,台中,台中市,85,16.93,Low Risk,風險較低,30
北庄社區活動中心,臺中市神岡區,24.2574,120.6683,True,室內設施,台中,台中市,85,12.21,Low Risk,風險較低,30
翁明里活動中心,臺中市豐原區,24.2576,120.7259,True,室內設施,台中,台中市,85,13.32,Low Risk,風險較低,30
東勢客家文化園區,臺中市東勢區,24.25762,120.831861,True,室內設施,台中,台中市,85,20.17,Low Risk,風險較低,35
圳寮里活動中心,臺中市豐原區,24.2577,120.7186,True,室內設施,台中,台中市,85,13.06,Low Risk,風險較低,30
神岡區公所,臺中市神岡區,24.2579,120.6614,True,室內設施,台中,台中市,85,12.32,Low Risk,風險較低,30
梧棲綜合活動中心,臺中市梧棲區,24.258,120.5289,True,室內設施,台中,台中市,85,19.13,Low Risk,風險較低,30
臺中市東勢區中科國小,臺中市東勢區,24.258108,120.851671,True,室內設施,台中,台中市,85,21.84,Low Risk,風險較低,35
大湳里活動中心,臺中市豐原區,24.2582,120.7193,True,室內設施,台中,台中市,85,13.13,Low Risk,風險較低,30
臺中市東勢區東勢國小禮堂,臺中市東勢區,24.2586,120.8296,True,室內設施,台中,台中市,85,20.06,Low Risk,風險較低,35
南簡公園,臺中市梧棲區,24.258654,120.544147,False,戶外設施,台中,台中市,85,18.02,Warning,最近測站 AQI 85 > 50 且為戶外設施,50
神岡國小中正體育館,臺中市神岡區,24.2589,120.6611,True,室內設施,台中,台中市,85,12.43,Low Risk,風險較低,30
南田里活動中心,臺中市豐原區,24.2591,120.7419,True,室內設施,台中,台中市,85,14.19,Low Risk,風險較低,30
石岡托兒所和盛分所,臺中市石岡區,24.2591,120.8154,True,室內設施,台中,台中市,85,18.98,Low Risk,風險較低,30
三村里活動中心,臺中市豐原區,24.2598,120.7093,True,室內設施,台中,台中市,85,12.98,Low Risk,風險較低,30
東新國小教室,臺中市東勢區,24.2604,120.8274,True,室內設施,台中,台中市,85,20.01,Low Risk,風險較低,35
公館國民小學操場,臺中市沙鹿區,24.260474,120.59561,False,戶外設施,台中,台中市,85,14.83,Warning,最近測站 AQI 85 > 50 且為戶外設施,50
頂寮社區活動中心,臺中市梧棲區,24.2605,120.5326,True,室內設施,台中,台中市,85,19.02,Low Risk,風險較低,30
北湳里活動中心,臺中市豐原區,24.2608,120.7216,True,室內設施,台中,台中市,85,13.49,Low Risk,風險較低,30
葫蘆墩國小,臺中市豐原區,24.2611,120.7143,True,室內設施,台中,台中市,85,13.27,Low Risk,風險較低,30
豐陽國中,臺中市豐原區,24.262,120.745,True,室內設施,台中,台中市,85,14.63,Low Risk,風險較低,30
豐洲國小教室,臺中市神岡區,24.2623,120.704,True,室內設施,台中,台中市,85,13.11,Low Risk,風險較低,30
社會福利館,臺中市石岡區,24.2627,120.8134,True,室內設施,台中,台中市,85,19.09,Low Risk,風險較低,30
翁子里活動中心,臺中市豐原區,24.2629,120.7425,True,室內設施,台中,台中市,85,14.59,Low Risk,風險較低,30
東新國中教室,臺中市東勢區,24.2634,120.8295,True,室內設施,台中,台中市,85,20.38,Low Risk,風險較低,35
?榔國小禮堂,臺中市清水區,24.2639,120.5451,True,室內設施,台中,台中市,85,18.35,Low Risk,風險較低,30
清水國小活動中心,臺中市清水區,24.2668,120.5732,True,室內設施,台中,台中市,85,16.71,Low Risk,風險較低,30
清水區公所,臺中市清水區,24.2683,120.5596,True,室內設施,台中,台中市,85,17.71,Low Risk,風險較低,30
清水國中學生活動中心---培德樓,臺中市清水區,24.2683,120.563,True,室內設施,台中,台中市,85,17.48,Low Risk,風險較低,30
西湳里活動中心,臺中市豐原區,24.2685,120.7177,True,室內設施,台中,台中市,85,14.16,Low Risk,風險較低,30
三叉坑社區活動中心,臺中市和平區,24.2686,120.8913,True,室內設施,台中,台中市,85,25.85,Low Risk,風險較低,35
清水區老人文康活動中心1樓,臺中市清水區,24.269,120.5783,True,室內設施,台中,台中市,85,16.59,Low Risk,風險較低,30
鰲峰社區活動中心,臺中市清水區,24.2693,120.5791,True,室內設施,台中,台中市,85,16.57,Low Risk,風險較低,30
吳厝國小地下室1 樓,臺中市清水區,24.2696,120.6047,True,室內設施,台中,台中市,85,15.25,Low Risk,風險較低,30
東湳里活動中心,臺中市豐原區,24.2704,120.7265,True,室內設施,台中,台中市,85,14.66,Low Risk,風險較低,30
金星活動中心,臺中市石岡區,24.2708,120.7735,True,室內設施,台中,台中市,85,17.03,Low Risk,風險較低,30
建國國小教學行政大樓地下室,臺中市清水區,24.2712,120.5629,True,室內設施,台中,台中市,85,17.74,Low Risk,風險較低,30
大秀國小--國小禮堂及朝陽樓地下室1樓,臺中市清水區,24.2718,120.5729,True,室內設施,台中,台中市,85,17.17,Low Risk,風險較低,30
清水紫雲巖文化大樓,臺中市清水區,24.2722,120.5789,True,室內設施,台中,台中市,85,16.85,Low Risk,風險較低,30
圳堵國小學生活動中心,臺中市神岡區,24.2725,120.6587,True,室內設施,台中,台中市,85,13.96,Low Risk,風險較低,30
梅子活動中心,臺中市石岡區,24.2733,120.7996,True,室內設施,台中,台中市,85,18.93,Low Risk,風險較低,30
朴子里活動中心,臺中市豐原區,24.2736,120.7484,True,室內設施,台中,台中市,85,15.92,Low Risk,風險較低,30
石岡區公所,臺中市石岡區,24.2748,120.7803,True,室內設施,台中,台中市,85,17.8,Low Risk,風險較低,30
萬興活動中心,臺中市石岡區,24.2753,120.791,True,室內設施,台中,台中市,85,18.52,Low Risk,風險較低,30
HHH,臺中市石岡區,24.2758,120.7803,True,室內設施,台中,台中市,85,17.89,Low Risk,風險較低,30
西寧國小活動中心,臺中市清水區,24.276,120.5754,True,室內設施,台中,台中市,85,17.4,Low Risk,風險較低,30
萬安活動中心,臺中市石岡區,24.276,120.7776,True,室內設施,台中,台中市,85,17.74,Low Risk,風險較低,30
石岡國小籃球場,臺中市石岡區,24.2761,120.7733,False,戶外設施,台中,台中市,85,17.5,Warning,最近測站 AQI 85 > 50 且為戶外設施,50
東山國小教學大樓地下室,臺中市清水區,24.2763,120.6344,True,室內設施,台中,台中市,85,14.84,Low Risk,風險較低,30
清海國中--弘德樓地下室,臺中市清水區,24.2764,120.5537,True,室內設施,台中,台中市,85,18.78,Low Risk,風險較低,30
石城國小教室,臺中市東勢區,24.286,120.7925,True,室內設施,台中,台中市,85,19.54,Low Risk,風險較低,30
"三田國小禮堂1,2樓",臺中市清水區,24.2899,120.5811,True,室內設施,台中,台中市,85,18.38,Low Risk,風險較低,30
雙崎社區活動中心,臺中市和平區,24.2907,120.9085,True,室內設施,台中,台中市,85,28.64,Low Risk,風險較低,35
大楊國小A棟地下室,臺中市清水區,24.2923,120.6101,True,室內設施,台中,台中市,85,17.32,Low Risk,風險較低,30
舊社社區活動中心,臺中市后里區,24.2949,120.7014,True,室內設施,台中,台中市,85,16.61,Low Risk,風險較低,30
后里七星崗營區,臺中市后里區,24.2957,120.7355,True,室內設施,台中,台中市,85,17.61,Low Risk,風險較低,30
墩南社區活動中心,臺中市后里區,24.2964,120.7149,True,室內設施,台中,台中市,85,17.06,Low Risk,風險較低,30
七星國小,臺中市后里區,24.2966,120.7163,True,室內設施,台中,台中市,85,17.11,Low Risk,風險較低,30
后里南營區,臺中市后里區,24.2985,120.7279,True,室內設施,台中,台中市,85,17.65,Low Risk,風險較低,30
上新社區籃槌球場,苗栗縣卓蘭鎮,24.2991,120.8345,False,戶外設施,台中,台中市,85,23.44,Warning,最近測站 AQI 85 > 50 且為戶外設施,55
內灣國小操場,苗栗縣卓蘭鎮,24.2991,120.8495,False,戶外設施,台中,台中市,85,24.53,Warning,最近測站 AQI 85 > 50 且為戶外設施,55
上新老人文康中心,苗栗縣卓蘭鎮,24.302705,120.83172,True,室內設施,台中,台中市,85,23.54,Low Risk,風險較低,35
甲南國小北棟地下室1樓,臺中市清水區,24.3046,120.5958,True,室內設施,台中,台中市,85,19.15,Low Risk,風險較低,30
清泉國中活動中心,臺中市清水區,24.306,120.5918,True,室內設施,台中,台中市,85,19.46,Low Risk,風險較低,30
后綜高中,臺中市后里區,24.3062,120.7226,True,室內設施,台中,台中市,85,18.31,Low Risk,風險較低,30
臺中市立后里幼兒園,臺中市后里區,24.3067,120.7112,True,室內設施,台中,台中市,85,18.09,Low Risk,風險較低,30
后里國中,臺中市后里區,24.3071,120.695,True,室內設施,台中,台中市,85,17.86,Low Risk,風險較低,30
墩東社區活動中心,臺中市后里區,24.3071,120.7155,True,室內設施,台中,台中市,85,18.23,Low Risk,風險較低,30
內埔國小,臺中市后里區,24.3075,120.7145,True,室內設施,台中,台中市,85,18.25,Low Risk,風險較低,30
墩北社區活動中心,臺中市后里區,24.308,120.7119,True,室內設施,台中,台中市,85,18.24,Low Risk,風險較低,30
后里社區活動中心,臺中市后里區,24.3082,120.7206,True,室內設施,台中,台中市,85,18.47,Low Risk,風險較低,30
和平活動中心,花蓮縣秀林鄉,24.3083,121.7483,True,室內設施,花蓮,花蓮市,35,39.78,Low Risk,風險較低,10
義里社區活動中心,臺中市后里區,24.3084,120.7314,True,室內設施,台中,台中市,85,18.81,Low Risk,風險較低,30
后里區立活動中心,臺中市后里區,24.3089,120.7142,True,室內設施,台中,台中市,85,18.39,Low Risk,風險較低,30
明正國小教室,臺中市東勢區,24.3094,120.7904,True,室內設施,台中,台中市,85,21.53,Low Risk,風險較低,35
后里國小,臺中市后里區,24.31,120.7294,True,室內設施,台中,台中市,85,18.91,Low Risk,風險較低,30
育英國小,臺中市后里區,24.3113,120.6794,True,室內設施,台中,台中市,85,18.2,Low Risk,風險較低,30
卓蘭國小活動中心,苗栗縣卓蘭鎮,24.3122,120.8248,True,室內設施,台中,台中市,85,23.87,Low Risk,風險較低,35
卓蘭國小操場,苗栗縣卓蘭鎮,24.3122,120.8248,False,戶外設施,台中,台中市,85,23.87,Warning,最近測站 AQI 85 > 50 且為戶外設施,55
高美國小教學行政大樓地下室1樓,臺中市清水區,24.3123,120.5622,True,室內設施,台中,台中市,85,21.51,Low Risk,風險較低,35
臺中市立后里幼兒園-太平聯合分所,臺中市后里區,24.3131,120.6776,True,室內設施,台中,台中市,85,18.4,Low Risk,風險較低,30
厚里社區活動中心,臺中市后里區,24.3135,120.7157,True,室內設施,台中,台中市,85,18.92,Low Risk,風險較低,30
月眉國小,臺中市后里區,24.3153,120.6909,True,室內設施,台中,台中市,85,18.72,Low Risk,風險較低,30
泰安社區活動中心,臺中市后里區,24.3218,120.7435,True,室內設施,台中,台中市,85,20.62,Low Risk,風險較低,35
泰安國小,臺中市后里區,24.3253,120.7505,True,室內設施,台中,台中市,85,21.23,Low Risk,風險較低,35
水美國小勤學樓,臺中市外埔區,24.328,120.6339,True,室內設施,台中,台中市,85,20.45,Low Risk,風險較低,35
南澳高中,宜蘭縣南澳鄉,24.3322,121.7451,True,室內設施,宜蘭,宜蘭市,38,40.18,Low Risk,風險較低,10
豐原國中,臺中市豐原區,24.3323,120.7298,True,室內設施,台中,台中市,85,21.3,Low Risk,風險較低,35
外埔老人文康活動中心,臺中市外埔區,24.3324,120.651,True,室內設施,台中,台中市,85,20.67,Low Risk,風險較低,35
農民研習中心大型收容所,臺中市外埔區,24.3327,120.6512,True,室內設施,台中,台中市,85,20.7,Low Risk,風險較低,35
公館社區活動中心,臺中市后里區,24.3329,120.7329,True,室內設施,台中,台中市,85,21.45,Low Risk,風險較低,35
金洋國小,宜蘭縣南澳鄉,24.3332,121.7458,True,室內設施,宜蘭,宜蘭市,38,40.07,Low Risk,風險較低,10
澳花和平基督長老教會,宜蘭縣南澳鄉,24.333451,121.745835,True,室內設施,宜蘭,宜蘭市,38,40.04,Low Risk,風險較低,10
水美社區活動中心,臺中市外埔區,24.3337,120.6315,True,室內設施,台中,台中市,85,21.12,Low Risk,風險較低,35
坪林社區活動中心,苗栗縣卓蘭鎮,24.3358,120.8761,True,室內設施,苗栗,苗栗市,52,26.04,Low Risk,風險較低,35
景山國小操場,苗栗縣卓蘭鎮,24.3358,120.8763,False,戶外設施,苗栗,苗栗市,52,26.04,Warning,最近測站 AQI 52 > 50 且為戶外設施,55
文武國小體育教室,臺中市大甲區,24.3364,120.6006,True,室內設施,台中,台中市,85,22.25,Low Risk,風險較低,35
桃山社區活動中心,臺中市和平區,24.34,120.9357,True,室內設施,苗栗,苗栗市,52,27.52,Low Risk,風險較低,35
豐原高中,臺中市豐原區,24.3401,120.6253,True,室內設施,台中,台中市,85,21.95,Low Risk,風險較低,35
大甲區長青活動中心,臺中市大甲區,24.3409,120.6269,True,室內設施,台中,台中市,85,22.0,Low Risk,風險較低,35
雙連國小操場,苗栗縣卓蘭鎮,24.3449,120.8419,False,戶外設施,苗栗,苗栗市,52,24.52,Warning,最近測站 AQI 52 > 50 且為戶外設施,55
大安國小體育館,臺中市大安區,24.3451,120.5882,True,室內設施,台中,台中市,85,23.6,Low Risk,風險較低,35
老人文康活動中心,臺中市大安區,24.3459,120.5895,True,室內設施,台中,台中市,85,23.63,Low Risk,風險較低,35
大安區公所禮堂,臺中市大安區,24.3462,120.5866,True,室內設施,台中,台中市,85,23.77,Low Risk,風險較低,35
梅園村活動中心,苗栗縣泰安鄉,24.3479,120.9304,True,室內設施,苗栗,苗栗市,52,26.5,Low Risk,風險較低,35
新開國小操場,苗栗縣大湖鄉,24.348257,120.826351,False,戶外設施,苗栗,苗栗市,52,24.06,Warning,最近測站 AQI 52 > 50 且為戶外設施,55
新開國小,苗栗縣大湖鄉,24.348257,120.826351,True,室內設施,苗栗,苗栗市,52,24.06,Low Risk,風險較低,35
文昌國小戶外空地,臺中市大甲區,24.3483,120.6242,False,戶外設施,台中,台中市,85,22.86,Warning,最近測站 AQI 85 > 50 且為戶外設施,55
大甲高工活動中心,臺中市大甲區,24.3499,120.6445,True,室內設施,台中,台中市,85,22.68,Low Risk,風險較低,35
大甲國小禮堂,臺中市大甲區,24.3508,120.6261,True,室內設施,台中,台中市,85,23.09,Low Risk,風險較低,35
豐田國小操場,苗栗縣卓蘭鎮,24.3517,120.8577,False,戶外設施,苗栗,苗栗市,52,23.96,Warning,最近測站 AQI 52 > 50 且為戶外設施,55
坪林國小操場,苗栗縣卓蘭鎮,24.3526,120.8653,False,戶外設施,苗栗,苗栗市,52,23.99,Warning,最近測站 AQI 52 > 50 且為戶外設施,55
大甲國中活動中心,臺中市大甲區,24.3536,120.6223,True,室內設施,台中,台中市,85,23.48,Low Risk,風險較低,35
三光國小體育館,臺中市大安區,24.358,120.6005,True,室內設施,台中,台中市,85,24.53,Low Risk,風險較低,35
景山社區活動中心,苗栗縣卓蘭鎮,24.3587,120.8671,True,室內設施,苗栗,苗栗市,52,23.36,Low Risk,風險較低,35
士林國小,苗栗縣泰安鄉,24.3605,120.947,True,室內設施,苗栗,苗栗市,52,26.01,Low Risk,風險較低,35
象鼻村活動中心,苗栗縣泰安鄉,24.360527,120.94702,True,室內設施,苗栗,苗栗市,52,26.01,Low Risk,風險較低,35
象鼻村活動中心戶外廣場,苗栗縣泰安鄉,24.362245,120.938938,False,戶外設施,苗栗,苗栗市,52,25.45,Warning,最近測站 AQI 52 > 50 且為戶外設施,55
大安國中體育館,臺中市大安區,24.3652,120.6018,True,室內設施,台中,台中市,85,25.26,Low Risk,風險較低,35
栗林國小操場,苗栗縣大湖鄉,24.373502,120.842715,False,戶外設施,苗栗,苗栗市,52,21.36,Warning,最近測站 AQI 52 > 50 且為戶外設施,55
栗林社區活動中心,苗栗縣大湖鄉,24.373511,120.842741,True,室內設施,苗栗,苗栗市,52,21.36,Low Risk,風險較低,35
武榮社區活動中心,苗栗縣大湖鄉,24.3755,120.8646,True,室內設施,苗栗,苗栗市,52,21.48,Low Risk,風險較低,35
日南國中體育館,臺中市大甲區,24.3783,120.652,True,室內設施,台中,台中市,85,25.73,Low Risk,風險較低,35
海墘國小體育館,臺中市大安區,24.3792,120.589,True,室內設施,台中,台中市,85,27.13,Low Risk,風險較低,35
東興國小操場,苗栗縣大湖鄉,24.380718,120.882811,False,戶外設施,苗栗,苗栗市,52,21.37,Warning,最近測站 AQI 52 > 50 且為戶外設施,55
東興國小,苗栗縣大湖鄉,24.380728,120.882822,True,室內設施,苗栗,苗栗市,52,21.37,Low Risk,風險較低,35
永安國小體育館,臺中市大安區,24.3823,120.6063,True,室內設施,台中,台中市,85,26.96,Low Risk,風險較低,35
武榮國小操場,苗栗縣大湖鄉,24.382508,120.867425,False,戶外設施,苗栗,苗栗市,52,20.78,Warning,最近測站 AQI 52 > 50 且為戶外設施,55
日南國小禮堂,臺中市大甲區,24.39,120.6551,True,室內設施,苗栗,苗栗市,52,25.69,Low Risk,風險較低,35
細道邦長老教會,苗栗縣泰安鄉,24.3938,120.9203,True,室內設施,苗栗,苗栗市,52,21.47,Low Risk,風險較低,35
梅園村活動中心戶外廣場,苗栗縣泰安鄉,24.395274,120.96991,False,戶外設施,苗栗,苗栗市,52,24.09,Warning,最近測站 AQI 52 > 50 且為戶外設施,55
南湖國中操場,苗栗縣大湖鄉,24.397403,120.867265,False,戶外設施,苗栗,苗栗市,52,19.16,Warning,最近測站 AQI 52 > 50 且為戶外設施,50
南湖國中,苗栗縣大湖鄉,24.397403,120.867265,True,室內設施,苗栗,苗栗市,52,19.16,Low Risk,風險較低,30
西南門里辦公處,金門縣金城鎮,24.40212,118.305944,True,室內設施,金門,金門縣,48,3.81,Low Risk,風險較低,0
金門城社區活動中心,金門縣金城鎮,24.40212,118.305944,True,室內設施,金門,金門縣,48,3.81,Low Risk,風險較低,0
華龍國小戶外空地,臺中市大甲區,24.406,120.6482,False,戶外設施,苗栗,苗栗市,52,24.86,Warning,最近測站 AQI 52 > 50 且為戶外設施,55
前水頭社區活動中心,金門縣金城鎮,24.412637,118.295323,True,室內設施,金門,金門縣,48,3.54,Low Risk,風險較低,0
和平社區活動中心,金門縣金城鎮,24.414884,118.32855,True,室內設施,金門,金門縣,48,2.11,Low Risk,風險較低,0
金門縣烈嶼鄉上岐村辦公處,金門縣烈嶼鄉,24.4154,118.226,True,室內設施,金門,金門縣,48,9.93,Low Risk,風險較低,0
金湖鎮料羅里辦公處,金門縣金湖鎮,24.416677,118.436256,True,室內設施,金門,金門縣,48,11.69,Low Risk,風險較低,5
賢庵里辦公處,金門縣金城鎮,24.417848,118.30989,True,室內設施,金門,金門縣,48,2.1,Low Risk,風險較低,0
大湖農工操場,苗栗縣大湖鄉,24.42,120.861173,False,戶外設施,苗栗,苗栗市,52,16.57,Warning,最近測站 AQI 52 > 50 且為戶外設施,50
大湖農工,苗栗縣大湖鄉,24.42,120.861173,True,室內設施,苗栗,苗栗市,52,16.57,Low Risk,風險較低,30
西岐國小有晴館,臺中市大甲區,24.4209,120.629,True,室內設施,苗栗,苗栗市,52,25.19,Low Risk,風險較低,35
大興村活動中心,苗栗縣泰安鄉,24.4211,120.9109,True,室內設施,苗栗,苗栗市,52,18.35,Low Risk,風險較低,30
大湖國小操場,苗栗縣大湖鄉,24.421425,120.869809,False,戶外設施,苗栗,苗栗市,52,16.66,Warning,最近測站 AQI 52 > 50 且為戶外設施,50
大湖國小,苗栗縣大湖鄉,24.421425,120.869809,True,室內設施,苗栗,苗栗市,52,16.66,Low Risk,風險較低,30
大南村辦公處,苗栗縣大湖鄉,24.422399,120.8984,True,室內設施,苗栗,苗栗市,52,17.63,Low Risk,風險較低,30
大湖鄉老人文康中心,苗栗縣大湖鄉,24.424989,120.866884,True,室內設施,苗栗,苗栗市,52,16.19,Low Risk,風險較低,30
福興里民活動中心,苗栗縣通霄鎮,24.4259,120.7277,True,室內設施,苗栗,苗栗市,52,18.1,Low Risk,風險較低,30
鄉立武塔村幼兒園,宜蘭縣南澳鄉,24.4259,121.7493,True,室內設施,宜蘭,宜蘭市,38,29.82,Low Risk,風險較低,10
金湖鎮蓮庵里辦公處,金門縣金湖鎮,24.42601,118.445281,True,室內設施,金門,金門縣,48,12.48,Low Risk,風險較低,5
大湖國中操場,苗栗縣大湖鄉,24.426432,120.870777,False,戶外設施,苗栗,苗栗市,52,16.16,Warning,最近測站 AQI 52 > 50 且為戶外設施,50
大湖國中,苗栗縣大湖鄉,24.426432,120.870777,True,室內設施,苗栗,苗栗市,52,16.16,Low Risk,風險較低,30
金門縣烈嶼鄉上林村辦公處,金門縣烈嶼鄉,24.4279,118.2322,True,室內設施,金門,金門縣,48,9.13,Low Risk,風險較低,0
金門縣烈嶼鄉體育館,金門縣烈嶼鄉,24.429,118.2429,True,室內設施,金門,金門縣,48,8.04,Low Risk,風險較低,0
新隆國小操場,苗栗縣銅鑼鄉,24.4297,120.809,False,戶外設施,苗栗,苗栗市,52,15.05,Warning,最近測站 AQI 52 > 50 且為戶外設施,50
新隆國小,苗栗縣銅鑼鄉,24.4297,120.809,True,室內設施,苗栗,苗栗市,52,15.05,Low Risk,風險較低,30
金門縣立體育館,金門縣金城鎮,24.42986,118.315222,True,室內設施,金門,金門縣,48,0.79,Low Risk,風險較低,0
金城鎮公所,金門縣金城鎮,24.432741,118.320608,True,室內設施,金門,金門縣,48,0.16,Low Risk,風險較低,0
榜林村辦公處收容所,金門縣金寧鄉,24.435134,118.331873,True,室內設施,金門,金門縣,48,1.01,Low Risk,風險較低,0
金門縣烈嶼鄉西口村辦公處,金門縣烈嶼鄉,24.4353,118.2383,True,室內設施,金門,金門縣,48,8.5,Low Risk,風險較低,0
金湖鎮新湖里辦公處,金門縣金湖鎮,24.435813,118.414545,True,室內設施,金門,金門縣,48,9.35,Low Risk,風險較低,0
南山活動中心,宜蘭縣大同鄉,24.4386,121.371,True,室內設施,宜蘭,宜蘭市,38,45.35,Low Risk,風險較低,10
金湖鎮正義里辦公處,金門縣金湖鎮,24.439013,118.390023,True,室內設施,金門,金門縣,48,6.9,Low Risk,風險較低,0
金湖鎮公所,金門縣金湖鎮,24.441506,118.416876,True,室內設施,金門,金門縣,48,9.63,Low Risk,風險較低,0
金湖鎮新市里辦公處,金門縣金湖鎮,24.441569,118.416754,True,室內設施,金門,金門縣,48,9.62,Low Risk,風險較低,0
金湖鎮溪湖里辦公處,金門縣金湖鎮,24.442463,118.460286,True,室內設施,金門,金門縣,48,14.02,Low Risk,風險較低,5
金湖鎮山外里辦公處,金門縣金湖鎮,24.443575,118.414691,True,室內設施,金門,金門縣,48,9.44,Low Risk,風險較低,0
金岳國小,宜蘭縣南澳鄉,24.4456,121.7692,True,室內設施,宜蘭,宜蘭市,38,27.92,Low Risk,風險較低,10
武塔國小,宜蘭縣南澳鄉,24.445655,121.777599,True,室內設施,宜蘭,宜蘭市,38,28.07,Low Risk,風險較低,10
金門縣烈嶼鄉黃埔村辦公處,金門縣烈嶼鄉,24.4467,118.2518,True,室內設施,金門,金門縣,48,7.29,Low Risk,風險較低,0
清安村活動中心,苗栗縣泰安鄉,24.4478,120.9074,True,室內設施,苗栗,苗栗市,52,15.63,Low Risk,風險較低,30
南澳村辦公處,宜蘭縣南澳鄉,24.4488,121.7778,True,室內設施,宜蘭,宜蘭市,38,27.73,Low Risk,風險較低,10
富民社區活動中心戶外廣場,苗栗縣泰安鄉,24.44902,120.899611,False,戶外設施,苗栗,苗栗市,52,15.09,Warning,最近測站 AQI 52 > 50 且為戶外設施,50
盤山村辦公處收容所,金門縣金寧鄉,24.449053,118.340234,True,室內設施,金門,金門縣,48,2.55,Low Risk,風險較低,0
后盤村辦公處收容所,金門縣金寧鄉,24.450889,118.354268,True,室內設施,金門,金門縣,48,3.81,Low Risk,風險較低,0
金寧鄉公所收容所,金門縣金寧鄉,24.4509,118.3349,True,室內設施,金門,金門縣,48,2.37,Low Risk,風險較低,0
金湖鎮瓊林里辦公處,金門縣金湖鎮,24.455146,118.372922,True,室內設施,金門,金門縣,48,5.69,Low Risk,風險較低,0
安美村辦公處收容所,金門縣金寧鄉,24.457343,118.32665,True,室內設施,金門,金門縣,48,2.74,Low Risk,風險較低,0
湖埔村辦公處收容所,金門縣金寧鄉,24.458058,118.305473,True,室內設施,金門,金門縣,48,3.26,Low Risk,風險較低,0
朝陽社區活動中心,宜蘭縣蘇澳鎮,24.4615,121.8158,True,室內設施,宜蘭,宜蘭市,38,27.44,Low Risk,風險較低,10
興隆國小操場,苗栗縣銅鑼鄉,24.4629,120.812,False,戶外設施,苗栗,苗栗市,52,11.35,Warning,最近測站 AQI 52 > 50 且為戶外設施,50
興隆國小,苗栗縣銅鑼鄉,24.4629,120.812,True,室內設施,苗栗,苗栗市,52,11.35,Low Risk,風險較低,30
南強社區活動中心,宜蘭縣蘇澳鎮,24.4635,121.8059,True,室內設施,宜蘭,宜蘭市,38,26.89,Low Risk,風險較低,10
通霄鎮綜合活動中心,苗栗縣通霄鎮,24.4638,120.7449,True,室內設施,苗栗,苗栗市,52,13.62,Low Risk,風險較低,30
文峰國小操場,苗栗縣銅鑼鄉,24.4645,120.7858,False,戶外設施,苗栗,苗栗市,52,11.7,Warning,最近測站 AQI 52 > 50 且為戶外設施,50
文峰國小,苗栗縣銅鑼鄉,24.4645,120.7858,True,室內設施,苗栗,苗栗市,52,11.7,Low Risk,風險較低,30
蓬萊國小,宜蘭縣蘇澳鎮,24.4647,121.803,True,室內設施,宜蘭,宜蘭市,38,26.68,Low Risk,風險較低,10
錦水村活動中心,苗栗縣泰安鄉,24.4652,120.9428,True,室內設施,苗栗,苗栗市,52,16.52,Low Risk,風險較低,30
南澳鄉公所二樓,宜蘭縣南澳鄉,24.466067,121.803634,True,室內設施,宜蘭,宜蘭市,38,26.55,Low Risk,風險較低,10
錦水村活動中心戶外廣場,苗栗縣泰安鄉,24.46710665,120.9346559,False,戶外設施,苗栗,苗栗市,52,15.77,Warning,最近測站 AQI 52 > 50 且為戶外設施,50
金洋社區活動中心,宜蘭縣南澳鄉,24.4673,121.8006,True,室內設施,宜蘭,宜蘭市,38,26.33,Low Risk,風險較低,10
南澳國小,宜蘭縣南澳鄉,24.467509,121.801149,True,室內設施,宜蘭,宜蘭市,38,26.32,Low Risk,風險較低,10
南衡宮,苗栗縣獅潭鄉,24.4716,120.8865,True,室內設施,苗栗,苗栗市,52,12.26,Low Risk,風險較低,30
九湖國小操場,苗栗縣銅鑼鄉,24.473,120.7764,False,戶外設施,苗栗,苗栗市,52,11.16,Warning,最近測站 AQI 52 > 50 且為戶外設施,50
九湖國小,苗栗縣銅鑼鄉,24.473,120.7764,True,室內設施,苗栗,苗栗市,52,11.16,Low Risk,風險較低,30
碧候國小,宜蘭縣南澳鄉,24.474443,121.784722,True,室內設施,宜蘭,宜蘭市,38,25.12,Low Risk,風險較低,10
豐林國小,苗栗縣獅潭鄉,24.4766,120.8913,True,室內設施,苗栗,苗栗市,52,12.07,Low Risk,風險較低,30
古寧村辦公處收容所,金門縣金寧鄉,24.477772,118.31223,True,室內設施,金門,金門縣,48,5.08,Low Risk,風險較低,0
新豐村活動中心,苗栗縣獅潭鄉,24.4789,120.8939,True,室內設施,苗栗,苗栗市,52,12.03,Low Risk,風險較低,30
城南社區活動中心,苗栗縣通霄鎮,24.4838,120.6826,True,室內設施,苗栗,苗栗市,52,16.67,Low Risk,風險較低,30
銅鑼灣會館,苗栗縣銅鑼鄉,24.4851,120.7855,True,室內設施,苗栗,苗栗市,52,9.56,Low Risk,風險較低,25
通霄國小,苗栗縣通霄鎮,24.4869,120.6786,True,室內設施,苗栗,苗栗市,52,16.83,Low Risk,風險較低,30
豐林社區活動中心,苗栗縣獅潭鄉,24.4884,120.9005,True,室內設施,苗栗,苗栗市,52,11.65,Low Risk,風險較低,30
金沙鎮公所,金門縣金沙鎮,24.4889,118.4132,True,室內設施,金門,金門縣,48,11.11,Low Risk,風險較低,5
八卦村活動中心,苗栗縣泰安鄉,24.4896,120.9325,True,室內設施,苗栗,苗栗市,52,14.0,Low Risk,風險較低,30
中興國小操場,苗栗縣銅鑼鄉,24.4899,120.8028,False,戶外設施,苗栗,苗栗市,52,8.52,Warning,最近測站 AQI 52 > 50 且為戶外設施,45
中興國小,苗栗縣銅鑼鄉,24.4899,120.8028,True,室內設施,苗栗,苗栗市,52,8.52,Low Risk,風險較低,25
四季活動中心,宜蘭縣大同鄉,24.4899,121.4182,True,室內設施,宜蘭,宜蘭市,38,38.09,Low Risk,風險較低,10
通霄國中,苗栗縣通霄鎮,24.4908,120.6833,True,室內設施,苗栗,苗栗市,52,16.2,Low Risk,風險較低,30
銅鑼國小操場,苗栗縣銅鑼鄉,24.4908,120.7913,False,戶外設施,苗栗,苗栗市,52,8.75,Warning,最近測站 AQI 52 > 50 且為戶外設施,45
銅鑼國小,苗栗縣銅鑼鄉,24.4908,120.7913,True,室內設施,苗栗,苗栗市,52,8.75,Low Risk,風險較低,25
八卦村活動中心戶外操場,苗栗縣泰安鄉,24.49132664,120.9243031,False,戶外設施,苗栗,苗栗市,52,13.22,Warning,最近測站 AQI 52 > 50 且為戶外設施,50
苗栗縣青少年服務中心暨平安社區活動中心,苗栗縣通霄鎮,24.495102,120.691288,True,室內設施,苗栗,苗栗市,52,15.26,Low Risk,風險較低,30
竹森社區活動中心,苗栗縣銅鑼鄉,24.5041,120.7829,True,室內設施,苗栗,苗栗市,52,7.77,Low Risk,風險較低,25
廣德宮廣場,苗栗縣銅鑼鄉,24.5045,120.7828,False,戶外設施,苗栗,苗栗市,52,7.74,Warning,最近測站 AQI 52 > 50 且為戶外設施,45
公館鄉公所,苗栗縣公館鄉,24.505958,120.828396,True,室內設施,苗栗,苗栗市,52,6.56,Low Risk,風險較低,25
公館鄉老人文康中心,苗栗縣公館鄉,24.515114,120.824346,True,室內設施,苗栗,苗栗市,52,5.51,Low Risk,風險較低,25
東澳社區活動中心,宜蘭縣蘇澳鎮,24.516,121.8346,True,室內設施,宜蘭,宜蘭市,38,22.75,Low Risk,風險較低,10
東澳國小,宜蘭縣南澳鄉,24.52148,121.832701,True,室內設施,宜蘭,宜蘭市,38,22.12,Low Risk,風險較低,10
東岳村災民收容中心,宜蘭縣南澳鄉,24.5216,121.833,True,室內設施,宜蘭,宜蘭市,38,22.13,Low Risk,風險較低,10
南勢社區活動中心,苗栗縣苗栗市,24.5235,120.7924,True,室內設施,苗栗,苗栗市,52,5.43,Low Risk,風險較低,25
五湖社區活動中心,苗栗縣西湖鄉,24.5246,120.7704,True,室內設施,苗栗,苗栗市,52,6.81,Low Risk,風險較低,25
和興社區活動中心,苗栗縣獅潭鄉,24.5263,120.9146,True,室內設施,苗栗,苗栗市,52,10.34,Low Risk,風險較低,30
四湖社區活動中心,苗栗縣西湖鄉,24.5312,120.745,True,室內設施,苗栗,苗栗市,52,8.57,Low Risk,風險較低,25
茂安活動中心,宜蘭縣大同鄉,24.5315,121.4516,True,室內設施,宜蘭,宜蘭市,38,32.67,Low Risk,風險較低,10
義民廟,苗栗縣獅潭鄉,24.539236,120.920102,True,室內設施,苗栗,苗栗市,52,10.37,Low Risk,風險較低,30
獅潭國小,苗栗縣獅潭鄉,24.540041,120.921017,True,室內設施,苗栗,苗栗市,52,10.44,Low Risk,風險較低,30
水源社區活動中心,苗栗縣苗栗市,24.5405,120.8165,True,室內設施,苗栗,苗栗市,52,2.73,Low Risk,風險較低,25
新店村活動中心,苗栗縣獅潭鄉,24.5421,120.9215,True,室內設施,苗栗,苗栗市,52,10.43,Low Risk,風險較低,30
蓬萊國小室外,苗栗縣南庄鄉,24.5428,120.9708,True,室內設施,苗栗,苗栗市,52,15.3,Low Risk,風險較低,30
蓬萊國小室內,苗栗縣南庄鄉,24.542802,120.970819,True,室內設施,苗栗,苗栗市,52,15.31,Low Risk,風險較低,30
勝利社區活動中心,苗栗縣苗栗市,24.5445,120.8234,True,室內設施,苗栗,苗栗市,52,2.24,Low Risk,風險較低,25
獅潭國中,苗栗縣獅潭鄉,24.545,120.9229,True,室內設施,苗栗,苗栗市,52,10.49,Low Risk,風險較低,30
恭敬社區活動中心,苗栗縣苗栗市,24.5461,120.8155,True,室內設施,苗栗,苗栗市,52,2.14,Low Risk,風險較低,25
國立聯合大學活動中心,苗栗縣苗栗市,24.5464,120.816,True,室內設施,苗栗,苗栗市,52,2.1,Low Risk,風險較低,25
國立聯合大學操場,苗栗縣苗栗市,24.5464,120.816,False,戶外設施,苗栗,苗栗市,52,2.1,Warning,最近測站 AQI 52 > 50 且為戶外設施,45
高苗里活動中心,苗栗縣苗栗市,24.549403,120.811818,True,室內設施,苗栗,苗栗市,52,1.95,Low Risk,風險較低,25
大同國小活動中心,苗栗縣苗栗市,24.5528,120.815,True,室內設施,苗栗,苗栗市,52,1.46,Low Risk,風險較低,25
大同國小操場,苗栗縣苗栗市,24.5528,120.815,False,戶外設施,苗栗,苗栗市,52,1.46,Warning,最近測站 AQI 52 > 50 且為戶外設施,45
維新社區活動中心,苗栗縣苗栗市,24.5535,120.8256,True,室內設施,苗栗,苗栗市,52,1.31,Low Risk,風險較低,25
新英社區活動中心,苗栗縣苗栗市,24.5548,120.8077,True,室內設施,苗栗,苗栗市,52,1.76,Low Risk,風險較低,25
苗栗市老人文康中心室外草皮,苗栗縣苗栗市,24.5556,120.8142,True,室內設施,苗栗,苗栗市,52,1.24,Low Risk,風險較低,25
苗栗市老人文康中心室內空間,苗栗縣苗栗市,24.5556,120.8142,True,室內設施,苗栗,苗栗市,52,1.24,Low Risk,風險較低,25
苗栗農工活動中心,苗栗縣苗栗市,24.5564,120.8341,True,室內設施,苗栗,苗栗市,52,1.58,Low Risk,風險較低,25
苗栗農工操場,苗栗縣苗栗市,24.5564,120.8341,False,戶外設施,苗栗,苗栗市,52,1.58,Warning,最近測站 AQI 52 > 50 且為戶外設施,45
西湖鄉農特產品展售綜合活動中心,苗栗縣西湖鄉,24.5589,120.7562,True,室內設施,苗栗,苗栗市,52,6.62,Low Risk,風險較低,25
西湖鄉農特產品展售綜合活動中心戶外草坪,苗栗縣西湖鄉,24.5589,120.7562,True,室內設施,苗栗,苗栗市,52,6.62,Low Risk,風險較低,25
西湖鄉立體育館,苗栗縣西湖鄉,24.559,120.7569,True,室內設施,苗栗,苗栗市,52,6.55,Low Risk,風險較低,25
中苗社區活動中心,苗栗縣苗栗市,24.5593,120.8204,True,室內設施,苗栗,苗栗市,52,0.6,Low Risk,風險較低,25
秀巒村集會所,新竹縣尖石鄉,24.5601,121.2855,True,室內設施,新竹,新竹市,48,42.76,Low Risk,風險較低,10
永興村活動中心,苗栗縣獅潭鄉,24.5608,120.931,True,室內設施,苗栗,苗栗市,52,11.09,Low Risk,風險較低,30
福麗社區活動中心,苗栗縣苗栗市,24.5613,120.8163,True,室內設施,苗栗,苗栗市,52,0.63,Low Risk,風險較低,25
建功國小操場,苗栗縣苗栗市,24.5642,120.8243,False,戶外設施,苗栗,苗栗市,52,0.3,Warning,最近測站 AQI 52 > 50 且為戶外設施,45
文山國小活動中心,苗栗縣苗栗市,24.5671,120.8133,True,室內設施,苗栗,苗栗市,52,0.87,Low Risk,風險較低,25
文山國小操場,苗栗縣苗栗市,24.5671,120.8133,False,戶外設施,苗栗,苗栗市,52,0.87,Warning,最近測站 AQI 52 > 50 且為戶外設施,45
玉苗社區活動中心,苗栗縣苗栗市,24.5697,120.8244,True,室內設施,苗栗,苗栗市,52,0.64,Low Risk,風險較低,25
北苗聯合社區活動中心室內空間,苗栗縣苗栗市,24.5711,120.8248,True,室內設施,苗栗,苗栗市,52,0.8,Low Risk,風險較低,25
北苗聯合社區活動中心室外停車場,苗栗縣苗栗市,24.5711,120.8248,True,室內設施,苗栗,苗栗市,52,0.8,Low Risk,風險較低,25
鎮西堡長老教會,新竹縣尖石鄉,24.5732,121.302,True,室內設施,新竹,新竹市,48,43.1,Low Risk,風險較低,10
玉峰村集會所,新竹縣尖石鄉,24.5735,121.3656,True,室內設施,宜蘭,宜蘭市,38,38.35,Low Risk,風險較低,10
永興國小,苗栗縣獅潭鄉,24.5737,120.9365,True,室內設施,苗栗,苗栗市,52,11.68,Low Risk,風險較低,30
南安國中,宜蘭縣蘇澳鎮,24.576,121.8689,True,室內設施,宜蘭,宜蘭市,38,19.76,Low Risk,風險較低,5
永樂社區活動中心,宜蘭縣蘇澳鎮,24.5762,121.8414,True,室內設施,宜蘭,宜蘭市,38,17.75,Low Risk,風險較低,5
苗栗縣頭屋國小操場,苗栗縣頭屋鄉,24.5764,120.8509,False,戶外設施,苗栗,苗栗市,52,3.26,Warning,最近測站 AQI 52 > 50 且為戶外設施,45
苗栗縣頭屋國小活動中心,苗栗縣頭屋鄉,24.5764,120.8509,True,室內設施,苗栗,苗栗市,52,3.26,Low Risk,風險較低,25
苗栗縣頭屋國中操場,苗栗縣頭屋鄉,24.577,120.8534,False,戶外設施,苗栗,苗栗市,52,3.52,Warning,最近測站 AQI 52 > 50 且為戶外設施,45
苗栗縣頭屋國中活動中心,苗栗縣頭屋鄉,24.577,120.8534,True,室內設施,苗栗,苗栗市,52,3.52,Low Risk,風險較低,25
永樂國小,宜蘭縣蘇澳鎮,24.5786,121.8461,True,室內設施,宜蘭,宜蘭市,38,17.89,Low Risk,風險較低,5
南安國小,宜蘭縣蘇澳鎮,24.5789,121.8684,True,室內設施,宜蘭,宜蘭市,38,19.52,Low Risk,風險較低,5
福星國小活動中心,苗栗縣苗栗市,24.5791,120.826,True,室內設施,苗栗,苗栗市,52,1.68,Low Risk,風險較低,25
福星國小操場,苗栗縣苗栗市,24.5791,120.826,False,戶外設施,苗栗,苗栗市,52,1.68,Warning,最近測站 AQI 52 > 50 且為戶外設施,45
昭安社區活動中心,宜蘭縣蘇澳鎮,24.5794,121.8599,True,室內設施,宜蘭,宜蘭市,38,18.83,Low Risk,風險較低,5
南興社區活動中心,宜蘭縣蘇澳鎮,24.5798,121.8663,True,室內設施,宜蘭,宜蘭市,38,19.29,Low Risk,風險較低,5
百壽村活動中心,苗栗縣獅潭鄉,24.5799,120.9415,True,室內設施,苗栗,苗栗市,52,12.26,Low Risk,風險較低,30
頭屋鄉老人文康活動中心,苗栗縣頭屋鄉,24.581,120.8661,True,室內設施,苗栗,苗栗市,52,4.87,Low Risk,風險較低,25
南寧社區活動中心,宜蘭縣蘇澳鎮,24.5812,121.8695,True,室內設施,宜蘭,宜蘭市,38,19.44,Low Risk,風險較低,5
白米社區活動中心,宜蘭縣蘇澳鎮,24.5826,121.8454,True,室內設施,宜蘭,宜蘭市,38,17.52,Low Risk,風險較低,5
南成社區活動中心,宜蘭縣蘇澳鎮,24.583,121.864,True,室內設施,宜蘭,宜蘭市,38,18.88,Low Risk,風險較低,5
中和國小操場,苗栗縣後龍鎮,24.588097,120.734732,False,戶外設施,苗栗,苗栗市,52,9.15,Warning,最近測站 AQI 52 > 50 且為戶外設施,45
中和國小綜合教室,苗栗縣後龍鎮,24.5881,120.7347,True,室內設施,苗栗,苗栗市,52,9.15,Low Risk,風險較低,25
養老天主堂,新竹縣尖石鄉,24.589,121.2674,True,室內設施,新竹,新竹市,48,39.28,Low Risk,風險較低,10
士敏國小,宜蘭縣蘇澳鎮,24.5923,121.8537,True,室內設施,宜蘭,宜蘭市,38,17.42,Low Risk,風險較低,5
長安社區活動中心,宜蘭縣蘇澳鎮,24.5928,121.8541,True,室內設施,宜蘭,宜蘭市,38,17.41,Low Risk,風險較低,5
蘇西社區活動中心,宜蘭縣蘇澳鎮,24.5939,121.8412,True,室內設施,宜蘭,宜蘭市,38,16.35,Low Risk,風險較低,5
永光社區活動中心,宜蘭縣蘇澳鎮,24.594,121.8521,True,室內設施,宜蘭,宜蘭市,38,17.17,Low Risk,風險較低,5
蘇澳海事,宜蘭縣蘇澳鎮,24.5941,121.8456,True,室內設施,宜蘭,宜蘭市,38,16.67,Low Risk,風險較低,5
南江村社區活動中心,苗栗縣南庄鄉,24.5943,121.0001,True,室內設施,苗栗,苗栗市,52,18.37,Low Risk,風險較低,30
蘇澳鎮公所,宜蘭縣蘇澳鎮,24.5944,121.8422,True,室內設施,宜蘭,宜蘭市,38,16.39,Low Risk,風險較低,5
聖湖社區活動中心,宜蘭縣蘇澳鎮,24.5947,121.8345,True,室內設施,宜蘭,宜蘭市,38,15.79,Low Risk,風險較低,5
桃山村辦公處,新竹縣五峰鄉,24.5948,121.1088,True,室內設施,新竹,新竹市,48,28.23,Low Risk,風險較低,10
蘇澳國中,宜蘭縣蘇澳鎮,24.5953,121.8354,True,室內設施,宜蘭,宜蘭市,38,15.81,Low Risk,風險較低,5
蘇東社區活動中心,宜蘭縣蘇澳鎮,24.5956,121.8544,True,室內設施,宜蘭,宜蘭市,38,17.24,Low Risk,風險較低,5
蘇澳國小,宜蘭縣蘇澳鎮,24.5967,121.8413,True,室內設施,宜蘭,宜蘭市,38,16.15,Low Risk,風險較低,5
蘇北社區活動中心,宜蘭縣蘇澳鎮,24.5968,121.8505,True,室內設施,宜蘭,宜蘭市,38,16.85,Low Risk,風險較低,5
東村社區第二活動中心,苗栗縣南庄鄉,24.5969,121.0009,True,室內設施,苗栗,苗栗市,52,18.5,Low Risk,風險較低,30
鄉公所廣場後,苗栗縣南庄鄉,24.597,121.0003,False,戶外設施,苗栗,苗栗市,52,18.45,Warning,最近測站 AQI 52 > 50 且為戶外設施,50
鄉公所廣場前,苗栗縣南庄鄉,24.597,121.0003,False,戶外設施,苗栗,苗栗市,52,18.45,Warning,最近測站 AQI 52 > 50 且為戶外設施,50
蘇南社區活動中心,宜蘭縣蘇澳鎮,24.5971,121.8526,True,室內設施,宜蘭,宜蘭市,38,16.99,Low Risk,風險較低,5
公有零售市場二樓,苗栗縣南庄鄉,24.5983,120.9991,True,室內設施,苗栗,苗栗市,52,18.36,Low Risk,風險較低,30
樂水活動中心,宜蘭縣大同鄉,24.599,121.5301,True,室內設施,宜蘭,宜蘭市,38,21.99,Low Risk,風險較低,10
龍德社區活動中心,宜蘭縣蘇澳鎮,24.6,121.8,True,室內設施,宜蘭,宜蘭市,38,13.02,Low Risk,風險較低,5
南庄國小,苗栗縣南庄鄉,24.6004,120.9993,True,室內設施,苗栗,苗栗市,52,18.42,Low Risk,風險較低,30
龍坑國小教室,苗栗縣後龍鎮,24.6019,120.7782,True,室內設施,苗栗,苗栗市,52,6.02,Low Risk,風險較低,25
龍坑國小操場,苗栗縣後龍鎮,24.601926,120.778154,False,戶外設施,苗栗,苗栗市,52,6.03,Warning,最近測站 AQI 52 > 50 且為戶外設施,45
同光國小操場,苗栗縣後龍鎮,24.610127,120.761765,False,戶外設施,苗栗,苗栗市,52,7.87,Warning,最近測站 AQI 52 > 50 且為戶外設施,45
同光國小綜合教室,苗栗縣後龍鎮,24.6105,120.7632,True,室內設施,苗栗,苗栗市,52,7.79,Low Risk,風險較低,25
寒溪活動中心,宜蘭縣大同鄉,24.611,121.6779,True,室內設施,宜蘭,宜蘭市,38,10.12,Low Risk,風險較低,5
維真國中活動中心,苗栗縣後龍鎮,24.6121,120.7946,True,室內設施,苗栗,苗栗市,52,5.94,Low Risk,風險較低,25
岳明社區活動中心,宜蘭縣蘇澳鎮,24.6122,121.8502,True,室內設施,宜蘭,宜蘭市,38,15.79,Low Risk,風險較低,5
維真國中操場,苗栗縣後龍鎮,24.612202,120.794682,False,戶外設施,苗栗,苗栗市,52,5.94,Warning,最近測站 AQI 52 > 50 且為戶外設施,45
新港國中小活動中心,苗栗縣後龍鎮,24.6128,120.8194,True,室內設施,苗栗,苗栗市,52,5.36,Low Risk,風險較低,25
新港國中小操場,苗栗縣後龍鎮,24.612828,120.819422,False,戶外設施,苗栗,苗栗市,52,5.37,Warning,最近測站 AQI 52 > 50 且為戶外設施,45
苗栗縣後龍鎮公所,苗栗縣後龍鎮,24.613344,120.792076,True,室內設施,苗栗,苗栗市,52,6.18,Low Risk,風險較低,25
岳明國小,宜蘭縣蘇澳鎮,24.6135,121.8531,True,室內設施,宜蘭,宜蘭市,38,15.95,Low Risk,風險較低,5
苗栗縣老人福利服務中心,苗栗縣後龍鎮,24.61375,120.814498,True,室內設施,苗栗,苗栗市,52,5.51,Low Risk,風險較低,25
後龍國小教室,苗栗縣後龍鎮,24.6138,120.7961,True,室內設施,苗栗,苗栗市,52,6.04,Low Risk,風險較低,25
後龍國小操場,苗栗縣後龍鎮,24.613833,120.796137,False,戶外設施,苗栗,苗栗市,52,6.04,Warning,最近測站 AQI 52 > 50 且為戶外設施,45
中龍里活動中心,苗栗縣後龍鎮,24.614455,120.787967,True,室內設施,苗栗,苗栗市,52,6.49,Low Risk,風險較低,25
北龍里活動中心,苗栗縣後龍鎮,24.6154,120.7908,True,室內設施,苗栗,苗栗市,52,6.44,Low Risk,風險較低,25
隘丁社區活動中心,宜蘭縣蘇澳鎮,24.6158,121.837,True,室內設施,宜蘭,宜蘭市,38,14.47,Low Risk,風險較低,5
後龍國中操場,苗栗縣後龍鎮,24.616631,120.784618,False,戶外設施,苗栗,苗栗市,52,6.88,Warning,最近測站 AQI 52 > 50 且為戶外設施,45
北埔社區活動中心,苗栗縣三灣鄉,24.6167,120.9478,True,室內設施,苗栗,苗栗市,52,14.03,Low Risk,風險較低,30
後龍國中活動中心,苗栗縣後龍鎮,24.616762,120.785149,True,室內設施,苗栗,苗栗市,52,6.86,Low Risk,風險較低,25
文化國中,宜蘭縣蘇澳鎮,24.6179,121.8328,True,室內設施,宜蘭,宜蘭市,38,13.99,Low Risk,風險較低,5
田美社區活動中心,苗栗縣南庄鄉,24.6197,120.9948,True,室內設施,苗栗,苗栗市,52,18.57,Low Risk,風險較低,30
慶安廟活動中心,宜蘭縣蘇澳鎮,24.6204,121.8272,True,室內設施,宜蘭,宜蘭市,38,13.37,Low Risk,風險較低,5
溪洲國小操場,苗栗縣後龍鎮,24.620956,120.776741,False,戶外設施,苗栗,苗栗市,52,7.72,Warning,最近測站 AQI 52 > 50 且為戶外設施,45
永榮社區活動中心,宜蘭縣蘇澳鎮,24.6212,121.8362,True,室內設施,宜蘭,宜蘭市,38,14.06,Low Risk,風險較低,5
馬賽國小,宜蘭縣蘇澳鎮,24.6219,121.8349,True,室內設施,宜蘭,宜蘭市,38,13.91,Low Risk,風險較低,5
頂寮文教活動中心,宜蘭縣蘇澳鎮,24.623428,121.838037,True,室內設施,宜蘭,宜蘭市,38,14.08,Low Risk,風險較低,5
造橋鄉綜合活動中心-室內,苗栗縣造橋鄉,24.6236,120.8875,True,室內設施,苗栗,苗栗市,52,9.37,Low Risk,風險較低,25
造橋鄉綜合活動中心-室外,苗栗縣造橋鄉,24.6236,120.8875,True,室內設施,苗栗,苗栗市,52,9.37,Low Risk,風險較低,25
福德社區活動中心,宜蘭縣蘇澳鎮,24.6249,121.832,True,室內設施,宜蘭,宜蘭市,38,13.48,Low Risk,風險較低,5
大興社區活動中心,宜蘭縣冬山鄉,24.6253,121.8106,True,室內設施,宜蘭,宜蘭市,38,11.72,Low Risk,風險較低,5
竹林村辦公處,新竹縣五峰鄉,24.6254,121.1486,True,室內設施,新竹,新竹市,48,27.81,Low Risk,風險較低,10
存仁社區活動中心,宜蘭縣蘇澳鎮,24.6262,121.8419,True,室內設施,宜蘭,宜蘭市,38,14.24,Low Risk,風險較低,5
大河社區活動中心,苗栗縣三灣鄉,24.6266,120.9064,True,室內設施,苗栗,苗栗市,52,11.02,Low Risk,風險較低,30
香和社區活動中心,宜蘭縣冬山鄉,24.6276,121.7975,True,室內設施,宜蘭,宜蘭市,38,10.56,Low Risk,風險較低,5
南富社區活動中心,苗栗縣南庄鄉,24.6297,120.9708,True,室內設施,苗栗,苗栗市,52,16.75,Low Risk,風險較低,30
東城社區活動中心,宜蘭縣冬山鄉,24.6297,121.8063,True,室內設施,宜蘭,宜蘭市,38,11.07,Low Risk,風險較低,5
員林社區活動中心,苗栗縣南庄鄉,24.6318,120.9634,True,室內設施,苗栗,苗栗市,52,16.18,Low Risk,風險較低,30
復興活動中心,宜蘭縣大同鄉,24.6318,121.6064,True,室內設施,宜蘭,宜蘭市,38,13.48,Low Risk,風險較低,5
五峰活動中心,新竹縣五峰鄉,24.6321,121.1194,True,室內設施,新竹,新竹市,48,25.37,Low Risk,風險較低,10
成功國小操場,苗栗縣後龍鎮,24.63268,120.761747,False,戶外設施,苗栗,苗栗市,52,9.68,Warning,最近測站 AQI 52 > 50 且為戶外設施,45
太和社區活動中心,宜蘭縣冬山鄉,24.6327,121.7734,True,室內設施,宜蘭,宜蘭市,38,8.5,Low Risk,風險較低,0
大進社區活動中心,宜蘭縣冬山鄉,24.6332,121.7121,True,室內設施,宜蘭,宜蘭市,38,6.71,Low Risk,風險較低,0
南興社區活動中心,宜蘭縣冬山鄉,24.6333,121.7938,True,室內設施,宜蘭,宜蘭市,38,9.86,Low Risk,風險較低,0
獅山社區第二活動中心,苗栗縣南庄鄉,24.6343,121.0135,True,室內設施,新竹,新竹市,48,20.49,Low Risk,風險較低,10
安平社區活動中心,宜蘭縣冬山鄉,24.6346,121.7893,True,室內設施,宜蘭,宜蘭市,38,9.42,Low Risk,風險較低,0
濫坑社區活動中心,苗栗縣頭份市,24.6354,120.8836,True,室內設施,苗栗,苗栗市,52,10.08,Low Risk,風險較低,30
冬山社區活動中心,宜蘭縣冬山鄉,24.6359,121.7903,True,室內設施,宜蘭,宜蘭市,38,9.4,Low Risk,風險較低,0
八寶社區活動中心,宜蘭縣冬山鄉,24.638,121.7675,True,室內設施,宜蘭,宜蘭市,38,7.67,Low Risk,風險較低,0
造橋鄉造橋國中-室外,苗栗縣造橋鄉,24.6392,120.8563,True,室內設施,苗栗,苗栗市,52,9.01,Low Risk,風險較低,25
造橋鄉造橋國中-室內,苗栗縣造橋鄉,24.6392,120.8563,True,室內設施,苗栗,苗栗市,52,9.01,Low Risk,風險較低,25
育英國小,宜蘭縣蘇澳鎮,24.6402,121.833,True,室內設施,宜蘭,宜蘭市,38,12.69,Low Risk,風險較低,5
秀巒國小田埔分校,新竹縣尖石鄉,24.6414,121.2785,True,室內設施,新竹,新竹市,48,36.8,Low Risk,風險較低,10
丸山社區活動中心,宜蘭縣冬山鄉,24.6425,121.7662,True,室內設施,宜蘭,宜蘭市,38,7.19,Low Risk,風險較低,0
珍珠社區活動中心,宜蘭縣冬山鄉,24.6434,121.7942,True,室內設施,宜蘭,宜蘭市,38,9.17,Low Risk,風險較低,0
三奇社區活動中心,宜蘭縣冬山鄉,24.6435,121.814,True,室內設施,宜蘭,宜蘭市,38,10.83,Low Risk,風險較低,5
補城社區活動中心,宜蘭縣冬山鄉,24.6436,121.8023,True,室內設施,宜蘭,宜蘭市,38,9.83,Low Risk,風險較低,0
梅花社區活動中心,宜蘭縣冬山鄉,24.6447,121.7529,True,室內設施,宜蘭,宜蘭市,38,6.22,Low Risk,風險較低,0
成興社區老人活動中心,宜蘭縣五結鄉,24.6447,121.8327,True,室內設施,宜蘭,宜蘭市,38,12.44,Low Risk,風險較低,5
大山國小操場,苗栗縣後龍鎮,24.645529,120.809726,False,戶外設施,苗栗,苗栗市,52,9.08,Warning,最近測站 AQI 52 > 50 且為戶外設施,45
大山國小教室,苗栗縣後龍鎮,24.6457,120.8095,True,室內設施,苗栗,苗栗市,52,9.1,Low Risk,風險較低,25
花園村集會所,新竹縣五峰鄉,24.6464,121.1597,False,戶外設施,新竹,新竹市,48,26.89,Low Risk,風險較低,30
上巴陵真耶穌教會,桃園市復興區,24.648007,121.411331,True,室內設施,宜蘭,宜蘭市,38,31.75,Low Risk,風險較低,10
中山社區活動中心,苗栗縣頭份市,24.6485,120.8826,True,室內設施,苗栗,苗栗市,52,11.19,Low Risk,風險較低,30
外埔國小教室,苗栗縣後龍鎮,24.6508,120.779,True,室內設施,苗栗,苗栗市,52,10.5,Low Risk,風險較低,30
外埔國小操場,苗栗縣後龍鎮,24.650822,120.77902,False,戶外設施,苗栗,苗栗市,52,10.5,Warning,最近測站 AQI 52 > 50 且為戶外設施,50
永和社區活動中心,苗栗縣三灣鄉,24.6527,120.9564,True,室內設施,苗栗,苗栗市,52,16.8,Low Risk,風險較低,30
成興村老人福利中心,宜蘭縣五結鄉,24.6532,121.8263,True,室內設施,宜蘭,宜蘭市,38,11.46,Low Risk,風險較低,5
順安社區活動中心,宜蘭縣冬山鄉,24.6533,121.7647,True,室內設施,宜蘭,宜蘭市,38,6.19,Low Risk,風險較低,0
獅山遊客中心,新竹縣峨眉鄉,24.65533,121.02454,True,室內設施,新竹,新竹市,48,18.54,Low Risk,風險較低,5
文英國中操場,苗栗縣頭份市,24.655468,120.880566,False,戶外設施,苗栗,苗栗市,52,11.74,Warning,最近測站 AQI 52 > 50 且為戶外設施,50
石磊國小,新竹縣尖石鄉,24.6555,121.3264,True,室內設施,桃園,桃園市,72,37.68,Low Risk,風險較低,35
永美社區活動中心,宜蘭縣冬山鄉,24.6555,121.771,True,室內設施,宜蘭,宜蘭市,38,6.5,Low Risk,風險較低,0
松羅活動中心,宜蘭縣大同鄉,24.6556,121.5789,True,室內設施,宜蘭,宜蘭市,38,15.0,Low Risk,風險較低,5
內灣社區活動中心,苗栗縣三灣鄉,24.6557,120.955,True,室內設施,苗栗,苗栗市,52,16.88,Low Risk,風險較低,30
鹿埔社區活動中心,宜蘭縣冬山鄉,24.6557,121.7506,True,室內設施,宜蘭,宜蘭市,38,5.07,Low Risk,風險較低,0
三灣國小操場室外收容,苗栗縣三灣鄉,24.655737,120.955046,False,戶外設施,苗栗,苗栗市,52,16.89,Warning,最近測站 AQI 52 > 50 且為戶外設施,50
三灣國小室內活動中心,苗栗縣三灣鄉,24.655737,120.955046,True,室內設施,苗栗,苗栗市,52,16.89,Low Risk,風險較低,30
廣興社區活動中心,苗栗縣頭份市,24.6583,120.8869,True,室內設施,苗栗,苗栗市,52,12.35,Low Risk,風險較低,30
豐鄉村集會所,新竹縣橫山鄉,24.6592,121.1225,True,室內設施,新竹,新竹市,48,23.25,Low Risk,風險較低,10
瑞峰國小操場,新竹縣竹東鎮,24.6592,121.1225,False,戶外設施,新竹,新竹市,48,23.25,Low Risk,風險較低,30
瑞峰國小禮堂,新竹縣竹東鎮,24.6592,121.1225,True,室內設施,新竹,新竹市,48,23.25,Low Risk,風險較低,10
玉峰國小,新竹縣尖石鄉,24.6601,121.3012,True,室內設施,桃園,桃園市,72,37.08,Low Risk,風險較低,35
武淵社區活動中心,宜蘭縣冬山鄉,24.6606,121.7976,True,室內設施,宜蘭,宜蘭市,38,8.48,Low Risk,風險較低,0
員山社區臨時收容站,宜蘭縣三星鄉,24.6608,121.6229,True,室內設施,宜蘭,宜蘭市,38,10.59,Low Risk,風險較低,5
海寶國小教室,苗栗縣後龍鎮,24.6618,120.8217,True,室內設施,苗栗,苗栗市,52,10.81,Low Risk,風險較低,30
海寶國小操場,苗栗縣後龍鎮,24.661823,120.821739,False,戶外設施,苗栗,苗栗市,52,10.81,Warning,最近測站 AQI 52 > 50 且為戶外設施,50
竹東瑞峰國小,新竹縣橫山鄉,24.66186,121.1215,True,室內設施,新竹,新竹市,48,22.96,Low Risk,風險較低,10
大義社區臨時收容站,宜蘭縣三星鄉,24.6634,121.6103,True,室內設施,宜蘭,宜蘭市,38,11.71,Low Risk,風險較低,5
湖光社區活動中心,新竹縣峨眉鄉,24.66422,120.98775,True,室內設施,新竹,新竹市,48,16.76,Low Risk,風險較低,5
清溝社區活動中心,宜蘭縣冬山鄉,24.6643,121.7611,True,室內設施,宜蘭,宜蘭市,38,5.1,Low Risk,風險較低,0
利澤社區活動中心,宜蘭縣五結鄉,24.6649,121.8238,True,室內設施,宜蘭,宜蘭市,38,10.79,Low Risk,風險較低,5
二次收容 三星鄉公所臨時辦公處原三星社區,宜蘭縣三星鄉,24.6654,121.6538,True,室內設施,宜蘭,宜蘭市,38,7.5,Low Risk,風險較低,0
三星國中臨時收容站,宜蘭縣三星鄉,24.6654,121.6538,True,室內設施,宜蘭,宜蘭市,38,7.5,Low Risk,風險較低,0
大坪社區活動中心,苗栗縣三灣鄉,24.6663,120.9744,True,室內設施,新竹,新竹市,48,16.42,Low Risk,風險較低,5
大洲多功能館臨時收容站,宜蘭縣三星鄉,24.6663,121.6507,True,室內設施,宜蘭,宜蘭市,38,7.75,Low Risk,風險較低,0
新群社區活動中心,宜蘭縣羅東鎮,24.6673,121.7922,True,室內設施,宜蘭,宜蘭市,38,7.68,Low Risk,風險較低,0
群英社區活動中心,宜蘭縣冬山鄉,24.6674,121.7735,True,室內設施,宜蘭,宜蘭市,38,5.96,Low Risk,風險較低,0
維安社區活動中心,宜蘭縣羅東鎮,24.6675,121.7544,True,室內設施,宜蘭,宜蘭市,38,4.35,Low Risk,風險較低,0
港墘社區活動中心,苗栗縣竹南鎮,24.6677,120.861,True,室內設施,苗栗,苗栗市,52,12.14,Low Risk,風險較低,30
宇老派出所,新竹縣尖石鄉,24.6679,121.2825,True,室內設施,新竹,新竹市,48,35.71,Low Risk,風險較低,10
憲明國小臨時收容站,宜蘭縣三星鄉,24.6681,121.6391,True,室內設施,宜蘭,宜蘭市,38,8.78,Low Risk,風險較低,0
三星國小臨時收容站,宜蘭縣三星鄉,24.6685,121.6538,True,室內設施,宜蘭,宜蘭市,38,7.37,Low Risk,風險較低,0
第三公園管理站南昌社區活動中心,宜蘭縣羅東鎮,24.669,121.7725,False,戶外設施,宜蘭,宜蘭市,38,5.79,Low Risk,風險較低,20
廣興社區活動中心,宜蘭縣冬山鄉,24.6691,121.7492,True,室內設施,宜蘭,宜蘭市,38,3.84,Low Risk,風險較低,0
成功國小體育館,宜蘭縣羅東鎮,24.6707,121.7687,True,室內設施,宜蘭,宜蘭市,38,5.36,Low Risk,風險較低,0
雙義社區社區二次收容,宜蘭縣三星鄉,24.6708,121.7147,True,室內設施,宜蘭,宜蘭市,38,2.55,Low Risk,風險較低,0
廣安社區活動中心,宜蘭縣冬山鄉,24.6709,121.7457,True,室內設施,宜蘭,宜蘭市,38,3.45,Low Risk,風險較低,0
羅莊社區活動中心,宜蘭縣羅東鎮,24.6716,121.7797,True,室內設施,宜蘭,宜蘭市,38,6.33,Low Risk,風險較低,0
阿束社社區活動中心,宜蘭縣羅東鎮,24.6725,121.7709,True,室內設施,宜蘭,宜蘭市,38,5.47,Low Risk,風險較低,0
仁和社區活動中心,宜蘭縣羅東鎮,24.6725,121.7709,True,室內設施,宜蘭,宜蘭市,38,5.47,Low Risk,風險較低,0
梅花長老教會,新竹縣尖石鄉,24.673,121.204,True,室內設施,新竹,新竹市,48,28.56,Low Risk,風險較低,10
第二公園管理站羅東鎮老人館,宜蘭縣羅東鎮,24.6733,121.7682,False,戶外設施,宜蘭,宜蘭市,38,5.19,Low Risk,風險較低,20
仁德社區活動中心,宜蘭縣羅東鎮,24.6736,121.7663,True,室內設施,宜蘭,宜蘭市,38,5.0,Low Risk,風險較低,0
漢民社區活動中心,宜蘭縣羅東鎮,24.6737,121.7635,True,室內設施,宜蘭,宜蘭市,38,4.74,Low Risk,風險較低,0
東安社區活動中心,宜蘭縣羅東鎮,24.6745,121.7766,True,室內設施,宜蘭,宜蘭市,38,5.92,Low Risk,風險較低,0
新興國小操場,苗栗縣頭份市,24.675131,120.912927,False,戶外設施,苗栗,苗栗市,52,15.38,Warning,最近測站 AQI 52 > 50 且為戶外設施,50
海口國小-操場,苗栗縣竹南鎮,24.6755,120.8616,False,戶外設施,苗栗,苗栗市,52,12.98,Warning,最近測站 AQI 52 > 50 且為戶外設施,50
北成國小自強館,宜蘭縣羅東鎮,24.6756,121.7586,True,室內設施,宜蘭,宜蘭市,38,4.2,Low Risk,風險較低,0
天送埤社區二次收容,宜蘭縣三星鄉,24.6758,121.6565,True,室內設施,宜蘭,宜蘭市,38,6.85,Low Risk,風險較低,0
聖安宮,宜蘭縣羅東鎮,24.676,121.7649,True,室內設施,宜蘭,宜蘭市,38,4.76,Low Risk,風險較低,0
大新社區活動中心,宜蘭縣羅東鎮,24.676,121.7714,True,室內設施,宜蘭,宜蘭市,38,5.37,Low Risk,風險較低,0
三灣鄉活動中心,苗栗縣三灣鄉,24.6763,120.9551,True,室內設施,新竹,新竹市,48,15.34,Low Risk,風險較低,5
下興社區活動中心,苗栗縣頭份市,24.6765,120.9107,True,室內設施,苗栗,苗栗市,52,15.37,Low Risk,風險較低,30
柯林社區活動中心,宜蘭縣冬山鄉,24.6765,121.7298,True,室內設施,宜蘭,宜蘭市,38,2.0,Low Risk,風險較低,0
羅東鎮展演廳,宜蘭縣羅東鎮,24.6765,121.7669,True,室內設施,宜蘭,宜蘭市,38,4.93,Low Risk,風險較低,0
季新社區活動中心,宜蘭縣五結鄉,24.6766,121.8317,True,室內設施,宜蘭,宜蘭市,38,11.27,Low Risk,風險較低,5
國華國中自強館,宜蘭縣羅東鎮,24.6767,121.7608,True,室內設施,宜蘭,宜蘭市,38,4.35,Low Risk,風險較低,0
北成社區活動中心,宜蘭縣羅東鎮,24.6789,121.7527,True,室內設施,宜蘭,宜蘭市,38,3.51,Low Risk,風險較低,0
大洲社區二次收容,宜蘭縣三星鄉,24.6791,121.6759,True,室內設施,宜蘭,宜蘭市,38,4.87,Low Risk,風險較低,0
公正國小體育館,宜蘭縣羅東鎮,24.6793,121.7667,True,室內設施,宜蘭,宜蘭市,38,4.8,Low Risk,風險較低,0
新店社區活動中心,宜蘭縣五結鄉,24.6797,121.8178,True,室內設施,宜蘭,宜蘭市,38,9.83,Low Risk,風險較低,0
崙埤活動中心,宜蘭縣大同鄉,24.6804,121.6007,True,室內設施,宜蘭,宜蘭市,38,12.29,Low Risk,風險較低,5
斗煥國小操場,苗栗縣頭份市,24.680477,120.94751,False,戶外設施,新竹,新竹市,48,14.96,Low Risk,風險較低,25
田寮社區活動中心,苗栗縣頭份市,24.6807,120.8871,True,室內設施,苗栗,苗栗市,52,14.52,Low Risk,風險較低,30
永貞國小操場,苗栗縣頭份市,24.680886,120.884654,False,戶外設施,苗栗,苗栗市,52,14.42,Warning,最近測站 AQI 52 > 50 且為戶外設施,50
羅東國中自強館,宜蘭縣羅東鎮,24.6825,121.7683,True,室內設施,宜蘭,宜蘭市,38,4.86,Low Risk,風險較低,0
大成高中操場,苗栗縣頭份市,24.683093,120.939582,False,戶外設施,新竹,新竹市,48,14.8,Low Risk,風險較低,25
第五公園管理站樹林社區活動中心,宜蘭縣羅東鎮,24.6833,121.7614,False,戶外設施,宜蘭,宜蘭市,38,4.16,Low Risk,風險較低,20
第一公園管理站信義社區活動中心,宜蘭縣羅東鎮,24.6835,121.7686,False,戶外設施,宜蘭,宜蘭市,38,4.86,Low Risk,風險較低,20
竹南國小-操場,苗栗縣竹南鎮,24.6837,120.8698,False,戶外設施,苗栗,苗栗市,52,14.12,Warning,最近測站 AQI 52 > 50 且為戶外設施,50
竹南鎮公所三樓演藝廳,苗栗縣竹南鎮,24.6838,120.8734,True,室內設施,苗栗,苗栗市,52,14.26,Low Risk,風險較低,30
民族社區活動中心室內,苗栗縣頭份市,24.683856,120.904449,True,室內設施,苗栗,苗栗市,52,15.69,Low Risk,風險較低,30
珊湖社區活動中心,苗栗縣頭份市,24.6844,120.9596,True,室內設施,新竹,新竹市,48,14.41,Low Risk,風險較低,5
行健社區二次收容,宜蘭縣三星鄉,24.6844,121.7041,True,室內設施,宜蘭,宜蘭市,38,2.0,Low Risk,風險較低,0
五結鄉公所,宜蘭縣五結鄉,24.6847,121.7984,True,室內設施,宜蘭,宜蘭市,38,7.81,Low Risk,風險較低,0
錦屏村集會所,新竹縣尖石鄉,24.685,121.2512,True,室內設施,新竹,新竹市,48,32.03,Low Risk,風險較低,10
五結社區活動中心,宜蘭縣五結鄉,24.6852,121.7979,True,室內設施,宜蘭,宜蘭市,38,7.76,Low Risk,風險較低,0
六合國小操場,苗栗縣頭份市,24.685661,120.901362,False,戶外設施,苗栗,苗栗市,52,15.7,Warning,最近測站 AQI 52 > 50 且為戶外設施,50
新華社區活動中心,苗栗縣頭份市,24.6863,120.9283,True,室內設施,新竹,新竹市,48,14.72,Low Risk,風險較低,5
頭份市公所中正館,苗栗縣頭份市,24.6864,120.913,True,室內設施,新竹,新竹市,48,15.2,Low Risk,風險較低,5
頭份市公所中山堂,苗栗縣頭份市,24.6864,120.913,True,室內設施,新竹,新竹市,48,15.2,Low Risk,風險較低,5
正勉堂,宜蘭縣五結鄉,24.6865,121.7798,True,室內設施,宜蘭,宜蘭市,38,5.92,Low Risk,風險較低,0
峨眉鄉老人文康中心,新竹縣峨眉鄉,24.68655,121.01747,True,室內設施,新竹,新竹市,48,15.02,Low Risk,風險較低,5
信德國小操場,苗栗縣頭份市,24.686799,120.960531,False,戶外設施,新竹,新竹市,48,14.14,Low Risk,風險較低,25
富興國小,新竹縣峨眉鄉,24.6868,120.9885,True,室內設施,新竹,新竹市,48,14.28,Low Risk,風險較低,5
東庄社區活動中心,苗栗縣頭份市,24.6871,120.8933,True,室內設施,苗栗,苗栗市,52,15.44,Low Risk,風險較低,30
竹興國小-操場,苗栗縣竹南鎮,24.687124,120.864955,False,戶外設施,苗栗,苗栗市,52,14.32,Warning,最近測站 AQI 52 > 50 且為戶外設施,50
四結社區活動中心,宜蘭縣五結鄉,24.6873,121.7739,True,室內設施,宜蘭,宜蘭市,38,5.32,Low Risk,風險較低,0
頭份國小操場,苗栗縣頭份市,24.688116,120.912124,False,戶外設施,新竹,新竹市,48,15.05,Low Risk,風險較低,25
新南國小-操場,苗栗縣竹南鎮,24.688226,120.884878,False,戶外設施,苗栗,苗栗市,52,15.17,Warning,最近測站 AQI 52 > 50 且為戶外設施,50
竹林社區活動中心,宜蘭縣羅東鎮,24.6883,121.7658,True,室內設施,宜蘭,宜蘭市,38,4.49,Low Risk,風險較低,0
協和社區活動中心,宜蘭縣五結鄉,24.6883,121.8045,True,室內設施,宜蘭,宜蘭市,38,8.39,Low Risk,風險較低,0
竹林國小體育館,宜蘭縣羅東鎮,24.6887,121.7661,True,室內設施,宜蘭,宜蘭市,38,4.52,Low Risk,風險較低,0
峨眉國小,新竹縣峨眉鄉,24.68874,121.02014,True,室內設施,新竹,新竹市,48,14.89,Low Risk,風險較低,5
李科永圖書館,苗栗縣竹南鎮,24.689053,120.886019,True,室內設施,苗栗,苗栗市,52,15.3,Low Risk,風險較低,30
竹南運動公園,苗栗縣竹南鎮,24.689128,120.886045,False,戶外設施,苗栗,苗栗市,52,15.31,Warning,最近測站 AQI 52 > 50 且為戶外設施,50
義興分校,新竹縣尖石鄉,24.6895,121.1778,True,室內設施,新竹,新竹市,48,25.34,Low Risk,風險較低,10
建國國中操場,苗栗縣頭份市,24.68975,120.874545,False,戶外設施,苗栗,苗栗市,52,14.92,Warning,最近測站 AQI 52 > 50 且為戶外設施,50
富興社區活動中心,新竹縣峨眉鄉,24.69036,120.98663,True,室內設施,新竹,新竹市,48,13.86,Low Risk,風險較低,5
峨眉國中,新竹縣峨眉鄉,24.6908,121.0181,True,室內設施,新竹,新竹市,48,14.6,Low Risk,風險較低,5
竹興社區活動中心-竹南鎮老人文康活動中心,苗栗縣竹南鎮,24.6909,120.8605,True,室內設施,苗栗,苗栗市,52,14.59,Low Risk,風險較低,30
頭份國中操場,苗栗縣頭份市,24.6921,120.901115,False,戶外設施,新竹,新竹市,48,15.1,Low Risk,風險較低,25
中盛社區活動中心,新竹縣峨眉鄉,24.6922,121.03017,True,室內設施,新竹,新竹市,48,14.93,Low Risk,風險較低,5
蟠桃國小操場,苗栗縣頭份市,24.692772,120.906679,False,戶外設施,新竹,新竹市,48,14.79,Low Risk,風險較低,25
大隱社區臨時收容站,宜蘭縣三星鄉,24.6929,121.7274,True,室內設施,宜蘭,宜蘭市,38,0.59,Low Risk,風險較低,0
八大庄一百甲城煌廟,宜蘭縣五結鄉,24.6929,121.828,True,室內設施,宜蘭,宜蘭市,38,10.75,Low Risk,風險較低,5
上埔社區活動中心室內,苗栗縣頭份市,24.69297,120.922781,True,室內設施,新竹,新竹市,48,14.17,Low Risk,風險較低,5
萬德社區二次收容,宜蘭縣三星鄉,24.6931,121.7282,True,室內設施,宜蘭,宜蘭市,38,0.67,Low Risk,風險較低,0
萬富社區臨時收容站,宜蘭縣三星鄉,24.6931,121.7282,True,室內設施,宜蘭,宜蘭市,38,0.67,Low Risk,風險較低,0
蟠桃社區活動中心,苗栗縣頭份市,24.6937,120.9028,True,室內設施,新竹,新竹市,48,14.87,Low Risk,風險較低,5
忠孝社區活動中心,苗栗縣頭份市,24.6937,120.9114,True,室內設施,新竹,新竹市,48,14.51,Low Risk,風險較低,5
照南國小活動中心,苗栗縣竹南鎮,24.694078,120.87945,True,室內設施,苗栗,苗栗市,52,15.55,Low Risk,風險較低,30
佳興社區活動中心,苗栗縣竹南鎮,24.6953,120.8797,True,室內設施,苗栗,苗栗市,52,15.68,Low Risk,風險較低,30
嘉興國小,新竹縣尖石鄉,24.6953,121.2011,True,室內設施,新竹,新竹市,48,27.02,Low Risk,風險較低,10
建國國小操場,苗栗縣頭份市,24.695407,120.909781,False,戶外設施,新竹,新竹市,48,14.4,Low Risk,風險較低,25
孝威社區活動中心,宜蘭縣五結鄉,24.6961,121.8117,True,室內設施,宜蘭,宜蘭市,38,9.11,Low Risk,風險較低,0
后庄國小操場,苗栗縣頭份市,24.696211,120.897894,False,戶外設施,新竹,新竹市,48,14.84,Low Risk,風險較低,25
五結國中五動館,宜蘭縣五結鄉,24.6963,121.8002,True,室內設施,宜蘭,宜蘭市,38,7.95,Low Risk,風險較低,0
信義國小操場,苗栗縣頭份市,24.69706,120.890744,False,戶外設施,新竹,新竹市,48,15.12,Low Risk,風險較低,25
興隆社區活動中心室內,苗栗縣頭份市,24.697341,120.931057,True,室內設施,新竹,新竹市,48,13.46,Low Risk,風險較低,5
四結福德廟,宜蘭縣五結鄉,24.6974,121.7652,True,室內設施,宜蘭,宜蘭市,38,4.43,Low Risk,風險較低,0
石井集會所,新竹縣峨眉鄉,24.69814,121.00073,True,室內設施,新竹,新竹市,48,13.29,Low Risk,風險較低,5
嘉樂村集會所,新竹縣尖石鄉,24.6986,121.1913,True,室內設施,新竹,新竹市,48,25.98,Low Risk,風險較低,10
北埔鄉圓樓市場,新竹縣北埔鄉,24.699071,121.056026,True,室內設施,新竹,新竹市,48,15.58,Low Risk,風險較低,5
開基灶君廟省民堂,宜蘭縣五結鄉,24.6994,121.7867,True,室內設施,宜蘭,宜蘭市,38,6.62,Low Risk,風險較低,0
北埔鄉老人文康中心,新竹縣北埔鄉,24.700345,121.055108,True,室內設施,新竹,新竹市,48,15.41,Low Risk,風險較低,5
埔尾活動中心二次避難所,新竹縣北埔鄉,24.700742,121.054377,True,室內設施,新竹,新竹市,48,15.33,Low Risk,風險較低,5
北埔國小二次避難所,新竹縣北埔鄉,24.700797,121.053448,True,室內設施,新竹,新竹市,48,15.27,Low Risk,風險較低,5
北埔鄉立幼兒園,新竹縣北埔鄉,24.701165,121.05916,True,室內設施,新竹,新竹市,48,15.57,Low Risk,風險較低,5
仁愛社區活動中心,宜蘭縣羅東鎮,24.7014,121.756,True,室內設施,宜蘭,宜蘭市,38,3.6,Low Risk,風險較低,0
山下社區活動中心,苗栗縣頭份市,24.7018,120.9012,True,室內設施,新竹,新竹市,48,14.14,Low Risk,風險較低,5
關西國小,新竹縣關西鎮,24.7029,121.0541,True,室內設施,新竹,新竹市,48,15.12,Low Risk,風險較低,5
水?社區活動中心,新竹縣北埔鄉,24.703765,121.05927,True,室內設施,新竹,新竹市,48,15.35,Low Risk,風險較低,5
豐田村集會所,新竹縣橫山鄉,24.70432,121.1569,True,室內設施,新竹,新竹市,48,22.67,Low Risk,風險較低,10
北埔國中二次避難所,新竹縣北埔鄉,24.704374,121.047608,True,室內設施,新竹,新竹市,48,14.61,Low Risk,風險較低,5
田寮村集會所,新竹縣橫山鄉,24.70463,121.1058,True,室內設施,新竹,新竹市,48,18.5,Low Risk,風險較低,5
三興社區活動中心,宜蘭縣五結鄉,24.7056,121.7739,True,室內設施,宜蘭,宜蘭市,38,5.47,Low Risk,風險較低,0
尖石天主堂,新竹縣尖石鄉,24.7059,121.2029,True,室內設施,新竹,新竹市,48,26.63,Low Risk,風險較低,10
新光國小,新竹縣尖石鄉,24.706,121.2031,True,室內設施,新竹,新竹市,48,26.64,Low Risk,風險較低,10
廣濟宮活動中心,新竹縣橫山鄉,24.70628,121.1807,True,室內設施,新竹,新竹市,48,24.62,Low Risk,風險較低,10
拿互依長老教會,新竹縣尖石鄉,24.7068,121.2085,True,室內設施,新竹,新竹市,48,27.09,Low Risk,風險較低,10
大同高中-操場,苗栗縣竹南鎮,24.707893,120.895333,False,戶外設施,新竹,新竹市,48,13.85,Low Risk,風險較低,25
大埔社區活動中心,苗栗縣竹南鎮,24.709181,120.896939,True,室內設施,新竹,新竹市,48,13.64,Low Risk,風險較低,5
中華村集會所,宜蘭縣員山鄉,24.709398,121.646633,True,室內設施,宜蘭,宜蘭市,38,7.79,Low Risk,風險較低,0
二結社區活動中心,宜蘭縣五結鄉,24.7095,121.762,True,室內設施,宜蘭,宜蘭市,38,4.48,Low Risk,風險較低,0
內城國民中小學化育分校,宜蘭縣員山鄉,24.71129,121.652657,True,室內設施,宜蘭,宜蘭市,38,7.26,Low Risk,風險較低,0
蓁巷社區活動中心,宜蘭縣員山鄉,24.713572,121.695581,True,室內設施,宜蘭,宜蘭市,38,3.49,Low Risk,風險較低,0
員崠國小活動中心,新竹縣竹東鎮,24.7137,121.0988,True,室內設施,新竹,新竹市,48,17.31,Low Risk,風險較低,5
七賢村民眾活動中心,宜蘭縣員山鄉,24.714634,121.735106,True,室內設施,宜蘭,宜蘭市,38,2.78,Low Risk,風險較低,0
深溝村集會所,宜蘭縣員山鄉,24.715727,121.71978,True,室內設施,宜蘭,宜蘭市,38,2.54,Low Risk,風險較低,0
力行村集會所,新竹縣橫山鄉,24.71575,121.1681,True,室內設施,新竹,新竹市,48,23.0,Low Risk,風險較低,10
橫山社區長壽俱樂部,新竹縣橫山鄉,24.71819,121.1153,True,室內設施,新竹,新竹市,48,18.32,Low Risk,風險較低,5
內城社區活動中心,宜蘭縣員山鄉,24.720881,121.688913,True,室內設施,宜蘭,宜蘭市,38,4.54,Low Risk,風險較低,0
雙溪國小三峰分校,新竹縣寶山鄉,24.72123556,120.9970159,True,室內設施,新竹,新竹市,48,10.72,Low Risk,風險較低,5
老人文康活動中心,新竹縣橫山鄉,24.72184,121.1345,True,室內設施,新竹,新竹市,48,19.72,Low Risk,風險較低,5
八五三教會,新竹縣尖石鄉,24.7223,121.2741,True,室內設施,桃園,桃園市,72,30.29,Low Risk,風險較低,35
油田社區活動中心,新竹縣寶山鄉,24.724414,121.01329,True,室內設施,新竹,新竹市,48,10.96,Low Risk,風險較低,5
凱旋國民中學樂活館,宜蘭縣宜蘭市,24.7256,121.757,True,室內設施,宜蘭,宜蘭市,38,5.1,Low Risk,風險較低,0
凱旋國小展藝館,宜蘭縣宜蘭市,24.7256,121.7636,True,室內設施,宜蘭,宜蘭市,38,5.59,Low Risk,風險較低,0
南隘國小,新竹市香山區,24.727235,120.929301,True,室內設施,新竹,新竹市,48,10.37,Low Risk,風險較低,5
凱旋社區活動中心,宜蘭縣宜蘭市,24.7276,121.7682,True,室內設施,宜蘭,宜蘭市,38,6.09,Low Risk,風險較低,0
大崎村集會所,新竹縣寶山鄉,24.7288,120.9534,True,室內設施,新竹,新竹市,48,9.56,Low Risk,風險較低,0
寶斗集會所,新竹縣寶山鄉,24.72880207,120.9533615,True,室內設施,新竹,新竹市,48,9.56,Low Risk,風險較低,0
新南活動中心,宜蘭縣壯圍鄉,24.7294,121.7873,True,室內設施,宜蘭,宜蘭市,38,7.78,Low Risk,風險較低,0
紅葉活動中心,宜蘭縣壯圍鄉,24.7297,121.8225,True,室內設施,宜蘭,宜蘭市,38,10.98,Low Risk,風險較低,5
南橋社區活動中心,宜蘭縣宜蘭市,24.7307,121.7412,True,室內設施,宜蘭,宜蘭市,38,4.65,Low Risk,風險較低,0
建業社區活動中心,宜蘭縣宜蘭市,24.7315,121.7566,True,室內設施,宜蘭,宜蘭市,38,5.56,Low Risk,風險較低,0
惠好社區活動中心,宜蘭縣員山鄉,24.731738,121.730742,True,室內設施,宜蘭,宜蘭市,38,4.42,Low Risk,風險較低,0
樹杞林文化館,新竹縣竹東鎮,24.7325,121.0946,True,室內設施,新竹,新竹市,48,15.7,Low Risk,風險較低,5
育才國小中興堂,宜蘭縣宜蘭市,24.7332,121.7369,True,室內設施,宜蘭,宜蘭市,38,4.74,Low Risk,風險較低,0
新城國小,新竹縣寶山鄉,24.733474,120.967436,True,室內設施,新竹,新竹市,48,8.93,Low Risk,風險較低,0
中山國小禮堂,新竹縣竹東鎮,24.7335,121.0947,True,室內設施,新竹,新竹市,48,15.64,Low Risk,風險較低,5
秀湖社區活動中心,新竹縣芎林鄉,24.734,121.1168,True,室內設施,新竹,新竹市,48,17.49,Low Risk,風險較低,5
水田教會,新竹縣尖石鄉,24.7341,121.2584,True,室內設施,桃園,桃園市,72,29.17,Low Risk,風險較低,35
竹東國小體育館,新竹縣竹東鎮,24.7352,121.0883,True,室內設施,新竹,新竹市,48,15.0,Low Risk,風險較低,5
湖北社區活動中心,宜蘭縣員山鄉,24.735298,121.718042,True,室內設施,宜蘭,宜蘭市,38,4.73,Low Risk,風險較低,0
福興社區活動中心,新竹縣橫山鄉,24.73543,121.1704,True,室內設施,新竹,新竹市,48,22.26,Low Risk,風險較低,10
五龍社區活動中心,新竹縣芎林鄉,24.7362,121.1223,True,室內設施,新竹,新竹市,48,17.85,Low Risk,風險較低,5
永鎮活動中心,宜蘭縣壯圍鄉,24.7366,121.8154,True,室內設施,宜蘭,宜蘭市,38,10.65,Low Risk,風險較低,5
竹東客家戲曲公園,新竹縣竹東鎮,24.7373,121.0903,False,戶外設施,新竹,新竹市,48,15.04,Low Risk,風險較低,25
尚德社區活動中心,宜蘭縣員山鄉,24.737618,121.722128,True,室內設施,宜蘭,宜蘭市,38,4.97,Low Risk,風險較低,0
逸仙社區活動中心,宜蘭縣員山鄉,24.738714,121.700435,True,室內設施,宜蘭,宜蘭市,38,5.52,Low Risk,風險較低,0
沙坑村集會所,新竹縣橫山鄉,24.73874,121.1611,True,室內設施,新竹,新竹市,48,21.25,Low Risk,風險較低,10
大同國小禮堂,新竹縣竹東鎮,24.7403,121.0884,True,室內設施,新竹,新竹市,48,14.69,Low Risk,風險較低,5
寶山國小,新竹縣寶山鄉,24.74037021,121.022112,True,室內設施,新竹,新竹市,48,9.85,Low Risk,風險較低,0
進士里鎮興廟,宜蘭縣宜蘭市,24.7414,121.7465,True,室內設施,宜蘭,宜蘭市,38,5.95,Low Risk,風險較低,0
內湖國中,新竹市香山區,24.741924,120.911092,True,室內設施,新竹,新竹市,48,9.81,Low Risk,風險較低,0
內湖國小,新竹市香山區,24.74193,120.90696,True,室內設施,新竹,新竹市,48,10.06,Low Risk,風險較低,5
黎明里慶安廟,宜蘭縣宜蘭市,24.7427,121.7712,True,室內設施,宜蘭,宜蘭市,38,7.47,Low Risk,風險較低,0
黎明社區活動中心,宜蘭縣宜蘭市,24.744,121.776,True,室內設施,宜蘭,宜蘭市,38,7.9,Low Risk,風險較低,0
壯五活動中心,宜蘭縣壯圍鄉,24.744488,121.789598,True,室內設施,宜蘭,宜蘭市,38,8.95,Low Risk,風險較低,0
老人文康中心,宜蘭縣員山鄉,24.745244,121.722886,True,室內設施,宜蘭,宜蘭市,38,5.82,Low Risk,風險較低,0
國立宜蘭大學體育館,宜蘭縣宜蘭市,24.7453,121.7481,True,室內設施,宜蘭,宜蘭市,38,6.41,Low Risk,風險較低,0
大湖國小,新竹市香山區,24.745728,120.933483,True,室內設施,新竹,新竹市,48,8.31,Low Risk,風險較低,0
湖東社區活動中心,宜蘭縣員山鄉,24.746017,121.708869,True,室內設施,宜蘭,宜蘭市,38,6.04,Low Risk,風險較低,0
壯圍鄉公所,宜蘭縣壯圍鄉,24.746835,121.785768,True,室內設施,宜蘭,宜蘭市,38,8.83,Low Risk,風險較低,0
大福補天宮,宜蘭縣壯圍鄉,24.7469,121.7858,True,室內設施,宜蘭,宜蘭市,38,8.84,Low Risk,風險較低,0
思源社區活動中心,宜蘭縣宜蘭市,24.7482,121.7374,True,室內設施,宜蘭,宜蘭市,38,6.35,Low Risk,風險較低,0
雙湖社區活動中心,宜蘭縣員山鄉,24.748286,121.68547,True,室內設施,宜蘭,宜蘭市,38,7.16,Low Risk,風險較低,0
永興社區活動中心,新竹縣芎林鄉,24.7483,121.1104,True,室內設施,新竹,新竹市,48,16.16,Low Risk,風險較低,5
石潭社區活動中心,新竹縣芎林鄉,24.7484,121.1009,True,室內設施,新竹,新竹市,48,15.31,Low Risk,風險較低,5
三聖宮,宜蘭縣宜蘭市,24.7488,121.766,True,室內設施,宜蘭,宜蘭市,38,7.66,Low Risk,風險較低,0
復興國中群育館,宜蘭縣宜蘭市,24.7489,121.7476,True,室內設施,宜蘭,宜蘭市,38,6.76,Low Risk,風險較低,0
永和社區活動中心,宜蘭縣員山鄉,24.749471,121.711078,True,室內設施,宜蘭,宜蘭市,38,6.38,Low Risk,風險較低,0
華龍村集會所,新竹縣芎林鄉,24.7502,121.1398,True,室內設施,新竹,新竹市,48,18.78,Low Risk,風險較低,5
五大社區活動中心,宜蘭縣宜蘭市,24.7504,121.7838,True,室內設施,宜蘭,宜蘭市,38,8.96,Low Risk,風險較低,0
中華國中,宜蘭縣宜蘭市,24.7505,121.7669,True,室內設施,宜蘭,宜蘭市,38,7.87,Low Risk,風險較低,0
國立宜蘭高中體育館,宜蘭縣宜蘭市,24.7511,121.7428,True,室內設施,宜蘭,宜蘭市,38,6.82,Low Risk,風險較低,0
美城活動中心,宜蘭縣壯圍鄉,24.7513,121.8017,True,室內設施,宜蘭,宜蘭市,38,10.37,Low Risk,風險較低,5
黎明國小體育館,宜蘭縣宜蘭市,24.7517,121.7643,True,室內設施,宜蘭,宜蘭市,38,7.83,Low Risk,風險較低,0
社福大樓2樓,宜蘭縣宜蘭市,24.7526,121.7539,True,室內設施,宜蘭,宜蘭市,38,7.4,Low Risk,風險較低,0
宜蘭國小活動中心,宜蘭縣宜蘭市,24.7532,121.7547,True,室內設施,宜蘭,宜蘭市,38,7.49,Low Risk,風險較低,0
東嶽廟,宜蘭縣宜蘭市,24.7534,121.7526,True,室內設施,宜蘭,宜蘭市,38,7.42,Low Risk,風險較低,0
南屏國小活動中心,宜蘭縣宜蘭市,24.754,121.7426,True,室內設施,宜蘭,宜蘭市,38,7.12,Low Risk,風險較低,0
中山國小五育館,宜蘭縣宜蘭市,24.754,121.7546,True,室內設施,宜蘭,宜蘭市,38,7.57,Low Risk,風險較低,0
光復國小五育館,宜蘭縣宜蘭市,24.7545,121.747,True,室內設施,宜蘭,宜蘭市,38,7.31,Low Risk,風險較低,0
國立宜蘭高商四維堂,宜蘭縣宜蘭市,24.7549,121.7655,True,室內設施,宜蘭,宜蘭市,38,8.2,Low Risk,風險較低,0
茄冬國小,新竹市香山區,24.755627,120.944631,True,室內設施,新竹,新竹市,48,6.87,Low Risk,風險較低,0
美福活動中心,宜蘭縣壯圍鄉,24.7569,121.791,True,室內設施,宜蘭,宜蘭市,38,9.99,Low Risk,風險較低,0
玉山國小,新竹縣關西鎮,24.7576,121.2087,True,室內設施,新竹,新竹市,48,25.14,Low Risk,風險較低,10
中華大學,新竹市香山區,24.758944,120.954072,True,室內設施,新竹,新竹市,48,6.25,Low Risk,風險較低,0
碧霞宮,宜蘭縣宜蘭市,24.7593,121.7511,True,室內設施,宜蘭,宜蘭市,38,7.96,Low Risk,風險較低,0
過嶺活動中心,宜蘭縣壯圍鄉,24.759471,121.815365,True,室內設施,宜蘭,宜蘭市,38,12.02,Low Risk,風險較低,5
結頭份社區活動中心,宜蘭縣員山鄉,24.759721,121.719624,True,室內設施,宜蘭,宜蘭市,38,7.43,Low Risk,風險較低,0
梅洲里鎮平宮,宜蘭縣宜蘭市,24.7608,121.7442,True,室內設施,宜蘭,宜蘭市,38,7.89,Low Risk,風險較低,0
東園社區活動中心,宜蘭縣宜蘭市,24.7608,121.7575,True,室內設施,宜蘭,宜蘭市,38,8.38,Low Risk,風險較低,0
宜蘭縣社會福利館多功能劇場,宜蘭縣宜蘭市,24.7617,121.7506,True,室內設施,宜蘭,宜蘭市,38,8.19,Low Risk,風險較低,0
同樂社區活動中心,宜蘭縣員山鄉,24.762017,121.729673,True,室內設施,宜蘭,宜蘭市,38,7.73,Low Risk,風險較低,0
慶和社區活動中心1樓,宜蘭縣宜蘭市,24.7622,121.7524,True,室內設施,宜蘭,宜蘭市,38,8.31,Low Risk,風險較低,0
慶和里慶和廟,宜蘭縣宜蘭市,24.7626,121.7518,True,室內設施,宜蘭,宜蘭市,38,8.33,Low Risk,風險較低,0
梅洲社區活動中心,宜蘭縣宜蘭市,24.7631,121.7443,True,室內設施,宜蘭,宜蘭市,38,8.14,Low Risk,風險較低,0
力行國小英才館,宜蘭縣宜蘭市,24.7638,121.755,True,室內設施,宜蘭,宜蘭市,38,8.58,Low Risk,風險較低,0
宜蘭國中活動中心,宜蘭縣宜蘭市,24.7639,121.75,True,室內設施,宜蘭,宜蘭市,38,8.4,Low Risk,風險較低,0
七張社區活動中心,宜蘭縣宜蘭市,24.764,121.7752,True,室內設施,宜蘭,宜蘭市,38,9.58,Low Risk,風險較低,0
富禮國中,新竹市香山區,24.764361,120.912421,True,室內設施,新竹,新竹市,48,7.82,Low Risk,風險較低,0
新生社區活動中心,宜蘭縣宜蘭市,24.7646,121.7642,True,室內設施,宜蘭,宜蘭市,38,9.06,Low Risk,風險較低,0
雙溪國小,新竹縣寶山鄉,24.7647,120.9913,True,室內設施,新竹,新竹市,48,5.96,Low Risk,風險較低,0
七張里慈雲寺,宜蘭縣宜蘭市,24.7648,121.7695,True,室內設施,宜蘭,宜蘭市,38,9.34,Low Risk,風險較低,0
順和活動中心,宜蘭縣壯圍鄉,24.764974,121.799791,True,室內設施,宜蘭,宜蘭市,38,11.25,Low Risk,風險較低,5
寶山鄉綜合行政大樓,新竹縣寶山鄉,24.76552459,120.9912736,True,室內設施,新竹,新竹市,48,5.88,Low Risk,風險較低,0
朝山國小,新竹市香山區,24.765725,120.913409,True,室內設施,新竹,新竹市,48,7.64,Low Risk,風險較低,0
寶山鄉老人文康中心,新竹縣寶山鄉,24.766487,120.993005,True,室內設施,新竹,新竹市,48,5.86,Low Risk,風險較低,0
二重國小禮堂,新竹縣竹東鎮,24.767497,121.05731,True,室內設施,新竹,新竹市,48,10.43,Low Risk,風險較低,5
北津社區活動中心,宜蘭縣宜蘭市,24.7675,121.7499,True,室內設施,宜蘭,宜蘭市,38,8.77,Low Risk,風險較低,0
新鳳村集會所,新竹縣芎林鄉,24.7679,121.0878,True,室內設施,新竹,新竹市,48,13.17,Low Risk,風險較低,5
枕山社區活動中心,宜蘭縣員山鄉,24.768291,121.718546,True,室內設施,宜蘭,宜蘭市,38,8.39,Low Risk,風險較低,0
北津里帝王廟,宜蘭縣宜蘭市,24.7686,121.7546,True,室內設施,宜蘭,宜蘭市,38,9.05,Low Risk,風險較低,0
錦山國小,新竹縣關西鎮,24.7688,121.2252,True,室內設施,桃園,桃園市,72,26.14,Low Risk,風險較低,35
青草湖國小,新竹市東區,24.768845,120.979086,True,室內設施,新竹,新竹市,48,5.13,Low Risk,風險較低,0
深井社區活動中心,新竹縣寶山鄉,24.7698,121.0039,True,室內設施,新竹,新竹市,48,6.12,Low Risk,風險較低,0
?後活動中心,宜蘭縣壯圍鄉,24.7706,121.8,True,室內設施,宜蘭,宜蘭市,38,11.72,Low Risk,風險較低,5
新生國小體育館,宜蘭縣宜蘭市,24.7707,121.7545,True,室內設施,宜蘭,宜蘭市,38,9.27,Low Risk,風險較低,0
古亭活動中心,宜蘭縣壯圍鄉,24.7719,121.8003,True,室內設施,宜蘭,宜蘭市,38,11.85,Low Risk,風險較低,5
玄奘大學,新竹市香山區,24.774677,120.943099,True,室內設施,新竹,新竹市,48,5.0,Low Risk,風險較低,0
文林村集會所,新竹縣芎林鄉,24.7747,121.0814,True,室內設施,新竹,新竹市,48,12.29,Low Risk,風險較低,5
芎林村公有零售市場,新竹縣芎林鄉,24.7749,121.0792,True,室內設施,新竹,新竹市,48,12.08,Low Risk,風險較低,5
中坑社區活動中心,新竹縣芎林鄉,24.775,121.0925,True,室內設施,新竹,新竹市,48,13.34,Low Risk,風險較低,5
壯六活動中心,宜蘭縣壯圍鄉,24.7751,121.8148,True,室內設施,宜蘭,宜蘭市,38,13.12,Low Risk,風險較低,5
元培科技大學,新竹市香山區,24.775832,120.94033,True,室內設施,新竹,新竹市,48,5.03,Low Risk,風險較低,0
茭白社區活動中心,宜蘭縣宜蘭市,24.7763,121.7506,True,室內設施,宜蘭,宜蘭市,38,9.73,Low Risk,風險較低,0
東光國小,新竹縣關西鎮,24.7765,121.1759,True,室內設施,新竹,新竹市,48,21.44,Low Risk,風險較低,10
新社活動中心,宜蘭縣壯圍鄉,24.7774,121.7889,True,室內設施,宜蘭,宜蘭市,38,11.6,Low Risk,風險較低,5
新竹實驗中學,新竹市東區,24.777965,121.015882,True,室內設施,新竹,新竹市,48,6.3,Low Risk,風險較低,0
澳花國小,宜蘭縣南澳鄉,24.778289,120.988108,True,室內設施,新竹,新竹市,48,4.46,Low Risk,風險較低,0
新社高級中學,臺中市新社區,24.778289,120.988108,True,室內設施,新竹,新竹市,48,4.46,Low Risk,風險較低,0
新科國中,新竹市東區,24.780004,121.023052,True,室內設施,新竹,新竹市,48,6.75,Low Risk,風險較低,0
龍潭國小,宜蘭縣礁溪鄉,24.7802,121.7447,True,室內設施,宜蘭,宜蘭市,38,9.98,Low Risk,風險較低,0
竹中國小禮堂,新竹縣竹東鎮,24.7805,121.03,True,室內設施,新竹,新竹市,48,7.32,Low Risk,風險較低,0
水坑社區活動中心,新竹縣芎林鄉,24.7817,121.098,True,室內設施,新竹,新竹市,48,13.65,Low Risk,風險較低,5
科園國小,新竹市東區,24.781902,121.011818,True,室內設施,新竹,新竹市,48,5.71,Low Risk,風險較低,0
鄉立幼兒園,宜蘭縣礁溪鄉,24.7829,121.7672,True,室內設施,宜蘭,宜蘭市,38,11.02,Low Risk,風險較低,5
關東國小,新竹市東區,24.783923,121.022153,True,室內設施,新竹,新竹市,48,6.44,Low Risk,風險較低,0
古結活動中心,宜蘭縣壯圍鄉,24.7846,121.8094,True,室內設施,宜蘭,宜蘭市,38,13.51,Low Risk,風險較低,5
香山高中,新竹市香山區,24.785082,120.929526,True,室內設施,新竹,新竹市,48,4.99,Low Risk,風險較低,0
交通大學,新竹市東區,24.785604,120.997073,True,室內設施,新竹,新竹市,48,4.33,Low Risk,風險較低,0
上山村集會所,新竹縣芎林鄉,24.7857,121.0721,True,室內設施,新竹,新竹市,48,11.01,Low Risk,風險較低,5
吳沙國中,宜蘭縣礁溪鄉,24.786,121.7596,True,室內設施,宜蘭,宜蘭市,38,11.04,Low Risk,風險較低,5
光武國中,新竹市東區,24.78629,121.011858,True,室內設施,新竹,新竹市,48,5.42,Low Risk,風險較低,0
四結國小,宜蘭縣礁溪鄉,24.7865,121.7598,True,室內設施,宜蘭,宜蘭市,38,11.1,Low Risk,風險較低,5
新竹縣農會,新竹縣芎林鄉,24.7875,121.0687,True,室內設施,新竹,新竹市,48,10.63,Low Risk,風險較低,5
大庄國小,新竹市香山區,24.789125,120.927189,True,室內設施,新竹,新竹市,48,4.91,Low Risk,風險較低,0
關西高中,新竹縣關西鎮,24.7898,121.1861,True,室內設施,新竹,新竹市,48,22.23,Low Risk,風險較低,10
育賢國中,新竹市東區,24.789997,120.965592,True,室內設施,新竹,新竹市,48,2.65,Low Risk,風險較低,0
陽光國小,新竹市東區,24.790196,120.967491,True,室內設施,新竹,新竹市,48,2.62,Low Risk,風險較低,0
東安國小,新竹縣關西鎮,24.7903,121.1839,True,室內設施,新竹,新竹市,48,22.0,Low Risk,風險較低,10
龍山國小,新竹市東區,24.790362,121.006933,True,室內設施,新竹,新竹市,48,4.76,Low Risk,風險較低,0
成德高中,新竹市北區,24.79067,120.951558,True,室內設施,新竹,新竹市,48,3.03,Low Risk,風險較低,0
龍潭國小匏崙分校,宜蘭縣礁溪鄉,24.7924,121.7294,True,室內設施,宜蘭,宜蘭市,38,11.09,Low Risk,風險較低,5
建華國中,新竹市東區,24.792771,120.976649,True,室內設施,新竹,新竹市,48,2.51,Low Risk,風險較低,0
新竹教育大學,新竹市東區,24.792904,120.964058,True,室內設施,新竹,新竹市,48,2.35,Low Risk,風險較低,0
培英國中,新竹市東區,24.794134,120.978043,True,室內設施,新竹,新竹市,48,2.43,Low Risk,風險較低,0
清華大學,新竹市東區,24.794199,120.991267,True,室內設施,新竹,新竹市,48,3.24,Low Risk,風險較低,0
新竹高中,新竹市東區,24.795254,120.981495,True,室內設施,新竹,新竹市,48,2.5,Low Risk,風險較低,0
新竹高商,新竹市東區,24.79558,120.984561,True,室內設施,新竹,新竹市,48,2.66,Low Risk,風險較低,0
新竹國小,新竹市東區,24.796326,120.966471,True,室內設施,新竹,新竹市,48,1.95,Low Risk,風險較低,0
香山國小,新竹市香山區,24.796942,120.943643,True,室內設施,新竹,新竹市,48,3.05,Low Risk,風險較低,0
頂埔國小,新竹市香山區,24.796972,120.95023,True,室內設施,新竹,新竹市,48,2.56,Low Risk,風險較低,0
建功高中,新竹市東區,24.797422,121.001296,True,室內設施,新竹,新竹市,48,3.87,Low Risk,風險較低,0
光復中學,新竹市東區,24.79763,120.994016,True,室內設施,新竹,新竹市,48,3.22,Low Risk,風險較低,0
玉田活動中心,宜蘭縣礁溪鄉,24.7979,121.7856,True,室內設施,宜蘭,宜蘭市,38,13.34,Low Risk,風險較低,5
關西國中,新竹縣關西鎮,24.7981,121.1729,True,室內設施,新竹,新竹市,48,20.81,Low Risk,風險較低,10
玉田國小,宜蘭縣礁溪鄉,24.7982,121.7832,True,室內設施,宜蘭,宜蘭市,38,13.26,Low Risk,風險較低,5
新竹教育大學附設實驗小學,新竹市北區,24.79934,120.960921,True,室內設施,新竹,新竹市,48,1.74,Low Risk,風險較低,0
東園國小,新竹市東區,24.799643,120.985352,True,室內設施,新竹,新竹市,48,2.39,Low Risk,風險較低,0
建功國小,新竹市東區,24.800239,120.998724,True,室內設施,新竹,新竹市,48,3.49,Low Risk,風險較低,0
坪林國小,新竹縣關西鎮,24.801,121.1402,True,室內設施,新竹,新竹市,48,17.49,Low Risk,風險較低,5
西門國小,新竹市北區,24.802744,120.959338,True,室內設施,新竹,新竹市,48,1.48,Low Risk,風險較低,0
壯圍鄉立幼兒園,宜蘭縣壯圍鄉,24.8028,121.8162,True,室內設施,宜蘭,宜蘭市,38,15.51,Low Risk,風險較低,5
虎林國小,新竹市香山區,24.805193,120.940899,True,室內設施,新竹,新竹市,48,2.85,Low Risk,風險較低,0
虎林國中,新竹市香山區,24.805194,120.941997,True,室內設施,新竹,新竹市,48,2.75,Low Risk,風險較低,0
新竹女中,新竹市東區,24.805546,120.975885,True,室內設施,新竹,新竹市,48,1.25,Low Risk,風險較低,0
東區區公所,新竹市東區,24.805564,120.973293,True,室內設施,新竹,新竹市,48,1.09,Low Risk,風險較低,0
東門國小,新竹市東區,24.80578,120.97267,True,室內設施,新竹,新竹市,48,1.03,Low Risk,風險較低,0
東海國小,新竹縣竹北市,24.8058,121.0498,True,室內設施,新竹,新竹市,48,8.35,Low Risk,風險較低,0
竹光國中,新竹市北區,24.807347,120.955548,True,室內設施,新竹,新竹市,48,1.4,Low Risk,風險較低,0
民富國小,新竹市北區,24.807709,120.959098,True,室內設施,新竹,新竹市,48,1.09,Low Risk,風險較低,0
南和國小,新竹縣關西鎮,24.8087,121.1204,True,室內設施,新竹,新竹市,48,15.44,Low Risk,風險較低,5
新竹高工,新竹市東區,24.809466,120.983471,True,室內設施,新竹,新竹市,48,1.68,Low Risk,風險較低,0
三民活動中心,宜蘭縣礁溪鄉,24.8099,121.7646,True,室內設施,宜蘭,宜蘭市,38,13.72,Low Risk,風險較低,5
磐石中學,新竹市北區,24.810797,120.956991,True,室內設施,新竹,新竹市,48,1.11,Low Risk,風險較低,0
曙光女中,新竹市東區,24.811459,120.972659,True,室內設施,新竹,新竹市,48,0.58,Low Risk,風險較低,0
曙光國小,新竹市東區,24.812434,120.971126,True,室內設施,新竹,新竹市,48,0.4,Low Risk,風險較低,0
三民國中,新竹市東區,24.812643,120.980285,True,室內設施,新竹,新竹市,48,1.3,Low Risk,風險較低,0
水源國小,新竹市東區,24.812834,121.002681,True,室內設施,新竹,新竹市,48,3.55,Low Risk,風險較低,0
三民國小,宜蘭縣礁溪鄉,24.8133,121.7596,True,室內設施,宜蘭,宜蘭市,38,13.93,Low Risk,風險較低,5
三民國小,新竹市東區,24.813321,120.981423,True,室內設施,新竹,新竹市,48,1.41,Low Risk,風險較低,0
六家國小,新竹縣竹北市,24.8137,121.0254,True,室內設施,新竹,新竹市,48,5.84,Low Risk,風險較低,0
石光國小,新竹縣關西鎮,24.8138,121.129,True,室內設施,新竹,新竹市,48,16.3,Low Risk,風險較低,5
港南國小,新竹市香山區,24.813817,120.923258,True,室內設施,新竹,新竹市,48,4.47,Low Risk,風險較低,0
北門國小,新竹市北區,24.814158,120.965902,True,室內設施,新竹,新竹市,48,0.17,Low Risk,風險較低,0
寶石國小,新竹縣新埔鎮,24.8162,121.0791,True,室內設施,新竹,新竹市,48,11.27,Low Risk,風險較低,5
北區區公所,新竹市北區,24.816533,120.970462,True,室內設施,新竹,新竹市,48,0.43,Low Risk,風險較低,0
佛光大學,宜蘭縣礁溪鄉,24.8169,121.7189,True,室內設施,宜蘭,宜蘭市,38,13.79,Low Risk,風險較低,5
礁溪國中,宜蘭縣礁溪鄉,24.8172,121.7677,True,室內設施,宜蘭,宜蘭市,38,14.58,Low Risk,風險較低,5
光華國中,新竹市北區,24.818393,120.973409,True,室內設施,新竹,新竹市,48,0.79,Low Risk,風險較低,0
成功國中,新竹縣竹北市,24.818666,121.017037,True,室內設施,新竹,新竹市,48,5.03,Low Risk,風險較低,0
載熙國小,新竹市北區,24.819403,120.963378,True,室內設施,新竹,新竹市,48,0.75,Low Risk,風險較低,0
六家高中,新竹縣竹北市,24.820934,121.031998,True,室內設施,新竹,新竹市,48,6.56,Low Risk,風險較低,0
礁溪國小,宜蘭縣礁溪鄉,24.8217,121.7685,True,室內設施,宜蘭,宜蘭市,38,15.08,Low Risk,風險較低,5
淡江大學蘭陽校園,宜蘭縣礁溪鄉,24.8222,121.729,True,室內設施,宜蘭,宜蘭市,38,14.4,Low Risk,風險較低,5
舊社國小,新竹市北區,24.822754,120.973497,True,室內設施,新竹,新竹市,48,1.17,Low Risk,風險較低,0
十興國小,新竹縣竹北市,24.824104,121.024088,True,室內設施,新竹,新竹市,48,5.82,Low Risk,風險較低,0
竹安里-竹安國小五育樓,宜蘭縣頭城鎮,24.8252,121.8206,True,室內設施,宜蘭,宜蘭市,38,17.79,Low Risk,風險較低,5
復興社區活動中心,桃園市大溪區,24.825594,121.310479,True,室內設施,桃園,桃園市,72,18.71,Low Risk,風險較低,30
龍源國小操場,桃園市龍潭區,24.82605,121.212164,False,戶外設施,桃園,桃園市,72,20.67,Warning,最近測站 AQI 72 > 50 且為戶外設施,55
太平國小,新竹縣關西鎮,24.8263,121.1194,True,室內設施,新竹,新竹市,48,15.39,Low Risk,風險較低,5
文山國小,新竹縣新埔鎮,24.82632,121.0474,True,室內設施,新竹,新竹市,48,8.18,Low Risk,風險較低,0
高原里集會所,桃園市龍潭區,24.826594,121.192084,True,室內設施,桃園,桃園市,72,21.58,Low Risk,風險較低,35
高平社區活動中心,桃園市龍潭區,24.826772,121.206349,True,室內設施,桃園,桃園市,72,20.86,Low Risk,風險較低,35
新埔國中,新竹縣新埔鎮,24.8279,121.0709,True,室內設施,新竹,新竹市,48,10.55,Low Risk,風險較低,5
新埔鎮公所,新竹縣新埔鎮,24.828171,121.071269,True,室內設施,新竹,新竹市,48,10.59,Low Risk,風險較低,5
新埔國小,新竹縣新埔鎮,24.8286,121.0791,True,室內設施,新竹,新竹市,48,11.38,Low Risk,風險較低,5
德陽宮弘道大樓,宜蘭縣礁溪鄉,24.8287,121.7651,True,室內設施,宜蘭,宜蘭市,38,15.73,Low Risk,風險較低,5
大平里集會所,桃園市龍潭區,24.828866,121.24615,True,室內設施,桃園,桃園市,72,19.13,Low Risk,風險較低,30
大東茶?,新竹縣關西鎮,24.829077,121.165982,True,室內設施,新竹,新竹市,48,20.1,Low Risk,風險較低,10
玉石活動中心,宜蘭縣礁溪鄉,24.8298,121.7768,True,室內設施,宜蘭,宜蘭市,38,16.21,Low Risk,風險較低,5
新星國小,新竹縣新埔鎮,24.83002,121.0735,True,室內設施,新竹,新竹市,48,10.85,Low Risk,風險較低,5
高原國小操場,桃園市龍潭區,24.830482,121.194407,False,戶外設施,桃園,桃園市,72,21.08,Warning,最近測站 AQI 72 > 50 且為戶外設施,55
博愛國小,新竹縣竹北市,24.8311,121.0057,True,室內設施,新竹,新竹市,48,4.31,Low Risk,風險較低,0
新峰社區活動中心,桃園市大溪區,24.831286,121.329588,True,室內設施,桃園,桃園市,72,18.28,Low Risk,風險較低,30
溪洲福山巖,桃園市大溪區,24.831873,121.262147,True,室內設施,桃園,桃園市,72,18.41,Low Risk,風險較低,30
中崙里-中崙社區活動中心,宜蘭縣頭城鎮,24.8348,121.8027,True,室內設施,宜蘭,宜蘭市,38,17.78,Low Risk,風險較低,5
竹仁國小,新竹縣竹北市,24.8363,121.0131,True,室內設施,新竹,新竹市,48,5.24,Low Risk,風險較低,0
三坑國小操場,桃園市龍潭區,24.836645,121.248866,False,戶外設施,桃園,桃園市,72,18.23,Warning,最近測站 AQI 72 > 50 且為戶外設施,50
竹北高中暫代竹北國小,新竹縣竹北市,24.836963,121.00412,True,室內設施,新竹,新竹市,48,4.5,Low Risk,風險較低,0
下埔里-下埔社區活動中心,宜蘭縣頭城鎮,24.837,121.8078,True,室內設施,宜蘭,宜蘭市,38,18.23,Low Risk,風險較低,5
南寮國小,新竹市北區,24.838589,120.939241,True,室內設施,新竹,新竹市,48,3.97,Low Risk,風險較低,0
二城里-二城社區活動中心,宜蘭縣頭城鎮,24.8388,121.7928,True,室內設施,宜蘭,宜蘭市,38,17.74,Low Risk,風險較低,5
枋寮國小,新竹縣新埔鎮,24.839011,121.043286,True,室內設施,新竹,新竹市,48,8.15,Low Risk,風險較低,0
竹北民眾活動中心,新竹縣竹北市,24.8396,121.0036,True,室內設施,新竹,新竹市,48,4.64,Low Risk,風險較低,0
三林社區活動中心,桃園市龍潭區,24.840368,121.229961,True,室內設施,桃園,桃園市,72,18.48,Low Risk,風險較低,30
龍潭高中操場,桃園市龍潭區,24.84158,121.212445,False,戶外設施,桃園,桃園市,72,19.12,Warning,最近測站 AQI 72 > 50 且為戶外設施,50
石門國小禮堂,桃園市龍潭區,24.84158,121.241766,True,室內設施,桃園,桃園市,72,17.93,Low Risk,風險較低,30
石門國小操場,桃園市龍潭區,24.84158,121.241766,False,戶外設施,桃園,桃園市,72,17.93,Warning,最近測站 AQI 72 > 50 且為戶外設施,50
豐田國小,新竹縣竹北市,24.842245,120.964241,True,室內設施,新竹,新竹市,48,3.18,Low Risk,風險較低,0
新社國小,新竹縣竹北市,24.8428,120.9981,True,室內設施,新竹,新竹市,48,4.46,Low Risk,風險較低,0
南華國中,新竹市北區,24.843514,120.92882,True,室內設施,新竹,新竹市,48,5.11,Low Risk,風險較低,0
義民廟,新竹縣新埔鎮,24.84384,121.0363,True,室內設施,新竹,新竹市,48,7.7,Low Risk,風險較低,0
建林里集會所,桃園市龍潭區,24.84417,121.234824,True,室內設施,桃園,桃園市,72,17.91,Low Risk,風險較低,30
照東國小,新竹縣新埔鎮,24.84461,121.1415,True,室內設施,新竹,新竹市,48,17.89,Low Risk,風險較低,5
頂埔里-順天府池府王爺廟,宜蘭縣頭城鎮,24.8461,121.8149,True,室內設施,宜蘭,宜蘭市,38,19.47,Low Risk,風險較低,5
富林里集會所,桃園市龍潭區,24.846848,121.231628,True,室內設施,桃園,桃園市,72,17.75,Low Risk,風險較低,30
金盈里-金盈社區活動中心,宜蘭縣頭城鎮,24.8473,121.7966,True,室內設施,宜蘭,宜蘭市,38,18.76,Low Risk,風險較低,5
桃園縣三和國小,新竹縣關西鎮,24.847681,121.1677,True,室內設施,新竹,新竹市,48,20.55,Low Risk,風險較低,10
三和國小操場,桃園市龍潭區,24.847772,121.167639,False,戶外設施,新竹,新竹市,48,20.55,Low Risk,風險較低,30
照門國小,新竹縣新埔鎮,24.8489,121.1113,True,室內設施,新竹,新竹市,48,15.03,Low Risk,風險較低,5
照門國中,新竹縣新埔鎮,24.84908,121.1133,True,室內設施,新竹,新竹市,48,15.23,Low Risk,風險較低,5
頭寮社區活動中心,桃園市大溪區,24.849845,121.287861,True,室內設施,桃園,桃園市,72,16.04,Low Risk,風險較低,30
上華里集會所,桃園市龍潭區,24.850738,121.217776,True,室內設施,桃園,桃園市,72,17.97,Low Risk,風險較低,30
北平國小,新竹縣新埔鎮,24.8528,121.0858,True,室內設施,新竹,新竹市,48,12.7,Low Risk,風險較低,5
有木國小,新北市三峽區,24.8533,121.4373,True,室內設施,新北,新北市,58,18.41,Low Risk,風險較低,30
新建里-新建社區活動中心,宜蘭縣頭城鎮,24.8539,121.8196,True,室內設施,宜蘭,宜蘭市,38,20.45,Low Risk,風險較低,10
中正里集會所,桃園市龍潭區,24.854358,121.216678,True,室內設施,桃園,桃園市,72,17.66,Low Risk,風險較低,30
金面里-協天廟,宜蘭縣頭城鎮,24.8549,121.7935,True,室內設施,宜蘭,宜蘭市,38,19.42,Low Risk,風險較低,5
上林社區活動中心,桃園市龍潭區,24.855518,121.21206,True,室內設施,桃園,桃園市,72,17.78,Low Risk,風險較低,30
城西里-城隍廟,宜蘭縣頭城鎮,24.8557,121.8219,True,室內設施,宜蘭,宜蘭市,38,20.74,Low Risk,風險較低,10
內柵國小,桃園市大溪區,24.856082,121.282001,True,室內設施,桃園,桃園市,72,15.41,Low Risk,風險較低,30
雙龍國小操場,桃園市龍潭區,24.856647,121.215334,False,戶外設施,桃園,桃園市,72,17.51,Warning,最近測站 AQI 72 > 50 且為戶外設施,50
大坑里-協天宮,宜蘭縣頭城鎮,24.8572,121.8315,True,室內設施,宜蘭,宜蘭市,38,21.37,Low Risk,風險較低,10
三層社區活動中心,桃園市大溪區,24.858533,121.295778,True,室內設施,桃園,桃園市,72,15.03,Low Risk,風險較低,30
凌雲國中禮堂,桃園市龍潭區,24.858616,121.202008,True,室內設施,桃園,桃園市,72,18.03,Low Risk,風險較低,30
城東里-城東社區活動中心,宜蘭縣頭城鎮,24.8591,121.825,True,室內設施,宜蘭,宜蘭市,38,21.23,Low Risk,風險較低,10
城北里-農會,宜蘭縣頭城鎮,24.8592,121.8236,True,室內設施,宜蘭,宜蘭市,38,21.17,Low Risk,風險較低,10
鳳山社區活動中心,新竹縣湖口鄉,24.8602,121.0223,True,室內設施,新竹,新竹市,48,7.56,Low Risk,風險較低,0
三和里集會所,桃園市龍潭區,24.860237,121.19293,True,室內設施,桃園,桃園市,72,18.4,Low Risk,風險較低,30
龍潭高中禮堂,桃園市龍潭區,24.860466,121.212445,True,室內設施,桃園,桃園市,72,17.29,Low Risk,風險較低,30
鳳山村集會所,新竹縣湖口鄉,24.8607,121.0218,True,室內設施,新竹,新竹市,48,7.56,Low Risk,風險較低,0
拔雅里-拔雅社區活動中心,宜蘭縣頭城鎮,24.861,121.8169,True,室內設施,宜蘭,宜蘭市,38,21.02,Low Risk,風險較低,10
福成里-福成社區活動中心,宜蘭縣頭城鎮,24.8618,121.8051,True,室內設施,宜蘭,宜蘭市,38,20.59,Low Risk,風險較低,10
武營里-頭城國小,宜蘭縣頭城鎮,24.863,121.8274,True,室內設施,宜蘭,宜蘭市,38,21.72,Low Risk,風險較低,10
陸軍裝甲第542旅,新竹縣竹北市,24.863184,121.02716,True,室內設施,新竹,新竹市,48,8.15,Low Risk,風險較低,0
五寮市民活動中心,新北市三峽區,24.863449,121.365455,True,室內設施,桃園,桃園市,72,15.86,Low Risk,風險較低,30
烏來國民中小學,新北市烏來區,24.863755,121.553147,True,室內設施,台北,台北市,65,18.86,Low Risk,風險較低,30
鳳岡國中,新竹縣竹北市,24.8639,120.9657,True,室內設施,新竹,新竹市,48,5.57,Low Risk,風險較低,0
龍潭里活動中心,桃園市龍潭區,24.863934,121.212839,True,室內設施,桃園,桃園市,72,16.94,Low Risk,風險較低,30
龍潭國小禮堂,桃園市龍潭區,24.864047,121.214346,True,室內設施,桃園,桃園市,72,16.85,Low Risk,風險較低,30
九龍社區活動中心,桃園市龍潭區,24.864163,121.225512,True,室內設施,桃園,桃園市,72,16.28,Low Risk,風險較低,30
勝利村集會所,新竹縣湖口鄉,24.865579,121.028447,True,室內設施,新竹,新竹市,48,8.42,Low Risk,風險較低,0
運動公園,桃園市龍潭區,24.865755,121.219764,False,戶外設施,桃園,桃園市,72,16.41,Warning,最近測站 AQI 72 > 50 且為戶外設施,50
湖口鄉老人文康活動中心,新竹縣湖口鄉,24.8661,121.026,True,室內設施,新竹,新竹市,48,8.29,Low Risk,風險較低,0
中興社區活動中心,新竹縣湖口鄉,24.8678,121.0277,True,室內設施,新竹,新竹市,48,8.54,Low Risk,風險較低,0
中山社區活動中心,桃園市龍潭區,24.868209,121.214887,True,室內設施,桃園,桃園市,72,16.43,Low Risk,風險較低,30
瑞源社區活動中心,桃園市大溪區,24.868543,121.252624,True,室內設施,桃園,桃園市,72,14.74,Low Risk,風險較低,30
凌雲里集會所,桃園市龍潭區,24.868638,121.207739,True,室內設施,桃園,桃園市,72,16.78,Low Risk,風險較低,30
龍祥里集會所,桃園市龍潭區,24.868638,121.207739,True,室內設施,桃園,桃園市,72,16.78,Low Risk,風險較低,30
龍潭區婦幼館,桃園市龍潭區,24.868638,121.207739,True,室內設施,桃園,桃園市,72,16.78,Low Risk,風險較低,30
龍潭鄉婦幼館前廣場,桃園市龍潭區,24.868638,121.207739,False,戶外設施,桃園,桃園市,72,16.78,Warning,最近測站 AQI 72 > 50 且為戶外設施,50
松林國小,新竹縣新豐鄉,24.869,120.9907,True,室內設施,新竹,新竹市,48,6.57,Low Risk,風險較低,0
武漢國小操場,桃園市龍潭區,24.870371,121.234685,False,戶外設施,桃園,桃園市,72,15.25,Warning,最近測站 AQI 72 > 50 且為戶外設施,50
山崎國小,新竹縣新豐鄉,24.8721,120.9988,True,室內設施,新竹,新竹市,48,7.21,Low Risk,風險較低,0
鳳凰社區活動中心,新竹縣湖口鄉,24.8728,121.0145,True,室內設施,新竹,新竹市,48,8.1,Low Risk,風險較低,0
八德里集會所,桃園市龍潭區,24.873178,121.201718,True,室內設施,桃園,桃園市,72,16.72,Low Risk,風險較低,30
美華社區活動中心,桃園市大溪區,24.874405,121.300457,True,室內設施,桃園,桃園市,72,13.25,Low Risk,風險較低,30
黃唐社區活動中心,桃園市龍潭區,24.875343,121.228034,True,室內設施,桃園,桃園市,72,15.07,Low Risk,風險較低,30
中興里活動中心,桃園市龍潭區,24.875467,121.234709,True,室內設施,桃園,桃園市,72,14.74,Low Risk,風險較低,30
港口里-港口社區活動中心,宜蘭縣頭城鎮,24.8762,121.8403,False,戶外設施,宜蘭,宜蘭市,38,23.64,Low Risk,風險較低,30
湖南村集會所,新竹縣湖口鄉,24.877,121.0495,True,室內設施,新竹,新竹市,48,10.86,Low Risk,風險較低,5
湖鏡村集會所,新竹縣湖口鄉,24.8775,121.0556,True,室內設施,新竹,新竹市,48,11.37,Low Risk,風險較低,5
一德社區活動中心,桃園市大溪區,24.878311,121.287976,True,室內設施,桃園,桃園市,72,12.89,Low Risk,風險較低,30
員山綜合活動中心,新竹縣新豐鄉,24.8792,120.9977,True,室內設施,新竹,新竹市,48,7.88,Low Risk,風險較低,0
武漢國中操場,桃園市龍潭區,24.879482,121.231839,False,戶外設施,桃園,桃園市,72,14.48,Warning,最近測站 AQI 72 > 50 且為戶外設施,50
潛龍國小操場,桃園市龍潭區,24.880771,121.210569,False,戶外設施,桃園,桃園市,72,15.51,Warning,最近測站 AQI 72 > 50 且為戶外設施,50
烏林社區活動中心,桃園市龍潭區,24.881096,121.209566,True,室內設施,桃園,桃園市,72,15.54,Low Risk,風險較低,30
下田心社區活動中心,桃園市大溪區,24.881411,121.29121,True,室內設施,桃園,桃園市,72,12.51,Low Risk,風險較低,30
八德社區活動中心,桃園市龍潭區,24.881998,121.195097,True,室內設施,桃園,桃園市,72,16.37,Low Risk,風險較低,30
三元社區活動中心,桃園市大溪區,24.882515,121.265796,True,室內設施,桃園,桃園市,72,12.85,Low Risk,風險較低,30
德龍國小操場,桃園市龍潭區,24.882832,121.195124,False,戶外設施,桃園,桃園市,72,16.3,Warning,最近測站 AQI 72 > 50 且為戶外設施,50
長安社區活動中心,新竹縣湖口鄉,24.8829,121.0996,True,室內設施,新竹,新竹市,48,15.39,Low Risk,風險較低,5
外澳里-外澳社區活動中心,宜蘭縣頭城鎮,24.8833,121.8458,True,室內設施,宜蘭,宜蘭市,38,24.61,Low Risk,風險較低,10
信賢活動中心,新北市烏來區,24.883684,121.548453,True,室內設施,台北,台北市,65,16.69,Low Risk,風險較低,30
綜合活動中心,新北市烏來區,24.883684,121.548453,True,室內設施,台北,台北市,65,16.69,Low Risk,風險較低,30
忠治活動中心,新北市烏來區,24.883684,121.548453,True,室內設施,台北,台北市,65,16.69,Low Risk,風險較低,30
福山活動中心,新北市烏來區,24.883684,121.548453,True,室內設施,台北,台北市,65,16.69,Low Risk,風險較低,30
烏來活動中心,新北市烏來區,24.883684,121.548453,True,室內設施,台北,台北市,65,16.69,Low Risk,風險較低,30
福山國小,新北市烏來區,24.883684,121.548453,True,室內設施,台北,台北市,65,16.69,Low Risk,風險較低,30
大溪國小,桃園市大溪區,24.884168,121.286797,True,室內設施,桃園,桃園市,72,12.25,Low Risk,風險較低,30
波羅村集會所,新竹縣湖口鄉,24.884806,121.027932,True,室內設施,新竹,新竹市,48,9.98,Low Risk,風險較低,0
興福社區活動中心,桃園市大溪區,24.88515,121.285874,True,室內設施,桃園,桃園市,72,12.16,Low Risk,風險較低,30
愛勢村集會所,新竹縣湖口鄉,24.886026,121.060153,True,室內設施,新竹,新竹市,48,12.32,Low Risk,風險較低,5
湖口村集會所,新竹縣湖口鄉,24.886026,121.060153,True,室內設施,新竹,新竹市,48,12.32,Low Risk,風險較低,5
月眉社區活動中心,桃園市大溪區,24.889615,121.287715,True,室內設施,桃園,桃園市,72,11.64,Low Risk,風險較低,30
新豐鄉中正堂,新竹縣新豐鄉,24.8898,120.9876,True,室內設施,新竹,新竹市,48,8.69,Low Risk,風險較低,0
上坑社區活動中心,新竹縣新豐鄉,24.8909,120.9741,True,室內設施,新竹,新竹市,48,8.6,Low Risk,風險較低,0
山子頂公園,桃園市平鎮區,24.8931,121.2044,False,戶外設施,桃園,桃園市,72,14.82,Warning,最近測站 AQI 72 > 50 且為戶外設施,50
祥安國小,桃園市平鎮區,24.894,121.2032,True,室內設施,桃園,桃園市,72,14.83,Low Risk,風險較低,30
中正村集會所,新竹縣湖口鄉,24.894449,121.047063,True,室內設施,新竹,新竹市,48,12.04,Low Risk,風險較低,5
信義村集會所,新竹縣湖口鄉,24.895453,121.040252,True,室內設施,新竹,新竹市,48,11.68,Low Risk,風險較低,5
大東社區活動中心,桃園市楊梅區,24.895827,121.129569,True,室內設施,新竹,新竹市,48,18.72,Low Risk,風險較低,5
山豐國小,桃園市平鎮區,24.8964,121.2131,True,室內設施,桃園,桃園市,72,13.98,Low Risk,風險較低,30
平鎮區幼兒園紹豐分班,桃園市平鎮區,24.8967,121.2094,True,室內設施,桃園,桃園市,72,14.19,Low Risk,風險較低,30
湧光里里民集會所,桃園市平鎮區,24.8967,121.2094,True,室內設施,桃園,桃園市,72,14.19,Low Risk,風險較低,30
永揚社區活動中心,桃園市楊梅區,24.897372,121.15188,True,室內設施,桃園,桃園市,72,18.45,Low Risk,風險較低,30
仁和社區活動中心,桃園市大溪區,24.897578,121.273886,True,室內設施,桃園,桃園市,72,11.02,Low Risk,風險較低,30
新豐鄉老人會館新豐鄉老人文康活動中心,新竹縣新豐鄉,24.8992,120.985,True,室內設施,新竹,新竹市,48,9.66,Low Risk,風險較低,0
山峰社區活動中心,桃園市平鎮區,24.8994,121.2126,True,室內設施,桃園,桃園市,72,13.75,Low Risk,風險較低,30
中崙社區活動中心,新竹縣新豐鄉,24.9002,120.9978,True,室內設施,新竹,新竹市,48,10.08,Low Risk,風險較低,5
湖口陸軍裝甲第542旅,新竹縣新豐鄉,24.9007,120.9888,True,室內設施,新竹,新竹市,48,9.9,Low Risk,風險較低,0
新豐鄉公所,新竹縣新豐鄉,24.9011,120.9851,True,室內設施,新竹,新竹市,48,9.87,Low Risk,風險較低,0
新豐國小,新竹縣新豐鄉,24.9011,120.9877,True,室內設施,新竹,新竹市,48,9.92,Low Risk,風險較低,0
中興停車場,新竹縣湖口鄉,24.9016,121.0493,True,室內設施,新竹,新竹市,48,12.78,Low Risk,風險較低,5
大勇 大義活動中心,桃園市八德區,24.9018,121.2864,True,室內設施,桃園,桃園市,72,10.31,Low Risk,風險較低,30
仁愛社區活動中心,桃園市大溪區,24.901989,121.275658,True,室內設施,桃園,桃園市,72,10.5,Low Risk,風險較低,30
龜山國小,新北市新店區,24.9022,121.5532,True,室內設施,台北,台北市,65,14.6,Low Risk,風險較低,30
更新里-更新漁民活動中心,宜蘭縣頭城鎮,24.9022,121.8634,True,室內設施,基隆,基隆市,45,27.3,Low Risk,風險較低,10
廣興里辦公處,新北市新店區,24.902531,121.533799,True,室內設施,新北,新北市,58,14.65,Low Risk,風險較低,30
龜山市民活動中心,新北市新店區,24.9031,121.552,True,室內設施,台北,台北市,65,14.51,Low Risk,風險較低,30
楊梅國中綜合活動中心,桃園市楊梅區,24.903472,121.150291,True,室內設施,桃園,桃園市,72,18.2,Low Risk,風險較低,30
莊敬公園,桃園市平鎮區,24.904,121.2148,False,戶外設施,桃園,桃園市,72,13.22,Warning,最近測站 AQI 72 > 50 且為戶外設施,50
莊敬里里民集會所,桃園市平鎮區,24.9044,121.2147,True,室內設施,桃園,桃園市,72,13.19,Low Risk,風險較低,30
南興社區活動中心,桃園市大溪區,24.90441,121.26517,True,室內設施,桃園,桃園市,72,10.55,Low Risk,風險較低,30
石里倉庫,新北市坪林區,24.904686,121.745228,True,室內設施,台北,台北市,65,23.07,Low Risk,風險較低,35
崎頂社區活動中心,桃園市大溪區,24.904809,121.28385,True,室內設施,桃園,桃園市,72,10.02,Low Risk,風險較低,30
鎮興里里民集會所,桃園市平鎮區,24.9057,121.1943,True,室內設施,桃園,桃園市,72,14.53,Low Risk,風險較低,30
大埔國小,新北市三峽區,24.9057,121.3665,True,室內設施,桃園,桃園市,72,11.8,Low Risk,風險較低,30
明德高中,新北市三峽區,24.9069,121.3639,True,室內設施,桃園,桃園市,72,11.54,Low Risk,風險較低,30
楊梅區公所大禮堂,桃園市楊梅區,24.907477,121.14586,True,室內設施,桃園,桃園市,72,18.34,Low Risk,風險較低,30
德盛村集會所,新竹縣湖口鄉,24.9088,121.0445,True,室內設施,新竹,新竹市,48,13.11,Low Risk,風險較低,5
竹崙市民活動中心,新北市三峽區,24.9088,121.4349,True,室內設施,新北,新北市,58,12.38,Low Risk,風險較低,30
青埔社區活動中心,新竹縣新豐鄉,24.9098,120.9764,True,室內設施,新竹,新竹市,48,10.71,Low Risk,風險較低,5
新豐社區活動中心,新竹縣新豐鄉,24.9099,120.9765,True,室內設施,新竹,新竹市,48,10.72,Low Risk,風險較低,5
天津環保公園,桃園市平鎮區,24.91,121.2072,False,戶外設施,桃園,桃園市,72,13.26,Warning,最近測站 AQI 72 > 50 且為戶外設施,50
漢口環保公園,桃園市平鎮區,24.9101,121.205,False,戶外設施,桃園,桃園市,72,13.41,Warning,最近測站 AQI 72 > 50 且為戶外設施,50
臺北榮家,新北市三峽區,24.9102,121.3937,True,室內設施,桃園,桃園市,72,13.17,Low Risk,風險較低,30
長青文康中心,桃園市平鎮區,24.9103,121.2041,True,室內設施,桃園,桃園市,72,13.46,Low Risk,風險較低,30
平鎮區幼兒園東勢分班,桃園市平鎮區,24.9104,121.2313,True,室內設施,桃園,桃園市,72,11.62,Low Risk,風險較低,30
東勢社區活動中心,桃園市平鎮區,24.9105,121.2315,True,室內設施,桃園,桃園市,72,11.6,Low Risk,風險較低,30
楊明公園,桃園市楊梅區,24.910681,121.158918,False,戶外設施,桃園,桃園市,72,17.04,Warning,最近測站 AQI 72 > 50 且為戶外設施,50
康橋高級中學,新北市新店區,24.9109,121.4978,True,室內設施,新北,新北市,58,12.35,Low Risk,風險較低,30
大合社區活動中心,桃園市楊梅區,24.910932,121.149137,True,室內設施,桃園,桃園市,72,17.86,Low Risk,風險較低,30
三湖社區活動中心,桃園市楊梅區,24.911967,121.108509,True,室內設施,新竹,新竹市,48,17.93,Low Risk,風險較低,5
民義國小,新北市三峽區,24.912,121.3755,True,室內設施,桃園,桃園市,72,11.78,Low Risk,風險較低,30
上湖社區活動中心,桃園市楊梅區,24.912185,121.082425,True,室內設施,新竹,新竹市,48,15.94,Low Risk,風險較低,5
長沙公園,桃園市平鎮區,24.9122,121.2042,False,戶外設施,桃園,桃園市,72,13.31,Warning,最近測站 AQI 72 > 50 且為戶外設施,50
民俗文化公園,桃園市平鎮區,24.9122,121.2067,False,戶外設施,桃園,桃園市,72,13.13,Warning,最近測站 AQI 72 > 50 且為戶外設施,50
屈尺國小廣興分校,新北市新店區,24.9125,121.5396,True,室內設施,台北,台北市,65,13.65,Low Risk,風險較低,30
埔心公園,桃園市楊梅區,24.913118,121.186092,False,戶外設施,桃園,桃園市,72,14.64,Warning,最近測站 AQI 72 > 50 且為戶外設施,50
瑞塘社區活動中心,桃園市楊梅區,24.913774,121.179329,True,室內設施,桃園,桃園市,72,15.14,Low Risk,風險較低,30
仁善社區活動中心,桃園市大溪區,24.914076,121.281644,True,室內設施,桃園,桃園市,72,9.06,Low Risk,風險較低,25
金龍社區活動中心,桃園市楊梅區,24.914501,121.186274,True,室內設施,桃園,桃園市,72,14.53,Low Risk,風險較低,30
平鎮區幼兒園南勢分班,桃園市平鎮區,24.9149,121.2081,True,室內設施,桃園,桃園市,72,12.82,Low Risk,風險較低,30
東興村集會所,新竹縣湖口鄉,24.9159,121.0502,True,室內設施,新竹,新竹市,48,14.09,Low Risk,風險較低,5
東安國中,桃園市平鎮區,24.9166,121.2498,True,室內設施,桃園,桃園市,72,10.0,Low Risk,風險較低,25
和興村集會所,新竹縣湖口鄉,24.917,121.046,True,室內設施,新竹,新竹市,48,13.94,Low Risk,風險較低,5
水美社區活動中心,桃園市楊梅區,24.918994,121.137079,True,室內設施,桃園,桃園市,72,18.49,Low Risk,風險較低,30
瑞興社區活動中心,桃園市大溪區,24.919559,121.3032,True,室內設施,桃園,桃園市,72,8.24,Low Risk,風險較低,25
屈尺國小,新北市新店區,24.9225,121.5463,True,室內設施,台北,台北市,65,12.44,Low Risk,風險較低,30
僑愛社區活動中心,桃園市大溪區,24.922855,121.293733,True,室內設施,桃園,桃園市,72,7.9,Low Risk,風險較低,25
屈尺市民活動中心,新北市新店區,24.923518,121.544999,True,室內設施,台北,台北市,65,12.35,Low Risk,風險較低,30
東社社區活動中心,桃園市平鎮區,24.9241,121.2437,True,室內設施,桃園,桃園市,72,9.65,Low Risk,風險較低,25
大成國小,新北市三峽區,24.9243,121.4275,True,室內設施,新北,新北市,58,10.93,Low Risk,風險較低,30
龍岡公園,桃園市中壢區,24.925946,121.244033,False,戶外設施,桃園,桃園市,72,9.46,Warning,最近測站 AQI 72 > 50 且為戶外設施,45
中壢區龍岡里集會所,桃園市中壢區,24.926071,121.243388,True,室內設施,桃園,桃園市,72,9.49,Low Risk,風險較低,25
龍岡公園新,桃園市中壢區,24.926099,121.244013,False,戶外設施,桃園,桃園市,72,9.45,Warning,最近測站 AQI 72 > 50 且為戶外設施,45
建安國小,新北市三峽區,24.9264,121.4471,True,室內設施,新北,新北市,58,10.23,Low Risk,風險較低,30
安溪國中,新北市三峽區,24.9266,121.3728,True,室內設施,桃園,桃園市,72,10.39,Low Risk,風險較低,30
豐德公園,桃園市八德區,24.9267,121.2876,False,戶外設施,桃園,桃園市,72,7.56,Warning,最近測站 AQI 72 > 50 且為戶外設施,45
貿七公園,桃園市平鎮區,24.9269,121.2516,False,戶外設施,桃園,桃園市,72,8.93,Warning,最近測站 AQI 72 > 50 且為戶外設施,45
龍友里集會所,桃園市八德區,24.9271,121.2582,True,室內設施,桃園,桃園市,72,8.56,Low Risk,風險較低,25
中園國小,新北市三峽區,24.9278,121.3672,True,室內設施,桃園,桃園市,72,9.9,Low Risk,風險較低,25
青埔社區老人會館,新竹縣新豐鄉,24.928,121.0133,True,室內設施,新竹,新竹市,48,13.51,Low Risk,風險較低,5
獅子林社區活動中心,桃園市平鎮區,24.9281,121.2256,True,室內設施,桃園,桃園市,72,10.53,Low Risk,風險較低,30
中興社區活動中心,桃園市大溪區,24.928766,121.317064,True,室內設施,桃園,桃園市,72,7.39,Low Risk,風險較低,25
瑞原社區活動中心,桃園市楊梅區,24.929769,121.112014,True,室內設施,新竹,新竹市,48,19.46,Low Risk,風險較低,5
介壽國小,新北市三峽區,24.9298,121.3785,True,室內設施,桃園,桃園市,72,10.55,Low Risk,風險較低,30
瑞祥里集會所,桃園市八德區,24.9303,121.2988,True,室內設施,桃園,桃園市,72,7.04,Low Risk,風險較低,25
安溪國小,新北市三峽區,24.9304,121.3729,True,室內設施,桃園,桃園市,72,10.1,Low Risk,風險較低,30
青少年活動中心,桃園市八德區,24.9308,121.2945,True,室內設施,桃園,桃園市,72,7.01,Low Risk,風險較低,25
陽光活力園區,桃園市八德區,24.9308,121.2945,True,室內設施,桃園,桃園市,72,7.01,Low Risk,風險較低,25
興豐公園三,桃園市八德區,24.9311,121.2893,False,戶外設施,桃園,桃園市,72,7.05,Warning,最近測站 AQI 72 > 50 且為戶外設施,45
大明活動中心,桃園市八德區,24.9316,121.2838,True,室內設施,桃園,桃園市,72,7.11,Low Risk,風險較低,25
竹霄活動中心,桃園市八德區,24.9316,121.2838,True,室內設施,桃園,桃園市,72,7.11,Low Risk,風險較低,25
龍安公園,桃園市中壢區,24.931644,121.257829,False,戶外設施,桃園,桃園市,72,8.15,Warning,最近測站 AQI 72 > 50 且為戶外設施,45
振興公園,桃園市中壢區,24.931646,121.231332,False,戶外設施,桃園,桃園市,72,9.84,Warning,最近測站 AQI 72 > 50 且為戶外設施,45
副食品公園,桃園市中壢區,24.931675,121.257805,False,戶外設施,桃園,桃園市,72,8.15,Warning,最近測站 AQI 72 > 50 且為戶外設施,45
富岡社區活動中心,桃園市楊梅區,24.93201,121.075161,True,室內設施,新竹,新竹市,48,17.05,Low Risk,風險較低,5
興豐公園一,桃園市八德區,24.9321,121.2885,False,戶外設施,桃園,桃園市,72,6.95,Warning,最近測站 AQI 72 > 50 且為戶外設施,45
建德公園,桃園市八德區,24.9327,121.2733,False,戶外設施,桃園,桃園市,72,7.32,Warning,最近測站 AQI 72 > 50 且為戶外設施,45
龍岡萬坪公園,桃園市中壢區,24.93283,121.251014,False,戶外設施,桃園,桃園市,72,8.43,Warning,最近測站 AQI 72 > 50 且為戶外設施,45
高山社區活動中心,桃園市楊梅區,24.932923,121.156662,True,室內設施,桃園,桃園市,72,16.04,Low Risk,風險較低,30
成福國小,新北市三峽區,24.9332,121.4057,True,室內設施,新北,新北市,58,10.96,Low Risk,風險較低,30
藝文廣場,桃園市八德區,24.9334,121.2999,False,戶外設施,桃園,桃園市,72,6.69,Warning,最近測站 AQI 72 > 50 且為戶外設施,45
里昂社區公園,桃園市八德區,24.9339,121.2703,False,戶外設施,桃園,桃園市,72,7.32,Warning,最近測站 AQI 72 > 50 且為戶外設施,45
龍岡森林公園,桃園市中壢區,24.933902,121.235785,False,戶外設施,桃園,桃園市,72,9.34,Warning,最近測站 AQI 72 > 50 且為戶外設施,45
三峽國小,新北市三峽區,24.9345,121.3697,True,室內設施,桃園,桃園市,72,9.55,Low Risk,風險較低,25
長青市民活動中心,新北市三峽區,24.93479,121.367,True,室內設施,桃園,桃園市,72,9.33,Low Risk,風險較低,25
楓樹腳休閒公園,桃園市八德區,24.9348,121.2967,False,戶外設施,桃園,桃園市,72,6.55,Warning,最近測站 AQI 72 > 50 且為戶外設施,45
南亞公園,桃園市中壢區,24.934965,121.25218,False,戶外設施,桃園,桃園市,72,8.17,Warning,最近測站 AQI 72 > 50 且為戶外設施,45
溪濱公園,桃園市八德區,24.9353,121.2825,False,戶外設施,桃園,桃園市,72,6.75,Warning,最近測站 AQI 72 > 50 且為戶外設施,45
瑞泰社區公園,桃園市八德區,24.9356,121.2982,False,戶外設施,桃園,桃園市,72,6.46,Warning,最近測站 AQI 72 > 50 且為戶外設施,45
新勢公園,桃園市平鎮區,24.9357,121.2005,False,戶外設施,桃園,桃園市,72,12.0,Warning,最近測站 AQI 72 > 50 且為戶外設施,50
龍和公園,桃園市中壢區,24.93578,121.249574,False,戶外設施,桃園,桃園市,72,8.26,Warning,最近測站 AQI 72 > 50 且為戶外設施,45
北勢國小,桃園市平鎮區,24.9358,121.2238,True,室內設施,桃園,桃園市,72,10.09,Low Risk,風險較低,30
合興里-合興社區活動中心,宜蘭縣頭城鎮,24.9359,121.8859,True,室內設施,基隆,基隆市,45,24.95,Low Risk,風險較低,10
瑞安公園,桃園市八德區,24.9361,121.2967,False,戶外設施,桃園,桃園市,72,6.41,Warning,最近測站 AQI 72 > 50 且為戶外設施,45
新北市坪林區公所,新北市坪林區,24.93614,121.711784,True,室內設施,台北,台北市,65,18.27,Low Risk,風險較低,30
新北市坪林區坪林國民小學,新北市坪林區,24.936238,121.71088,True,室內設施,台北,台北市,65,18.19,Low Risk,風險較低,30
豐野社區活動中心,桃園市楊梅區,24.936444,121.084322,True,室內設施,新竹,新竹市,48,18.02,Low Risk,風險較低,5
上田社區活動中心,桃園市楊梅區,24.937104,121.125912,True,室內設施,桃園,桃園市,72,18.73,Low Risk,風險較低,30
北興社區活動中心,桃園市平鎮區,24.9375,121.2248,True,室內設施,桃園,桃園市,72,9.9,Low Risk,風險較低,25
中壢區台貿社區活動中心,桃園市中壢區,24.937684,121.255788,True,室內設施,桃園,桃園市,72,7.71,Low Risk,風險較低,25
高榮社區活動中心,桃園市楊梅區,24.937725,121.16583,True,室內設施,桃園,桃園市,72,14.98,Low Risk,風險較低,30
龍德公園,桃園市中壢區,24.937741,121.237951,False,戶外設施,桃園,桃園市,72,8.89,Warning,最近測站 AQI 72 > 50 且為戶外設施,45
直潭國小,新北市新店區,24.9378,121.5313,True,室內設施,台北,台北市,65,11.13,Low Risk,風險較低,30
新北市立坪林國民中學,新北市坪林區,24.938007,121.712825,True,室內設施,台北,台北市,65,18.23,Low Risk,風險較低,30
員本社區活動中心,桃園市楊梅區,24.938356,121.106168,True,室內設施,新竹,新竹市,48,19.69,Low Risk,風險較低,5
興豐公園二,桃園市八德區,24.9386,121.3083,False,戶外設施,桃園,桃園市,72,6.16,Warning,最近測站 AQI 72 > 50 且為戶外設施,45
三峽國中,新北市三峽區,24.9391,121.3693,True,室內設施,桃園,桃園市,72,9.17,Low Risk,風險較低,25
鶯歌高職,新北市鶯歌區,24.9393,121.335,True,室內設施,桃園,桃園市,72,6.94,Low Risk,風險較低,25
伯公岡公園,桃園市楊梅區,24.939416,121.084716,False,戶外設施,新竹,新竹市,48,18.3,Low Risk,風險較低,25
中壢區龍興社區活動中心,桃園市中壢區,24.939461,121.23325,True,室內設施,桃園,桃園市,72,9.1,Low Risk,風險較低,25
黎明公園,桃園市中壢區,24.939842,121.256073,False,戶外設施,桃園,桃園市,72,7.5,Warning,最近測站 AQI 72 > 50 且為戶外設施,45
平鎮高中,桃園市平鎮區,24.9399,121.2189,True,室內設施,桃園,桃園市,72,10.21,Low Risk,風險較低,30
廣仁里里民集會所,桃園市平鎮區,24.94,121.2059,True,室內設施,桃園,桃園市,72,11.29,Low Risk,風險較低,30
新富公園,桃園市平鎮區,24.94,121.2165,False,戶外設施,桃園,桃園市,72,10.4,Warning,最近測站 AQI 72 > 50 且為戶外設施,50
廣仁公園,桃園市平鎮區,24.9402,121.2064,False,戶外設施,桃園,桃園市,72,11.23,Warning,最近測站 AQI 72 > 50 且為戶外設施,50
仁福公園,桃園市中壢區,24.940545,121.253749,False,戶外設施,桃園,桃園市,72,7.58,Warning,最近測站 AQI 72 > 50 且為戶外設施,45
大溪里-大溪社區活動中心,宜蘭縣頭城鎮,24.9406,121.8932,True,室內設施,基隆,基隆市,45,24.89,Low Risk,風險較低,10
龍埔國小,新北市三峽區,24.940679,121.377883,True,室內設施,桃園,桃園市,72,9.73,Low Risk,風險較低,25
二橋國小,新北市鶯歌區,24.9409,121.3376,True,室內設施,桃園,桃園市,72,6.92,Low Risk,風險較低,25
兒四十公園,桃園市中壢區,24.941319,121.230266,False,戶外設施,桃園,桃園市,72,9.2,Warning,最近測站 AQI 72 > 50 且為戶外設施,45
宋屋國小,桃園市平鎮區,24.9419,121.2062,True,室內設施,桃園,桃園市,72,11.15,Low Risk,風險較低,30
後寮公園,桃園市中壢區,24.942039,121.247381,False,戶外設施,桃園,桃園市,72,7.88,Warning,最近測站 AQI 72 > 50 且為戶外設施,45
瑞泰里集會所,桃園市八德區,24.9422,121.2983,True,室內設施,桃園,桃園市,72,5.72,Low Risk,風險較低,25
八德埤塘生態公園,桃園市八德區,24.9423,121.3112,False,戶外設施,桃園,桃園市,72,5.8,Warning,最近測站 AQI 72 > 50 且為戶外設施,45
583綠地,桃園市八德區,24.9426,121.2999,False,戶外設施,桃園,桃園市,72,5.67,Warning,最近測站 AQI 72 > 50 且為戶外設施,45
龜山里-龜山社區活動中心,宜蘭縣頭城鎮,24.9426,121.9002,True,室內設施,基隆,基隆市,45,25.09,Low Risk,風險較低,10
大信里集會所,桃園市八德區,24.9431,121.3008,True,室內設施,桃園,桃園市,72,5.62,Low Risk,風險較低,25
大竹里集會所,桃園市八德區,24.9431,121.3152,True,室內設施,桃園,桃園市,72,5.79,Low Risk,風險較低,25
中壢區新振社區活動中心,桃園市中壢區,24.943244,121.229589,True,室內設施,桃園,桃園市,72,9.12,Low Risk,風險較低,25
新北市立尖山國民中學,新北市鶯歌區,24.9437,121.3422,True,室內設施,桃園,桃園市,72,6.93,Low Risk,風險較低,25
北勢社區活動中心,桃園市平鎮區,24.9438,121.2196,True,室內設施,桃園,桃園市,72,9.9,Low Risk,風險較低,25
平鎮區幼兒園本園,桃園市平鎮區,24.9438,121.2196,True,室內設施,桃園,桃園市,72,9.9,Low Risk,風險較低,25
中壢區後寮里集會所,桃園市中壢區,24.944478,121.245972,True,室內設施,桃園,桃園市,72,7.78,Low Risk,風險較低,25
瑞泰鄰里公園,桃園市八德區,24.9446,121.2959,False,戶外設施,桃園,桃園市,72,5.47,Warning,最近測站 AQI 72 > 50 且為戶外設施,45
新興公園,桃園市中壢區,24.945306,121.225507,False,戶外設施,桃園,桃園市,72,9.31,Warning,最近測站 AQI 72 > 50 且為戶外設施,45
桃園市南區老人文康活動中心,桃園市中壢區,24.945355,121.225934,True,室內設施,桃園,桃園市,72,9.28,Low Risk,風險較低,25
平興暨宋屋里里民集會所,桃園市平鎮區,24.9454,121.2042,True,室內設施,桃園,桃園市,72,11.13,Low Risk,風險較低,30
建國公園,桃園市八德區,24.9454,121.2887,False,戶外設施,桃園,桃園市,72,5.5,Warning,最近測站 AQI 72 > 50 且為戶外設施,45
仁德公園,桃園市八德區,24.9454,121.2887,False,戶外設施,桃園,桃園市,72,5.5,Warning,最近測站 AQI 72 > 50 且為戶外設施,45
福興活動中心,桃園市八德區,24.9456,121.2837,True,室內設施,桃園,桃園市,72,5.62,Low Risk,風險較低,25
大竹埤塘公園,桃園市八德區,24.9456,121.3163,False,戶外設施,桃園,桃園市,72,5.56,Warning,最近測站 AQI 72 > 50 且為戶外設施,45
平鎮國中,桃園市平鎮區,24.9457,121.216,True,室內設施,桃園,桃園市,72,10.09,Low Risk,風險較低,30
福興社區公園,桃園市八德區,24.9457,121.2832,False,戶外設施,桃園,桃園市,72,5.62,Warning,最近測站 AQI 72 > 50 且為戶外設施,45
宋屋公園,桃園市平鎮區,24.9464,121.2051,False,戶外設施,桃園,桃園市,72,11.0,Warning,最近測站 AQI 72 > 50 且為戶外設施,50
華勛公園,桃園市中壢區,24.94666,121.261776,False,戶外設施,桃園,桃園市,72,6.55,Warning,最近測站 AQI 72 > 50 且為戶外設施,45
廣興活動中心,桃園市八德區,24.9468,121.2836,True,室內設施,桃園,桃園市,72,5.49,Low Risk,風險較低,25
客家文化廣場,桃園市八德區,24.9471,121.3023,False,戶外設施,桃園,桃園市,72,5.17,Warning,最近測站 AQI 72 > 50 且為戶外設施,45
義民公園,桃園市平鎮區,24.9474,121.207,False,戶外設施,桃園,桃園市,72,10.78,Warning,最近測站 AQI 72 > 50 且為戶外設施,50
大興活動中心,桃園市八德區,24.9474,121.2993,True,室內設施,桃園,桃園市,72,5.14,Low Risk,風險較低,25
大昌鄰里公園,桃園市八德區,24.9475,121.2969,False,戶外設施,桃園,桃園市,72,5.14,Warning,最近測站 AQI 72 > 50 且為戶外設施,45
中壢區仁祥、華勛里集會所,桃園市中壢區,24.948055,121.261425,True,室內設施,桃園,桃園市,72,6.45,Low Risk,風險較低,25
平鎮區幼兒園義民分班,桃園市平鎮區,24.9485,121.2037,True,室內設施,桃園,桃園市,72,11.02,Low Risk,風險較低,30
普慶公園,桃園市中壢區,24.948548,121.246511,False,戶外設施,桃園,桃園市,72,7.43,Warning,最近測站 AQI 72 > 50 且為戶外設施,45
北大高中,新北市三峽區,24.948608,121.376106,True,室內設施,桃園,桃園市,72,9.07,Low Risk,風險較低,25
仁祥公園,桃園市中壢區,24.948742,121.260686,False,戶外設施,桃園,桃園市,72,6.43,Warning,最近測站 AQI 72 > 50 且為戶外設施,45
桃子腳國民中小學,新北市樹林區,24.94923,121.382973,True,室內設施,桃園,桃園市,72,9.62,Low Risk,風險較低,25
平興國中,桃園市平鎮區,24.9497,121.2063,True,室內設施,桃園,桃園市,72,10.72,Low Risk,風險較低,30
義興里里民集會所,桃園市平鎮區,24.9497,121.2092,True,室內設施,桃園,桃園市,72,10.46,Low Risk,風險較低,30
南靖里活動中心,新北市鶯歌區,24.950284,121.352776,True,室內設施,桃園,桃園市,72,7.1,Low Risk,風險較低,25
中壢區東興社區活動中心,桃園市中壢區,24.950351,121.225243,True,室內設施,桃園,桃園市,72,9.02,Low Risk,風險較低,25
義興公園,桃園市平鎮區,24.9504,121.2096,False,戶外設施,桃園,桃園市,72,10.39,Warning,最近測站 AQI 72 > 50 且為戶外設施,50
鶯歌國中,新北市鶯歌區,24.9504,121.3448,True,室內設施,桃園,桃園市,72,6.52,Low Risk,風險較低,25
新勢國小,桃園市平鎮區,24.9505,121.2168,True,室內設施,桃園,桃園市,72,9.75,Low Risk,風險較低,25
瑞聯社區公園,桃園市八德區,24.9508,121.3198,False,戶外設施,桃園,桃園市,72,5.12,Warning,最近測站 AQI 72 > 50 且為戶外設施,45
莒光環保公園,桃園市中壢區,24.951014,121.235903,False,戶外設施,桃園,桃園市,72,8.09,Warning,最近測站 AQI 72 > 50 且為戶外設施,45
新昇倉庫,新北市坪林區,24.951077,121.725304,True,室內設施,台北,台北市,65,18.51,Low Risk,風險較低,30
鶯歌國小,新北市鶯歌區,24.9512,121.3458,True,室內設施,桃園,桃園市,72,6.53,Low Risk,風險較低,25
雙峰國小,新北市新店區,24.9515,121.5755,True,室內設施,台北,台北市,65,9.12,Low Risk,風險較低,25
復興親子公園,桃園市平鎮區,24.952,121.2105,False,戶外設施,桃園,桃園市,72,10.23,Warning,最近測站 AQI 72 > 50 且為戶外設施,50
景文科技大學,新北市新店區,24.952,121.5093,True,室內設施,新北,新北市,58,8.66,Low Risk,風險較低,25
雙城國小,新北市新店區,24.9521,121.4865,True,室內設施,新北,新北市,58,7.64,Low Risk,風險較低,25
華愛公園,桃園市中壢區,24.952552,121.259728,False,戶外設施,桃園,桃園市,72,6.18,Warning,最近測站 AQI 72 > 50 且為戶外設施,45
祖田市民活動中心,新北市土城區,24.952776,121.411937,True,室內設施,新北,新北市,58,8.8,Low Risk,風險較低,25
德和公園,桃園市中壢區,24.952781,121.262532,False,戶外設施,桃園,桃園市,72,5.97,Warning,最近測站 AQI 72 > 50 且為戶外設施,45
新榮國小,桃園市平鎮區,24.9528,121.2184,True,室內設施,桃園,桃園市,72,9.48,Low Risk,風險較低,25
新店國小,新北市新店區,24.9529,121.5402,True,室內設施,台北,台北市,65,9.26,Low Risk,風險較低,25
文化國小,桃園市平鎮區,24.9531,121.2033,True,室內設施,桃園,桃園市,72,10.83,Low Risk,風險較低,30
麗盛公園,桃園市八德區,24.9531,121.2956,False,戶外設施,桃園,桃園市,72,4.54,Warning,最近測站 AQI 72 > 50 且為戶外設施,45
青潭國小,新北市新店區,24.9531,121.5523,True,室內設施,台北,台北市,65,8.98,Low Risk,風險較低,25
文昌休閒公園,桃園市八德區,24.9533,121.2947,False,戶外設施,桃園,桃園市,72,4.53,Warning,最近測站 AQI 72 > 50 且為戶外設施,45
雲海國小,新北市石碇區,24.9533,121.637,True,室內設施,台北,台北市,65,11.43,Low Risk,風險較低,30
仁德公園,桃園市中壢區,24.95342,121.266276,False,戶外設施,桃園,桃園市,72,5.68,Warning,最近測站 AQI 72 > 50 且為戶外設施,45
中壢區仁美社區活動中心,桃園市中壢區,24.953425,121.256945,True,室內設施,桃園,桃園市,72,6.3,Low Risk,風險較低,25
達觀國民中小學,新北市新店區,24.95362,121.49998,True,室內設施,新北,新北市,58,8.03,Low Risk,風險較低,25
雙城活動中心,新北市新店區,24.9538,121.4937,True,室內設施,新北,新北市,58,7.73,Low Risk,風險較低,25
舊社公園,桃園市中壢區,24.953848,121.215935,False,戶外設施,桃園,桃園市,72,9.65,Warning,最近測站 AQI 72 > 50 且為戶外設施,45
中壢區舊明里集會所,桃園市中壢區,24.953916,121.216238,True,室內設施,桃園,桃園市,72,9.62,Low Risk,風險較低,25
復旦暨復興里里民集會所,桃園市平鎮區,24.9544,121.2051,True,室內設施,桃園,桃園市,72,10.6,Low Risk,風險較低,30
和盛公園,桃園市八德區,24.9545,121.2964,False,戶外設施,桃園,桃園市,72,4.37,Warning,最近測站 AQI 72 > 50 且為戶外設施,45
復旦國小,桃園市平鎮區,24.9547,121.2078,True,室內設施,桃園,桃園市,72,10.34,Low Risk,風險較低,30
柑園國中,新北市樹林區,24.95474,121.384115,True,室內設施,桃園,桃園市,72,9.43,Low Risk,風險較低,25
同和公園,桃園市八德區,24.9548,121.2951,False,戶外設施,桃園,桃園市,72,4.36,Warning,最近測站 AQI 72 > 50 且為戶外設施,45
建國國小,新北市鶯歌區,24.955,121.3461,True,室內設施,桃園,桃園市,72,6.25,Low Risk,風險較低,25
大安里集會所,桃園市八德區,24.9551,121.216,True,室內設施,桃園,桃園市,72,9.58,Low Risk,風險較低,25
高雄市立立德國民中學,高雄市左營區,24.955186,121.241045,True,室內設施,桃園,桃園市,72,7.4,Low Risk,風險較低,25
高連社區活動中心,桃園市平鎮區,24.9552,121.1895,True,室內設施,桃園,桃園市,72,12.02,Low Risk,風險較低,30
樹梅嶺倉庫,新北市坪林區,24.955382,121.696956,True,室內設施,台北,台北市,65,15.82,Low Risk,風險較低,30
昌福國小,新北市鶯歌區,24.9556,121.3392,True,室內設施,桃園,桃園市,72,5.72,Low Risk,風險較低,25
平鎮區婦幼活動中心,桃園市平鎮區,24.9558,121.2084,True,室內設施,桃園,桃園市,72,10.24,Low Risk,風險較低,30
北鶯里活動中心,新北市鶯歌區,24.955861,121.354434,True,室內設施,桃園,桃園市,72,6.83,Low Risk,風險較低,25
大和公園,桃園市八德區,24.9559,121.297,False,戶外設施,桃園,桃園市,72,4.21,Warning,最近測站 AQI 72 > 50 且為戶外設施,45
頂埔國小,新北市土城區,24.95623,121.414403,True,室內設施,新北,新北市,58,8.34,Low Risk,風險較低,25
柑園國小,新北市樹林區,24.956328,121.389362,True,室內設施,桃園,桃園市,72,9.82,Low Risk,風險較低,25
廣達公園,桃園市平鎮區,24.9564,121.2076,False,戶外設施,桃園,桃園市,72,10.28,Warning,最近測站 AQI 72 > 50 且為戶外設施,50
中央公園,桃園市中壢區,24.956471,121.226786,False,戶外設施,桃園,桃園市,72,8.54,Warning,最近測站 AQI 72 > 50 且為戶外設施,45
公七公園,桃園市中壢區,24.956529,121.226641,False,戶外設施,桃園,桃園市,72,8.55,Warning,最近測站 AQI 72 > 50 且為戶外設施,45
大忠里集會所,桃園市八德區,24.9567,121.2962,True,室內設施,桃園,桃園市,72,4.13,Low Risk,風險較低,25
大慶 大華里集會所,桃園市八德區,24.9567,121.2962,True,室內設施,桃園,桃園市,72,4.13,Low Risk,風險較低,25
大成活動中心,桃園市八德區,24.9567,121.2962,True,室內設施,桃園,桃園市,72,4.13,Low Risk,風險較低,25
文山國中,新北市新店區,24.9567,121.5392,True,室內設施,台北,台北市,65,8.89,Low Risk,風險較低,25
能仁家商,新北市新店區,24.9569,121.5404,True,室內設施,台北,台北市,65,8.83,Low Risk,風險較低,25
西鶯里活動中心,新北市鶯歌區,24.9572,121.3536,True,室內設施,桃園,桃園市,72,6.67,Low Risk,風險較低,25
福僑公園大成社區公園,桃園市八德區,24.9573,121.295,False,戶外設施,桃園,桃園市,72,4.08,Warning,最近測站 AQI 72 > 50 且為戶外設施,45
瑞發公園,桃園市八德區,24.9576,121.2988,False,戶外設施,桃園,桃園市,72,4.01,Warning,最近測站 AQI 72 > 50 且為戶外設施,45
大安活動中心,桃園市八德區,24.9576,121.3042,True,室內設施,桃園,桃園市,72,4.02,Low Risk,風險較低,25
文中廣明活動中心,新北市新店區,24.9577,121.5399,True,室內設施,台北,台北市,65,8.76,Low Risk,風險較低,25
篤行公園,桃園市中壢區,24.958407,121.263193,False,戶外設施,桃園,桃園市,72,5.46,Warning,最近測站 AQI 72 > 50 且為戶外設施,45
同福公園,桃園市八德區,24.9587,121.3077,False,戶外設施,桃園,桃園市,72,3.94,Warning,最近測站 AQI 72 > 50 且為戶外設施,45
永吉國小,新北市鶯歌區,24.9588,121.3329,True,室內設施,桃園,桃園市,72,5.03,Low Risk,風險較低,25
頂埔市民活動中心,新北市土城區,24.958966,121.417311,True,室內設施,新北,新北市,58,7.93,Low Risk,風險較低,25
新街溪公園,桃園市中壢區,24.959085,121.230141,False,戶外設施,桃園,桃園市,72,8.11,Warning,最近測站 AQI 72 > 50 且為戶外設施,45
五權兒童公園,桃園市中壢區,24.959108,121.20439,False,戶外設施,桃園,桃園市,72,10.47,Warning,最近測站 AQI 72 > 50 且為戶外設施,50
中壢區婦幼館,桃園市中壢區,24.959254,121.204444,True,室內設施,桃園,桃園市,72,10.45,Low Risk,風險較低,30
中正公園,桃園市中壢區,24.959449,121.22659,False,戶外設施,桃園,桃園市,72,8.41,Warning,最近測站 AQI 72 > 50 且為戶外設施,45
新北市坪林區坪林國小漁光校區,新北市坪林區,24.959584,121.746242,True,室內設施,基隆,基隆市,45,18.91,Low Risk,風險較低,5
過嶺里兒一公園,桃園市中壢區,24.95967,121.173807,False,戶外設施,桃園,桃園市,72,13.36,Warning,最近測站 AQI 72 > 50 且為戶外設施,50
中壢區社福館,桃園市中壢區,24.959848,121.228005,True,室內設施,桃園,桃園市,72,8.26,Low Risk,風險較低,25
中壢區過嶺社區活動中心,桃園市中壢區,24.959978,121.176781,True,室內設施,桃園,桃園市,72,13.07,Low Risk,風險較低,30
普忠公園,桃園市中壢區,24.960062,121.243726,False,戶外設施,桃園,桃園市,72,6.87,Warning,最近測站 AQI 72 > 50 且為戶外設施,45
中壢區聯合長壽俱樂部〈松鶴會館〉,桃園市中壢區,24.960342,121.227251,True,室內設施,桃園,桃園市,72,8.3,Low Risk,風險較低,25
中壢區德義、仁義、忠義、普義里集會所,桃園市中壢區,24.960534,121.237458,True,室內設施,桃園,桃園市,72,7.39,Low Risk,風險較低,25
大湳公園,桃園市八德區,24.9607,121.2951,False,戶外設施,桃園,桃園市,72,3.71,Warning,最近測站 AQI 72 > 50 且為戶外設施,45
頂城市民活動中心,新北市新店區,24.960733,121.532147,True,室內設施,台北,台北市,65,8.71,Low Risk,風險較低,25
八德市綜合大樓三樓,桃園市八德區,24.9608,121.295,True,室內設施,桃園,桃園市,72,3.7,Low Risk,風險較低,25
永寧市民活動中心,新北市土城區,24.961098,121.42864,True,室內設施,新北,新北市,58,7.12,Low Risk,風險較低,25
白馬公園,桃園市中壢區,24.961274,121.21328,False,戶外設施,桃園,桃園市,72,9.54,Warning,最近測站 AQI 72 > 50 且為戶外設施,45
安坑國小,新北市新店區,24.9613,121.5142,True,室內設施,新北,新北市,58,8.12,Low Risk,風險較低,25
中壢區中正、中山里集會所,桃園市中壢區,24.96168,121.261501,True,室內設施,桃園,桃園市,72,5.33,Low Risk,風險較低,25
中路休閒公園,桃園市八德區,24.9619,121.2897,False,戶外設施,桃園,桃園市,72,3.7,Warning,最近測站 AQI 72 > 50 且為戶外設施,45
坤慶公園,桃園市中壢區,24.961985,121.229855,False,戶外設施,桃園,桃園市,72,7.99,Warning,最近測站 AQI 72 > 50 且為戶外設施,45
中壢區光明、新明、永光里集會所,桃園市中壢區,24.962185,121.216903,True,室內設施,桃園,桃園市,72,9.17,Low Risk,風險較低,25
夢幻公園,桃園市中壢區,24.962219,121.261867,False,戶外設施,桃園,桃園市,72,5.27,Warning,最近測站 AQI 72 > 50 且為戶外設施,45
土城國中,新北市土城區,24.962522,121.430192,True,室內設施,新北,新北市,58,6.91,Low Risk,風險較低,25
公十五公園,桃園市八德區,24.963,121.2984,False,戶外設施,桃園,桃園市,72,3.41,Warning,最近測站 AQI 72 > 50 且為戶外設施,45
公二公園,桃園市八德區,24.963,121.2984,False,戶外設施,桃園,桃園市,72,3.41,Warning,最近測站 AQI 72 > 50 且為戶外設施,45
地標公園,桃園市中壢區,24.963076,121.229788,False,戶外設施,桃園,桃園市,72,7.94,Warning,最近測站 AQI 72 > 50 且為戶外設施,45
平鎮區幼兒園平鎮分班,桃園市平鎮區,24.9633,121.2759,True,室內設施,桃園,桃園市,72,4.21,Low Risk,風險較低,25
大智里集會所,桃園市八德區,24.9634,121.2968,True,室內設施,桃園,桃園市,72,3.38,Low Risk,風險較低,25
六和兒童公園,桃園市中壢區,24.963452,121.225114,False,戶外設施,桃園,桃園市,72,8.35,Warning,最近測站 AQI 72 > 50 且為戶外設施,45
光明公園,桃園市中壢區,24.963517,121.216424,False,戶外設施,桃園,桃園市,72,9.16,Warning,最近測站 AQI 72 > 50 且為戶外設施,45
沛陂市民活動中心,新北市土城區,24.963872,121.419474,True,室內設施,新北,新北市,58,7.36,Low Risk,風險較低,25
大里里-大里社區活動中心,宜蘭縣頭城鎮,24.9639,121.92,True,室內設施,基隆,基隆市,45,24.44,Low Risk,風險較低,10
廣豐兒一公園,桃園市八德區,24.9641,121.2996,False,戶外設施,桃園,桃園市,72,3.28,Warning,最近測站 AQI 72 > 50 且為戶外設施,45
茄苳埤塘公園,桃園市八德區,24.9643,121.2759,False,戶外設施,桃園,桃園市,72,4.12,Warning,最近測站 AQI 72 > 50 且為戶外設施,45
茄白活動中心,桃園市八德區,24.9649,121.2786,True,室內設施,桃園,桃園市,72,3.91,Low Risk,風險較低,25
桃園市中壢區公所,桃園市中壢區,24.965503,121.224923,True,室內設施,桃園,桃園市,72,8.28,Low Risk,風險較低,25
高明公園,桃園市八德區,24.9656,121.3047,False,戶外設施,桃園,桃園市,72,3.14,Warning,最近測站 AQI 72 > 50 且為戶外設施,45
大勇兒童公園,桃園市八德區,24.9656,121.3047,False,戶外設施,桃園,桃園市,72,3.14,Warning,最近測站 AQI 72 > 50 且為戶外設施,45
君臨休閒廣場,桃園市八德區,24.9656,121.3047,False,戶外設施,桃園,桃園市,72,3.14,Warning,最近測站 AQI 72 > 50 且為戶外設施,45
大千公園,桃園市八德區,24.9657,121.3036,False,戶外設施,桃園,桃園市,72,3.11,Warning,最近測站 AQI 72 > 50 且為戶外設施,45
忠勇公園,桃園市八德區,24.9657,121.3036,False,戶外設施,桃園,桃園市,72,3.11,Warning,最近測站 AQI 72 > 50 且為戶外設施,45
及人高中,新北市新店區,24.9663,121.5149,True,室內設施,新北,新北市,58,7.75,Low Risk,風險較低,25
五峰國中,新北市新店區,24.9664,121.544,True,室內設施,台北,台北市,65,7.71,Low Risk,風險較低,25
廣豐綠一公園,桃園市八德區,24.9665,121.2967,False,戶外設施,桃園,桃園市,72,3.04,Warning,最近測站 AQI 72 > 50 且為戶外設施,45
廣豐公一公園,桃園市八德區,24.9665,121.2967,False,戶外設施,桃園,桃園市,72,3.04,Warning,最近測站 AQI 72 > 50 且為戶外設施,45
鳳鳴國中,新北市鶯歌區,24.9671,121.3318,True,室內設施,桃園,桃園市,72,4.28,Low Risk,風險較低,25
大明公園二,桃園市八德區,24.9673,121.3264,False,戶外設施,桃園,桃園市,72,3.89,Warning,最近測站 AQI 72 > 50 且為戶外設施,45
中壢區自強、自治里集會所,桃園市中壢區,24.967453,121.259528,True,室內設施,桃園,桃園市,72,5.09,Low Risk,風險較低,25
永福環保公園,桃園市中壢區,24.967528,121.236409,False,戶外設施,桃園,桃園市,72,7.13,Warning,最近測站 AQI 72 > 50 且為戶外設施,45
自強公園,桃園市中壢區,24.967876,121.259385,False,戶外設施,桃園,桃園市,72,5.08,Warning,最近測站 AQI 72 > 50 且為戶外設施,45
中鑄公園,桃園市中壢區,24.968046,121.249815,False,戶外設施,桃園,桃園市,72,5.89,Warning,最近測站 AQI 72 > 50 且為戶外設施,45
廣豐生態綠地公園,桃園市八德區,24.9681,121.3014,False,戶外設施,桃園,桃園市,72,2.84,Warning,最近測站 AQI 72 > 50 且為戶外設施,45
文化公園,桃園市平鎮區,24.9684,121.2484,False,戶外設施,桃園,桃園市,72,6.0,Warning,最近測站 AQI 72 > 50 且為戶外設施,45
大明公園一,桃園市八德區,24.9687,121.3273,False,戶外設施,桃園,桃園市,72,3.83,Warning,最近測站 AQI 72 > 50 且為戶外設施,45
安康高中,新北市新店區,24.9688,121.5149,True,室內設施,新北,新北市,58,7.55,Low Risk,風險較低,25
圳邊公園,桃園市八德區,24.9691,121.2977,False,戶外設施,桃園,桃園市,72,2.74,Warning,最近測站 AQI 72 > 50 且為戶外設施,45
鳳鳴國小,新北市鶯歌區,24.9691,121.3351,True,室內設施,桃園,桃園市,72,4.39,Low Risk,風險較低,25
大仁里集會所,桃園市八德區,24.9696,121.3264,True,室內設施,桃園,桃園市,72,3.7,Low Risk,風險較低,25
大仁休閒公園,桃園市八德區,24.9704,121.3237,False,戶外設施,桃園,桃園市,72,3.45,Warning,最近測站 AQI 72 > 50 且為戶外設施,45
中壢區水尾社區活動中心,桃園市中壢區,24.970735,121.224783,True,室內設施,桃園,桃園市,72,8.09,Low Risk,風險較低,25
育德國小,新北市樹林區,24.971116,121.392558,True,室內設施,新北,新北市,58,8.72,Low Risk,風險較低,25
大正休閒廣場,桃園市八德區,24.9714,121.2979,False,戶外設施,桃園,桃園市,72,2.49,Warning,最近測站 AQI 72 > 50 且為戶外設施,45
高明里集會所,桃園市八德區,24.9716,121.2759,True,室內設施,桃園,桃園市,72,3.52,Low Risk,風險較低,25
中正國小,新北市新店區,24.9717,121.5366,True,室內設施,台北,台北市,65,7.41,Low Risk,風險較低,25
崇光女中,新北市新店區,24.9718,121.5391,True,室內設施,台北,台北市,65,7.3,Low Risk,風險較低,25
土城國小,新北市土城區,24.972383,121.441935,True,室內設施,新北,新北市,58,5.41,Low Risk,風險較低,25
土城區公所,新北市土城區,24.972533,121.442873,True,室內設施,新北,新北市,58,5.36,Low Risk,風險較低,25
泰平里活動中心,新北市雙溪區,24.9727,121.827,True,室內設施,基隆,基隆市,45,18.66,Low Risk,風險較低,5
山佳市民活動中心,新北市樹林區,24.972721,121.39436,True,室內設施,新北,新北市,58,8.47,Low Risk,風險較低,25
中壢區永福、忠福、幸福里集會所,桃園市中壢區,24.972729,121.233494,True,室內設施,桃園,桃園市,72,7.19,Low Risk,風險較低,25
中湖里活動中心,新北市鶯歌區,24.973,121.3481,True,室內設施,桃園,桃園市,72,5.27,Low Risk,風險較低,25
中湖國小,新北市鶯歌區,24.973,121.3481,True,室內設施,桃園,桃園市,72,5.27,Low Risk,風險較低,25
復興公園,桃園市中壢區,24.973494,121.248762,False,戶外設施,桃園,桃園市,72,5.72,Warning,最近測站 AQI 72 > 50 且為戶外設施,45
思源公園,桃園市八德區,24.9735,121.2989,False,戶外設施,桃園,桃園市,72,2.25,Warning,最近測站 AQI 72 > 50 且為戶外設施,45
北新國小　,新北市新店區,24.9737,121.5439,True,室內設施,台北,台北市,65,6.94,Low Risk,風險較低,25
鴻撫宮,桃園市桃園區,24.9738,121.2645,True,室內設施,桃園,桃園市,72,4.29,Low Risk,風險較低,25
清化市民活動中心,新北市土城區,24.973802,121.458661,True,室內設施,新北,新北市,58,4.85,Low Risk,風險較低,25
清和市民活動中心,新北市土城區,24.973802,121.458661,True,室內設施,新北,新北市,58,4.85,Low Risk,風險較低,25
中園路環保公園,桃園市中壢區,24.97388,121.235833,False,戶外設施,桃園,桃園市,72,6.92,Warning,最近測站 AQI 72 > 50 且為戶外設施,45
樂山市民活動中心,新北市樹林區,24.973944,121.389871,True,室內設施,新北,新北市,58,8.76,Low Risk,風險較低,25
元生公園,桃園市中壢區,24.974152,121.253145,False,戶外設施,桃園,桃園市,72,5.29,Warning,最近測站 AQI 72 > 50 且為戶外設施,45
松柏會老人文康活動中心,桃園市新屋區,24.974502,121.026312,True,室內設施,新竹,新竹市,48,18.83,Low Risk,風險較低,5
中山社區活動中心,桃園市桃園區,24.975,121.2892,True,室內設施,桃園,桃園市,72,2.39,Low Risk,風險較低,25
新店高中,新北市新店區,24.9756,121.5318,True,室內設施,台北,台北市,65,7.23,Low Risk,風險較低,25
常樂公園,桃園市中壢區,24.975768,121.250826,False,戶外設施,桃園,桃園市,72,5.43,Warning,最近測站 AQI 72 > 50 且為戶外設施,45
山佳國小,新北市樹林區,24.975774,121.401678,True,室內設施,新北,新北市,58,7.67,Low Risk,風險較低,25
福豐國中,桃園市桃園區,24.976,121.3139,True,室內設施,桃園,桃園市,72,2.35,Low Risk,風險較低,25
耕莘健康管理專科學校,新北市新店區,24.9761,121.5355,True,室內設施,台北,台北市,65,7.01,Low Risk,風險較低,25
忠孝公園,桃園市中壢區,24.976276,121.254187,False,戶外設施,桃園,桃園市,72,5.1,Warning,最近測站 AQI 72 > 50 且為戶外設施,45
指南國小,臺北市文山區,24.9764,121.5836,True,室內設施,台北,台北市,65,6.56,Low Risk,風險較低,25
中壢區中原、忠孝、和平里原住民集會所,桃園市中壢區,24.976697,121.209151,True,室內設施,桃園,桃園市,72,9.45,Low Risk,風險較低,25
大豐社福館,新北市新店區,24.9769,121.5376,True,室內設施,台北,台北市,65,6.84,Low Risk,風險較低,25
中壢區復興、復華里集會所,桃園市中壢區,24.977376,121.249838,True,室內設施,桃園,桃園市,72,5.46,Low Risk,風險較低,25
建國國中,桃園市桃園區,24.9774,121.3077,True,室內設施,桃園,桃園市,72,1.92,Low Risk,風險較低,25
大豐國小,新北市新店區,24.9776,121.5382,True,室內設施,台北,台北市,65,6.74,Low Risk,風險較低,25
成功公園,桃園市中壢區,24.977663,121.257876,False,戶外設施,桃園,桃園市,72,4.69,Warning,最近測站 AQI 72 > 50 且為戶外設施,45
大林社區活動中心,桃園市桃園區,24.9778,121.3202,True,室內設施,桃園,桃園市,72,2.61,Low Risk,風險較低,25
甲蟲兒童公園（文化兒2）,桃園市中壢區,24.977813,121.252899,False,戶外設施,桃園,桃園市,72,5.16,Warning,最近測站 AQI 72 > 50 且為戶外設施,45
中壢區內壢、成功、福德里集會所,桃園市中壢區,24.97792,121.258069,True,室內設施,桃園,桃園市,72,4.67,Low Risk,風險較低,25
員林市民活動中心,新北市土城區,24.978282,121.442984,True,室內設施,新北,新北市,58,4.76,Low Risk,風險較低,25
霖園兒童公園,桃園市八德區,24.9784,121.3022,False,戶外設施,桃園,桃園市,72,1.69,Warning,最近測站 AQI 72 > 50 且為戶外設施,45
高城公園,桃園市八德區,24.979,121.2754,False,戶外設施,桃園,桃園市,72,3.05,Warning,最近測站 AQI 72 > 50 且為戶外設施,45
陽明社區活動中心,桃園市桃園區,24.9794,121.3072,True,室內設施,桃園,桃園市,72,1.7,Low Risk,風險較低,25
中壢區文化里集會所,桃園市中壢區,24.979431,121.250258,True,室內設施,桃園,桃園市,72,5.35,Low Risk,風險較低,25
竹林中學,新北市中和區,24.9799,121.506,True,室內設施,新北,新北市,58,6.04,Low Risk,風險較低,25
石城里-石城社區活動中心,宜蘭縣頭城鎮,24.9799,121.9498,True,室內設施,基隆,基隆市,45,25.31,Low Risk,風險較低,10
開明工商,新北市新店區,24.98,121.5462,True,室內設施,台北,台北市,65,6.2,Low Risk,風險較低,25
華梵大學于藝館3樓,新北市石碇區,24.98,121.6921,True,室內設施,台北,台北市,65,14.06,Low Risk,風險較低,30
文化公園,桃園市中壢區,24.980065,121.249202,False,戶外設施,桃園,桃園市,72,5.43,Warning,最近測站 AQI 72 > 50 且為戶外設施,45
青山市民活動中心,新北市土城區,24.98031,121.464447,True,室內設施,新北,新北市,58,4.12,Low Risk,風險較低,25
永富市民活動中心,新北市土城區,24.98031,121.464447,True,室內設施,新北,新北市,58,4.12,Low Risk,風險較低,25
景美女中,臺北市文山區,24.9807,121.5562,True,室內設施,台北,台北市,65,5.89,Low Risk,風險較低,25
延平公園,桃園市桃園區,24.9808,121.3186,False,戶外設施,桃園,桃園市,72,2.27,Warning,最近測站 AQI 72 > 50 且為戶外設施,45
廷寮市民活動中心,新北市土城區,24.980803,121.467199,True,室內設施,新北,新北市,58,4.09,Low Risk,風險較低,25
南強工商,新北市新店區,24.9809,121.5448,True,室內設施,台北,台北市,65,6.15,Low Risk,風險較低,25
力行國小,臺北市文山區,24.9809,121.561,True,室內設施,台北,台北市,65,5.81,Low Risk,風險較低,25
三角公園,桃園市中壢區,24.980978,121.249318,False,戶外設施,桃園,桃園市,72,5.39,Warning,最近測站 AQI 72 > 50 且為戶外設施,45
陽明公園,桃園市桃園區,24.9811,121.3073,False,戶外設施,桃園,桃園市,72,1.53,Warning,最近測站 AQI 72 > 50 且為戶外設施,45
大同國小,新北市樹林區,24.981493,121.417421,True,室內設施,新北,新北市,58,6.04,Low Risk,風險較低,25
東陽市民活動中心,新北市樹林區,24.981593,121.410902,True,室內設施,新北,新北市,58,6.54,Low Risk,風險較低,25
彭福國小,新北市樹林區,24.981755,121.42394,True,室內設施,新北,新北市,58,5.54,Low Risk,風險較低,25
清水高中,新北市土城區,24.982013,121.465311,True,室內設施,新北,新北市,58,3.93,Low Risk,風險較低,25
福林、豐林、福安、大豐里聯合集會所（陽明公園管理中心）,桃園市桃園區,24.9821,121.3081,False,戶外設施,桃園,桃園市,72,1.47,Warning,最近測站 AQI 72 > 50 且為戶外設施,45
華夏科技大學,新北市中和區,24.9822,121.5076,True,室內設施,新北,新北市,58,5.99,Low Risk,風險較低,25
"青雲,柑林市民活動中心",新北市土城區,24.98237,121.458501,True,室內設施,新北,新北市,58,3.9,Low Risk,風險較低,25
裕德高中,新北市土城區,24.982977,121.439585,True,室內設施,新北,新北市,58,4.46,Low Risk,風險較低,25
新北高工,新北市土城區,24.983308,121.45038,True,室內設施,新北,新北市,58,3.97,Low Risk,風險較低,25
建國國小,桃園市桃園區,24.9834,121.3144,True,室內設施,桃園,桃園市,72,1.76,Low Risk,風險較低,25
實踐國中,臺北市文山區,24.9834,121.5547,True,室內設施,台北,台北市,65,5.62,Low Risk,風險較低,25
中正國中,新北市土城區,24.983456,121.456842,True,室內設施,新北,新北市,58,3.81,Low Risk,風險較低,25
樹林高級中學,新北市樹林區,24.983502,121.422804,True,室內設施,新北,新北市,58,5.49,Low Risk,風險較低,25
實踐國小,臺北市文山區,24.9836,121.5575,True,室內設施,台北,台北市,65,5.55,Low Risk,風險較低,25
東昇市民活動中心,新北市樹林區,24.984222,121.415159,True,室內設施,新北,新北市,58,6.02,Low Risk,風險較低,25
清水國小,新北市土城區,24.984402,121.461508,True,室內設施,新北,新北市,58,3.66,Low Risk,風險較低,25
吉林公園,桃園市中壢區,24.984425,121.250192,False,戶外設施,桃園,桃園市,72,5.22,Warning,最近測站 AQI 72 > 50 且為戶外設施,45
新和國小,新北市新店區,24.9846,121.5182,True,室內設施,新北,新北市,58,6.69,Low Risk,風險較低,25
北政國中,臺北市文山區,24.9849,121.5783,True,室內設施,台北,台北市,65,5.5,Low Risk,風險較低,25
中山公園,桃園市中壢區,24.985413,121.251276,False,戶外設施,桃園,桃園市,72,5.09,Warning,最近測站 AQI 72 > 50 且為戶外設施,45
樂利國小,新北市土城區,24.985602,121.447559,True,室內設施,新北,新北市,58,3.83,Low Risk,風險較低,25
莊敬工家,新北市新店區,24.9858,121.5322,True,室內設施,台北,台北市,65,6.22,Low Risk,風險較低,25
西園路環保公園,桃園市中壢區,24.985901,121.236845,False,戶外設施,桃園,桃園市,72,6.52,Warning,最近測站 AQI 72 > 50 且為戶外設施,45
廣興市民活動中心,新北市土城區,24.985909,121.457766,True,室內設施,新北,新北市,58,3.52,Low Risk,風險較低,25
廣福市民活動中心,新北市土城區,24.985909,121.457766,True,室內設施,新北,新北市,58,3.52,Low Risk,風險較低,25
育林國小,新北市樹林區,24.986051,121.415677,True,室內設施,新北,新北市,58,5.86,Low Risk,風險較低,25
育林國中,新北市樹林區,24.986051,121.415677,True,室內設施,新北,新北市,58,5.86,Low Risk,風險較低,25
中和國中,新北市中和區,24.9862,121.5085,True,室內設施,新北,新北市,58,5.78,Low Risk,風險較低,25
中山國小,桃園市桃園區,24.9864,121.2902,True,室內設施,桃園,桃園市,72,1.35,Low Risk,風險較低,25
中山、中平、中原、中泰、中聖五里聯合集會所,桃園市桃園區,24.9867,121.2928,True,室內設施,桃園,桃園市,72,1.13,Low Risk,風險較低,25
興南國小,新北市中和區,24.9867,121.5091,True,室內設施,新北,新北市,58,5.8,Low Risk,風險較低,25
廣福國小,新北市土城區,24.986953,121.454896,True,室內設施,新北,新北市,58,3.46,Low Risk,風險較低,25
建國、雲林里聯合集會所建國公園管理中心,桃園市桃園區,24.987,121.3155,False,戶外設施,桃園,桃園市,72,1.64,Warning,最近測站 AQI 72 > 50 且為戶外設施,45
市二簡易公園,桃園市桃園區,24.9871,121.2931,False,戶外設施,桃園,桃園市,72,1.08,Warning,最近測站 AQI 72 > 50 且為戶外設施,45
溪洲國小,新北市板橋區,24.9873,121.4309,True,室內設施,新北,新北市,58,4.61,Low Risk,風險較低,25
明道國小,臺北市文山區,24.9874,121.5626,True,室內設施,台北,台北市,65,5.08,Low Risk,風險較低,25
木柵國中,臺北市文山區,24.9875,121.5677,True,室內設施,台北,台北市,65,5.06,Low Risk,風險較低,25
兔坑社區活動中心,桃園市龜山區,24.987578,121.35073,True,室內設施,桃園,桃園市,72,5.06,Low Risk,風險較低,25
永建國小,臺北市文山區,24.9876,121.55,True,室內設施,台北,台北市,65,5.28,Low Risk,風險較低,25
幸福社區活動中心,桃園市龜山區,24.988014,121.33609,True,室內設施,桃園,桃園市,72,3.59,Low Risk,風險較低,25
龍岡公園,桃園市桃園區,24.9882,121.2782,False,戶外設施,桃園,桃園市,72,2.38,Warning,最近測站 AQI 72 > 50 且為戶外設施,45
南門國小,桃園市桃園區,24.9886,121.3044,True,室內設施,桃園,桃園市,72,0.65,Low Risk,風險較低,25
山福集會所,桃園市龜山區,24.988719,121.331807,True,室內設施,桃園,桃園市,72,3.15,Low Risk,風險較低,25
建國公園,桃園市桃園區,24.9888,121.3173,False,戶外設施,桃園,桃園市,72,1.73,Warning,最近測站 AQI 72 > 50 且為戶外設施,45
安和國小,新北市土城區,24.988807,121.464774,True,室內設施,新北,新北市,58,3.18,Low Risk,風險較低,25
龍祥公園,桃園市桃園區,24.9889,121.3111,False,戶外設施,桃園,桃園市,72,1.14,Warning,最近測站 AQI 72 > 50 且為戶外設施,45
汴洲社區活動中心,桃園市桃園區,24.9889,121.3111,True,室內設施,桃園,桃園市,72,1.14,Low Risk,風險較低,25
溫州公園,桃園市桃園區,24.9889,121.3111,False,戶外設施,桃園,桃園市,72,1.14,Warning,最近測站 AQI 72 > 50 且為戶外設施,45
景新國小,新北市中和區,24.9893,121.515,True,室內設施,新北,新北市,58,6.14,Low Risk,風險較低,25
龍岡社區活動中心,桃園市桃園區,24.9895,121.2805,True,室內設施,桃園,桃園市,72,2.12,Low Risk,風險較低,25
景美國小,臺北市文山區,24.9895,121.5408,True,室內設施,台北,台北市,65,5.44,Low Risk,風險較低,25
復興國小,新北市中和區,24.9896,121.5019,True,室內設施,新北,新北市,58,5.03,Low Risk,風險較低,25
行政中心大禮堂,臺北市文山區,24.9896,121.5701,True,室內設施,台北,台北市,65,4.85,Low Risk,風險較低,25
沙崙國小,新北市板橋區,24.9897,121.4305,True,室內設施,新北,新北市,58,4.45,Low Risk,風險較低,25
復興大樓圖書館,新北市中和區,24.9897,121.5065,True,室內設施,新北,新北市,58,5.39,Low Risk,風險較低,25
大同社區活動中心,桃園市龜山區,24.989757,121.343269,True,室內設施,桃園,桃園市,72,4.28,Low Risk,風險較低,25
中壢區內厝活動中心,桃園市中壢區,24.989775,121.179172,True,室內設施,桃園,桃園市,72,12.29,Low Risk,風險較低,30
山德社區活動中心,桃園市龜山區,24.989945,121.328351,True,室內設施,桃園,桃園市,72,2.79,Low Risk,風險較低,25
樹林區公所,新北市樹林區,24.989981,121.424633,True,室內設施,新北,新北市,58,4.88,Low Risk,風險較低,25
樹林國小,新北市樹林區,24.99003,121.418101,True,室內設施,新北,新北市,58,5.4,Low Risk,風險較低,25
錦和國小,新北市中和區,24.9901,121.4893,True,室內設施,新北,新北市,58,4.05,Low Risk,風險較低,25
木柵國小,臺北市文山區,24.9903,121.5702,True,室內設施,台北,台北市,65,4.77,Low Risk,風險較低,25
石碇國小,新北市石碇區,24.9903,121.659,True,室內設施,台北,台北市,65,10.56,Low Risk,風險較低,30
萬興國小,臺北市文山區,24.9904,121.5766,True,室內設施,台北,台北市,65,4.87,Low Risk,風險較低,25
信義國小,新北市板橋區,24.9917,121.4528,True,室內設施,新北,新北市,58,3.01,Low Risk,風險較低,25
國強公園,桃園市桃園區,24.992,121.2827,False,戶外設施,桃園,桃園市,72,1.85,Warning,最近測站 AQI 72 > 50 且為戶外設施,45
桃園國小,桃園市桃園區,24.9923,121.3102,True,室內設施,桃園,桃園市,72,0.94,Low Risk,風險較低,25
錦和中學,新北市中和區,24.9925,121.4911,True,室內設施,新北,新北市,58,3.99,Low Risk,風險較低,25
龜山區公所本所（三樓禮堂）,桃園市龜山區,24.992506,121.337823,False,戶外設施,桃園,桃園市,72,3.71,Warning,最近測站 AQI 72 > 50 且為戶外設施,45
民族公園,桃園市桃園區,24.9926,121.3086,False,戶外設施,桃園,桃園市,72,0.77,Warning,最近測站 AQI 72 > 50 且為戶外設施,45
市中心區聯合里集會所文明、文昌、文化、南華里,桃園市桃園區,24.9926,121.3091,True,室內設施,桃園,桃園市,72,0.82,Low Risk,風險較低,25
景美國中,臺北市文山區,24.993,121.5429,True,室內設施,台北,台北市,65,4.99,Low Risk,風險較低,25
長青學苑,桃園市桃園區,24.9934,121.3105,True,室內設施,桃園,桃園市,72,0.96,Low Risk,風險較低,25
桃園市公所禮堂,桃園市桃園區,24.9939,121.3015,True,室內設施,桃園,桃園市,72,0.06,Low Risk,風險較低,25
中和高中,新北市中和區,24.994,121.4783,True,室內設施,新北,新北市,58,3.04,Low Risk,風險較低,25
溪口國小,臺北市文山區,24.9941,121.5387,True,室內設施,台北,台北市,65,5.09,Low Risk,風險較低,25
龜山社區活動中心,桃園市龜山區,24.994116,121.338374,True,室內設施,桃園,桃園市,72,3.77,Low Risk,風險較低,25
秀山國小,新北市中和區,24.9942,121.5212,True,室內設施,台北,台北市,65,6.2,Low Risk,風險較低,25
重慶國小,新北市板橋區,24.9945,121.4624,True,室內設施,新北,新北市,58,2.54,Low Risk,風險較低,25
新路社區活動中心,桃園市龜山區,24.994912,121.334421,True,室內設施,桃園,桃園市,72,3.37,Low Risk,風險較低,25
壽山高級中學,桃園市龜山區,24.994986,121.341548,True,室內設施,桃園,桃園市,72,4.09,Low Risk,風險較低,25
東門國小,桃園市桃園區,24.9952,121.3149,True,室內設施,桃園,桃園市,72,1.41,Low Risk,風險較低,25
景華公園,臺北市文山區,24.9956,121.5446,False,戶外設施,台北,台北市,65,4.66,Warning,最近測站 AQI 65 > 50 且為戶外設施,45
智光商工,新北市永和區,24.9957,121.5143,True,室內設施,新北,新北市,58,5.75,Low Risk,風險較低,25
中壢市芭里社區活動中心,桃園市中壢區,24.995705,121.203831,True,室內設施,桃園,桃園市,72,9.8,Low Risk,風險較低,25
桃園國中,桃園市桃園區,24.9958,121.3048,True,室內設施,桃園,桃園市,72,0.45,Low Risk,風險較低,25
木柵高工,臺北市文山區,24.9959,121.5719,True,室內設施,台北,台北市,65,4.18,Low Risk,風險較低,25
景興國小,臺北市文山區,24.9961,121.5482,True,室內設施,台北,台北市,65,4.45,Low Risk,風險較低,25
景興國中,臺北市文山區,24.9962,121.5443,True,室內設施,台北,台北市,65,4.61,Low Risk,風險較低,25
臺北市文山運動中心,臺北市文山區,24.9962,121.5443,True,室內設施,台北,台北市,65,4.61,Low Risk,風險較低,25
嶺頂社區活動中心,桃園市龜山區,24.996761,121.342294,True,室內設施,桃園,桃園市,72,4.18,Low Risk,風險較低,25
自強國小,桃園市龜山區,24.997386,121.345413,True,室內設施,桃園,桃園市,72,4.5,Low Risk,風險較低,25
三民里集會所,桃園市桃園區,24.9976,121.3207,True,室內設施,桃園,桃園市,72,2.03,Low Risk,風險較低,25
文林國小,新北市樹林區,24.997757,121.426072,True,室內設施,新北,新北市,58,4.27,Low Risk,風險較低,25
龜山國中,桃園市龜山區,24.997776,121.338533,True,室內設施,桃園,桃園市,72,3.81,Low Risk,風險較低,25
北門、朝陽二里聯合活動中心,桃園市桃園區,24.9978,121.3129,True,室內設施,桃園,桃園市,72,1.29,Low Risk,風險較低,25
民權市民活動中心,新北市永和區,24.998,121.5199,True,室內設施,台北,台北市,65,6.01,Low Risk,風險較低,25
青溪、成功、東門里集會所,桃園市桃園區,24.9981,121.3145,True,室內設施,桃園,桃園市,72,1.45,Low Risk,風險較低,25
重慶國中,新北市板橋區,24.9982,121.4632,True,室內設施,新北,新北市,58,2.12,Low Risk,風險較低,25
中和區公所,新北市中和區,24.9982,121.5002,True,室內設施,新北,新北市,58,4.35,Low Risk,風險較低,25
成功國小,桃園市桃園區,24.9983,121.3078,True,室內設施,桃園,桃園市,72,0.86,Low Risk,風險較低,25
阿柔市民活動中心,新北市深坑區,24.9983,121.6072,True,室內設施,台北,台北市,65,5.71,Low Risk,風險較低,25
溪崑國中,新北市板橋區,24.9984,121.4313,True,室內設施,新北,新北市,58,3.78,Low Risk,風險較低,25
自強國小,新北市中和區,24.9985,121.4719,True,室內設施,新北,新北市,58,2.3,Low Risk,風險較低,25
志清國小,臺北市文山區,24.9987,121.5388,True,室內設施,台北,台北市,65,4.66,Low Risk,風險較低,25
自強國中,新北市中和區,24.9988,121.4726,True,室內設施,新北,新北市,58,2.3,Low Risk,風險較低,25
興華國小,臺北市文山區,24.9988,121.5587,True,室內設施,台北,台北市,65,3.86,Low Risk,風險較低,25
積穗國小,新北市中和區,24.9991,121.4814,True,室內設施,新北,新北市,58,2.78,Low Risk,風險較低,25
青溪國小,桃園市桃園區,24.9997,121.3182,True,室內設施,桃園,桃園市,72,1.86,Low Risk,風險較低,25
秀朗國小,新北市永和區,24.9997,121.5214,True,室內設施,台北,台北市,65,5.78,Low Risk,風險較低,25
中和國小,新北市中和區,24.9999,121.5016,True,室內設施,新北,新北市,58,4.39,Low Risk,風險較低,25
積穗國中,新北市中和區,25.0004,121.4798,True,室內設施,新北,新北市,58,2.56,Low Risk,風險較低,25
萬芳高中,臺北市文山區,25.0005,121.5588,True,室內設施,台北,台北市,65,3.67,Low Risk,風險較低,25
萬順市民活動中心,新北市深坑區,25.0008,121.6041,True,室內設施,台北,台北市,65,5.29,Low Risk,風險較低,25
公十五公園,桃園市中壢區,25.000969,121.207661,False,戶外設施,桃園,桃園市,72,9.44,Warning,最近測站 AQI 72 > 50 且為戶外設施,45
永安、長安、長德三里聯合活動中心（永康公園管理中心）,桃園市桃園區,25.001,121.3033,False,戶外設施,桃園,桃園市,72,0.85,Warning,最近測站 AQI 72 > 50 且為戶外設施,45
三民公園、青溪公園,桃園市桃園區,25.0013,121.3171,False,戶外設施,桃園,桃園市,72,1.83,Warning,最近測站 AQI 72 > 50 且為戶外設施,45
鶴齡交誼中心,新北市中和區,25.0014,121.5011,True,室內設施,新北,新北市,58,4.27,Low Risk,風險較低,25
南山高中,新北市中和區,25.0016,121.5034,True,室內設施,新北,新北市,58,4.48,Low Risk,風險較低,25
興德國小,臺北市文山區,25.0017,121.5508,True,室內設施,台北,台北市,65,3.78,Low Risk,風險較低,25
深坑國中,新北市深坑區,25.0017,121.6183,True,室內設施,台北,台北市,65,6.37,Low Risk,風險較低,25
深坑國小,新北市深坑區,25.0018,121.6169,True,室內設施,台北,台北市,65,6.24,Low Risk,風險較低,25
萬芳國小,臺北市文山區,25.0019,121.5673,True,室內設施,台北,台北市,65,3.46,Low Risk,風險較低,25
武林國小,新北市樹林區,25.002028,121.415438,True,室內設施,新北,新北市,58,5.04,Low Risk,風險較低,25
博嘉國小,臺北市文山區,25.0021,121.5758,True,室內設施,台北,台北市,65,3.59,Low Risk,風險較低,25
精忠集會所,桃園市龜山區,25.002285,121.343353,True,室內設施,桃園,桃園市,72,4.38,Low Risk,風險較低,25
中山國小,新北市板橋區,25.0023,121.4477,True,室內設施,新北,新北市,58,2.24,Low Risk,風險較低,25
興隆國小,臺北市文山區,25.0024,121.5519,True,室內設施,台北,台北市,65,3.66,Low Risk,風險較低,25
深坑市民活動中心,新北市深坑區,25.0025,121.6147,True,室內設施,台北,台北市,65,6.01,Low Risk,風險較低,25
深坑區公所,新北市深坑區,25.0025,121.616,True,室內設施,台北,台北市,65,6.12,Low Risk,風險較低,25
漳和國中,新北市中和區,25.0027,121.5055,True,室內設施,新北,新北市,58,4.63,Low Risk,風險較低,25
興德里營區,臺北市文山區,25.0029,121.5571,True,室內設施,台北,台北市,65,3.45,Low Risk,風險較低,25
永康公園,桃園市桃園區,25.0032,121.3018,False,戶外設施,桃園,桃園市,72,1.07,Warning,最近測站 AQI 72 > 50 且為戶外設施,45
後埔國小,新北市板橋區,25.0033,121.4627,True,室內設施,新北,新北市,58,1.56,Low Risk,風險較低,25
復興商工,新北市永和區,25.0035,121.5186,True,室內設施,台北,台北市,65,5.74,Low Risk,風險較低,25
永和國小,新北市永和區,25.0036,121.517,True,室內設施,新北,新北市,58,5.7,Low Risk,風險較低,25
武功國小,臺北市文山區,25.0039,121.5405,True,室內設施,台北,台北市,65,4.09,Low Risk,風險較低,25
公十三公園及兒增二,桃園市中壢區,25.003951,121.205639,False,戶外設施,桃園,桃園市,72,9.68,Warning,最近測站 AQI 72 > 50 且為戶外設施,45
福和國中,新北市永和區,25.004,121.5209,True,室內設施,台北,台北市,65,5.52,Low Risk,風險較低,25
公八公園,桃園市中壢區,25.004304,121.214921,False,戶外設施,桃園,桃園市,72,8.76,Warning,最近測站 AQI 72 > 50 且為戶外設施,45
東南科技大學,新北市深坑區,25.0044,121.6047,True,室內設施,台北,台北市,65,5.08,Low Risk,風險較低,25
兒六兒童遊樂場,桃園市中壢區,25.004761,121.216768,False,戶外設施,桃園,桃園市,72,8.58,Warning,最近測站 AQI 72 > 50 且為戶外設施,45
忠孝國中,新北市板橋區,25.0048,121.4616,True,室內設施,新北,新北市,58,1.39,Low Risk,風險較低,25
萬福國小,臺北市文山區,25.0048,121.5367,True,室內設施,台北,台北市,65,4.27,Low Risk,風險較低,25
興福國中,臺北市文山區,25.0049,121.5497,True,室內設施,台北,台北市,65,3.5,Low Risk,風險較低,25
昇高市民活動中心,新北市深坑區,25.0049,121.6287,True,室內設施,台北,台北市,65,7.1,Low Risk,風險較低,25
實踐國小,新北市板橋區,25.005,121.4664,True,室內設施,新北,新北市,58,1.42,Low Risk,風險較低,25
東勢市民活動中心,新北市平溪區,25.0052,121.7508,True,室內設施,基隆,基隆市,45,13.82,Low Risk,風險較低,5
嶺腳市民活動中心,新北市平溪區,25.0052,121.7508,True,室內設施,基隆,基隆市,45,13.82,Low Risk,風險較低,5
兒十四兒童公園,桃園市中壢區,25.00591,121.20791,False,戶外設施,桃園,桃園市,72,9.48,Warning,最近測站 AQI 72 > 50 且為戶外設施,45
直潭派出所,新北市新店區,25.005939,121.456585,True,室內設施,新北,新北市,58,1.4,Low Risk,風險較低,25
山北市民活動中心,新北市中和區,25.0061,121.5016,True,室內設施,新北,新北市,58,4.13,Low Risk,風險較低,25
德林寺停車場,桃園市蘆竹區,25.00618693,121.258501,True,室內設施,桃園,桃園市,72,4.51,Low Risk,風險較低,25
辛亥國小,臺北市文山區,25.0063,121.5585,True,室內設施,台北,台北市,65,3.05,Low Risk,風險較低,25
三多國中,新北市樹林區,25.006414,121.414672,True,室內設施,新北,新北市,58,4.97,Low Risk,風險較低,25
永和國中,新北市永和區,25.0067,121.5233,True,室內設施,台北,台北市,65,5.15,Low Risk,風險較低,25
保生國民小學,桃園市觀音區,25.006913,121.07162,True,室內設施,桃園,桃園市,72,23.16,Low Risk,風險較低,35
育才國小,新北市永和區,25.0071,121.5216,True,室內設施,台北,台北市,65,5.27,Low Risk,風險較低,25
北門國小,桃園市桃園區,25.0072,121.307,True,室內設施,桃園,桃園市,72,1.63,Low Risk,風險較低,25
大業國小,桃園市桃園區,25.0074,121.3158,True,室內設施,桃園,桃園市,72,2.14,Low Risk,風險較低,25
永定國小,新北市石碇區,25.0078,121.688,True,室內設施,台北,台北市,65,12.67,Low Risk,風險較低,30
永平國小,新北市永和區,25.0081,121.5057,True,室內設施,新北,新北市,58,4.47,Low Risk,風險較低,25
大觀國小,新北市板橋區,25.0086,121.4493,True,室內設施,新北,新北市,58,1.64,Low Risk,風險較低,25
三元、忠義里集會所,桃園市桃園區,25.0087,121.3234,True,室內設施,桃園,桃園市,72,2.81,Low Risk,風險較低,25
中壢區洽溪社區活動中心,桃園市中壢區,25.008748,121.202022,True,室內設施,桃園,桃園市,72,10.12,Low Risk,風險較低,30
公十一公園,桃園市中壢區,25.008888,121.207384,False,戶外設施,桃園,桃園市,72,9.59,Warning,最近測站 AQI 72 > 50 且為戶外設施,45
大有國小,桃園市桃園區,25.0089,121.3205,True,室內設施,桃園,桃園市,72,2.6,Low Risk,風險較低,25
大有國中,桃園市桃園區,25.0093,121.3196,True,室內設施,桃園,桃園市,72,2.56,Low Risk,風險較低,25
土庫第1市民活動中心,新北市深坑區,25.01,121.6346,True,室內設施,台北,台北市,65,7.43,Low Risk,風險較低,25
石碇綜合活動大樓,新北市石碇區,25.0101,121.6423,True,室內設施,台北,台北市,65,8.16,Low Risk,風險較低,25
海山高中,新北市板橋區,25.0102,121.4709,True,室內設施,新北,新北市,58,1.16,Low Risk,風險較低,25
中壢區月眉社區活動中心,桃園市中壢區,25.01027,121.184493,True,室內設施,桃園,桃園市,72,11.89,Low Risk,風險較低,30
龍壽國小,桃園市龜山區,25.010772,121.387488,True,室內設施,新北,新北市,58,7.59,Low Risk,風險較低,25
板橋國小,新北市板橋區,25.0108,121.4582,True,室內設施,新北,新北市,58,0.84,Low Risk,風險較低,25
永平高中,新北市永和區,25.0108,121.5086,True,室內設施,新北,新北市,58,4.7,Low Risk,風險較低,25
大觀國中,新北市板橋區,25.0112,121.4485,True,室內設施,新北,新北市,58,1.57,Low Risk,風險較低,25
民族國中,臺北市大安區,25.0112,121.5388,True,室內設施,台北,台北市,65,3.61,Low Risk,風險較低,25
臺北市大安運動中心,臺北市大安區,25.0112,121.5388,True,室內設施,台北,台北市,65,3.61,Low Risk,風險較低,25
板橋高中,新北市板橋區,25.0117,121.4591,True,室內設施,新北,新北市,58,0.71,Low Risk,風險較低,25
會稽國小,桃園市桃園區,25.0118,121.3086,True,室內設施,桃園,桃園市,72,2.16,Low Risk,風險較低,25
大甲高中活動中心,臺中市大甲區,25.012024,121.465467,True,室內設施,新北,新北市,58,0.66,Low Risk,風險較低,25
公館國小,臺北市大安區,25.0124,121.5429,True,室內設施,台北,台北市,65,3.22,Low Risk,風險較低,25
石碇高中,新北市石碇區,25.0127,121.6426,True,室內設施,台北,台北市,65,8.1,Low Risk,風險較低,25
網溪國小,新北市永和區,25.0129,121.5193,True,室內設施,台北,台北市,65,5.15,Low Risk,風險較低,25
公十公園,桃園市中壢區,25.01304,121.20699,False,戶外設施,桃園,桃園市,72,9.72,Warning,最近測站 AQI 72 > 50 且為戶外設施,45
民生公園市民活動中心,新北市板橋區,25.0137,121.4768,False,戶外設施,新北,新北市,58,1.5,Warning,最近測站 AQI 58 > 50 且為戶外設施,45
臺北市中正運動中心,臺北市中正區,25.0137,121.535,True,室內設施,台北,台北市,65,3.74,Low Risk,風險較低,25
月眉環保公園,桃園市中壢區,25.014116,121.190069,False,戶外設施,桃園,桃園市,72,11.41,Warning,最近測站 AQI 72 > 50 且為戶外設施,50
會稽社區活動中心,桃園市桃園區,25.0142,121.3161,True,室內設施,桃園,桃園市,72,2.75,Low Risk,風險較低,25
銘傳國小,臺北市大安區,25.0142,121.5352,True,室內設施,台北,台北市,65,3.69,Low Risk,風險較低,25
竹林小學,新北市永和區,25.0145,121.5173,True,室內設施,台北,台北市,65,5.26,Low Risk,風險較低,25
光復國小,新北市中和區,25.0148,121.4829,True,室內設施,新北,新北市,58,2.07,Low Risk,風險較低,25
公六公園,桃園市中壢區,25.015014,121.222287,False,戶外設施,桃園,桃園市,72,8.28,Warning,最近測站 AQI 72 > 50 且為戶外設施,45
柑林國小,新北市雙溪區,25.01513,121.804558,True,室內設施,基隆,基隆市,45,13.45,Low Risk,風險較低,5
虎子山,新北市貢寮區,25.015188,121.944391,True,室內設施,基隆,基隆市,45,22.48,Low Risk,風險較低,10
頂溪國小,新北市永和區,25.0155,121.5116,True,室內設施,新北,新北市,58,4.95,Low Risk,風險較低,25
及人國小,新北市永和區,25.0157,121.512,True,室內設施,新北,新北市,58,4.99,Low Risk,風險較低,25
長源社區活動中心,新北市雙溪區,25.0157,121.8028,True,室內設施,基隆,基隆市,45,13.33,Low Risk,風險較低,5
金甌女中,新北市永和區,25.0158,121.5193,True,室內設施,台北,台北市,65,5.02,Low Risk,風險較低,25
福連國小,新北市貢寮區,25.0162,121.9888,True,室內設施,基隆,基隆市,45,26.24,Low Risk,風險較低,10
中壢區山東社區活動中心,桃園市中壢區,25.01621,121.173726,True,室內設施,桃園,桃園市,72,13.07,Low Risk,風險較低,30
貢寮國中,新北市貢寮區,25.0164,121.9071,True,室內設施,基隆,基隆市,45,19.41,Low Risk,風險較低,5
三多國小,新北市樹林區,25.016651,121.4059,True,室內設施,新北,新北市,58,5.7,Low Risk,風險較低,25
同安里集會所,桃園市桃園區,25.0167,121.3018,True,室內設施,桃園,桃園市,72,2.57,Low Risk,風險較低,25
光復高中,新北市板橋區,25.0168,121.4828,True,室內設施,新北,新北市,58,2.05,Low Risk,風險較低,25
忠孝市民活動中心,新北市永和區,25.0169,121.5153,True,室內設施,新北,新北市,58,5.32,Low Risk,風險較低,25
福隆國小,新北市貢寮區,25.0171,121.9487,True,室內設施,基隆,基隆市,45,22.72,Low Risk,風險較低,10
龍華社區活動中心,桃園市龜山區,25.017485,121.400544,True,室內設施,新北,新北市,58,6.24,Low Risk,風險較低,25
丹鳳國小,新北市新莊區,25.0175,121.4257,True,室內設施,新北,新北市,58,3.71,Low Risk,風險較低,25
光復國小,新北市板橋區,25.0177,121.484,True,室內設施,新北,新北市,58,2.17,Low Risk,風險較低,25
靈鷲山無生道場,新北市貢寮區,25.0177,121.9729,True,室內設施,基隆,基隆市,45,24.76,Low Risk,風險較低,10
桃園縣多功能藝文園區,桃園市桃園區,25.0179,121.2977,True,室內設施,桃園,桃園市,72,2.72,Low Risk,風險較低,25
埔墘國小,新北市板橋區,25.0181,121.4741,True,室內設施,新北,新北市,58,1.17,Low Risk,風險較低,25
上興公園,桃園市蘆竹區,25.01826193,121.262927,False,戶外設施,桃園,桃園市,72,4.72,Warning,最近測站 AQI 72 > 50 且為戶外設施,45
同新公園,桃園市桃園區,25.0183,121.3014,False,戶外設施,桃園,桃園市,72,2.75,Warning,最近測站 AQI 72 > 50 且為戶外設施,45
福隆青少年活動中心,新北市貢寮區,25.0184,121.9457,True,室內設施,基隆,基隆市,45,22.39,Low Risk,風險較低,10
迴龍社區活動中心,桃園市龜山區,25.018416,121.410691,True,室內設施,新北,新北市,58,5.22,Low Risk,風險較低,25
中山國中,新北市板橋區,25.0185,121.4676,True,室內設施,新北,新北市,58,0.53,Low Risk,風險較低,25
外柑市民活動中心,新北市雙溪區,25.018517,121.807814,True,室內設施,基隆,基隆市,45,13.21,Low Risk,風險較低,5
快樂國小,桃園市桃園區,25.0187,121.3154,True,室內設施,桃園,桃園市,72,3.15,Low Risk,風險較低,25
芳和國中,臺北市大安區,25.0187,121.5503,True,室內設施,台北,台北市,65,2.2,Low Risk,風險較低,25
螢橋國中,臺北市中正區,25.019,121.5265,True,室內設施,台北,台北市,65,4.22,Low Risk,風險較低,25
迴龍國中小學,桃園市龜山區,25.019376,121.405433,True,室內設施,新北,新北市,58,5.75,Low Risk,風險較低,25
同德社區活動中心,桃園市桃園區,25.0194,121.2925,True,室內設施,桃園,桃園市,72,2.99,Low Risk,風險較低,25
國光國小,新北市板橋區,25.0194,121.4533,True,室內設施,新北,新北市,58,0.96,Low Risk,風險較低,25
大安國小,臺北市大安區,25.0195,121.5496,True,室內設施,台北,台北市,65,2.19,Low Risk,風險較低,25
和平高中,臺北市大安區,25.0196,121.5491,True,室內設施,台北,台北市,65,2.22,Low Risk,風險較低,25
板橋莊敬市民活動中心,新北市板橋區,25.0197,121.4708,True,室內設施,新北,新北市,58,0.88,Low Risk,風險較低,25
新埔里活動中心,桃園市桃園區,25.0201,121.3056,True,室內設施,桃園,桃園市,72,2.98,Low Risk,風險較低,25
貢寮市民活動中心,新北市貢寮區,25.0206,121.9075,True,室內設施,基隆,基隆市,45,19.14,Low Risk,風險較低,5
古亭國小,臺北市大安區,25.0207,121.5285,True,室內設施,台北,台北市,65,3.96,Low Risk,風險較低,25
西埔里活動中心,桃園市桃園區,25.0209,121.2805,True,室內設施,桃園,桃園市,72,3.67,Low Risk,風險較低,25
四維市民活動中心,新北市新莊區,25.021171,121.421825,True,室內設施,新北,新北市,58,4.12,Low Risk,風險較低,25
裕民行政大樓,新北市新莊區,25.0212,121.4162,True,室內設施,新北,新北市,58,4.69,Low Risk,風險較低,25
春日里活動中心,桃園市桃園區,25.0216,121.3126,True,室內設施,桃園,桃園市,72,3.33,Low Risk,風險較低,25
中平國中,新北市新莊區,25.0216,121.4278,True,室內設施,新北,新北市,58,3.53,Low Risk,風險較低,25
莊敬社區活動中心,桃園市桃園區,25.0219,121.2999,True,室內設施,桃園,桃園市,72,3.15,Low Risk,風險較低,25
榮富國小,新北市新莊區,25.0219,121.418,True,室內設施,新北,新北市,58,4.51,Low Risk,風險較低,25
貢寮國小,新北市貢寮區,25.022,121.9151,True,室內設施,基隆,基隆市,45,19.64,Low Risk,風險較低,5
青年公園,臺北市萬華區,25.0221,121.507,False,戶外設施,新北,新北市,58,4.52,Warning,最近測站 AQI 58 > 50 且為戶外設施,45
白石市民活動中心,新北市平溪區,25.0221,121.7247,True,室內設施,基隆,基隆市,45,12.43,Low Risk,風險較低,5
文德國小,新北市板橋區,25.0225,121.4585,True,室內設施,新北,新北市,58,0.7,Low Risk,風險較低,25
薯榔市民活動中心,新北市平溪區,25.022689,121.728154,True,室內設施,基隆,基隆市,45,12.27,Low Risk,風險較低,5
大竹國中,桃園市蘆竹區,25.02289,121.258528,True,室內設施,桃園,桃園市,72,5.38,Low Risk,風險較低,25
萬大國小,臺北市萬華區,25.023,121.4993,True,室內設施,新北,新北市,58,3.76,Low Risk,風險較低,25
朝陽公園,桃園市桃園區,25.0231,121.3062,False,戶外設施,桃園,桃園市,72,3.32,Warning,最近測站 AQI 72 > 50 且為戶外設施,45
青年公園棒球場,臺北市萬華區,25.0231,121.4978,False,戶外設施,新北,新北市,58,3.61,Warning,最近測站 AQI 58 > 50 且為戶外設施,45
東園國小,臺北市萬華區,25.0231,121.4978,True,室內設施,新北,新北市,58,3.61,Low Risk,風險較低,25
臺北市萬華運動中心,臺北市萬華區,25.0231,121.4978,True,室內設施,新北,新北市,58,3.61,Low Risk,風險較低,25
河堤國小,臺北市中正區,25.0232,121.5226,True,室內設施,台北,台北市,65,4.45,Low Risk,風險較低,25
長庚醫護社區活動文康中心,桃園市龜山區,25.023311,121.357412,True,室內設施,桃園,桃園市,72,6.57,Low Risk,風險較低,25
菁桐市民活動中心,新北市平溪區,25.0235,121.7262,True,室內設施,基隆,基隆市,45,12.23,Low Risk,風險較低,5
平溪國中,新北市平溪區,25.0235,121.7336,True,室內設施,基隆,基隆市,45,12.05,Low Risk,風險較低,5
菁桐國小,新北市平溪區,25.0236,121.7266,True,室內設施,基隆,基隆市,45,12.21,Low Risk,風險較低,5
大崗社區活動中心,桃園市龜山區,25.023863,121.353653,True,室內設施,桃園,桃園市,72,6.28,Low Risk,風險較低,25
龍安國小,臺北市大安區,25.0239,121.5348,True,室內設施,台北,台北市,65,3.24,Low Risk,風險較低,25
五權社區活動中心,桃園市大園區,25.023949,121.230923,True,室內設施,桃園,桃園市,72,7.83,Low Risk,風險較低,25
板橋國中,新北市板橋區,25.024,121.4542,True,室內設施,新北,新北市,58,1.12,Low Risk,風險較低,25
中港國小,新北市新莊區,25.0242,121.4138,True,室內設施,新北,新北市,58,4.97,Low Risk,風險較低,25
長庚里345號地下一樓,桃園市龜山區,25.024279,121.356905,True,室內設施,桃園,桃園市,72,6.59,Low Risk,風險較低,25
昌平國小,新北市新莊區,25.0243,121.4238,True,室內設施,新北,新北市,58,3.98,Low Risk,風險較低,25
古亭國中,臺北市中正區,25.0246,121.5106,True,室內設施,新北,新北市,58,4.91,Low Risk,風險較低,25
平溪市民活動中心,新北市平溪區,25.0247,121.7371,True,室內設施,基隆,基隆市,45,11.84,Low Risk,風險較低,5
大竹國小,桃園市蘆竹區,25.02483395,121.258678,True,室內設施,桃園,桃園市,72,5.5,Low Risk,風險較低,25
新埔國中,新北市板橋區,25.0249,121.4597,True,室內設施,新北,新北市,58,0.89,Low Risk,風險較低,25
螢橋國小,臺北市中正區,25.0249,121.5144,True,室內設施,台北,台北市,65,5.22,Low Risk,風險較低,25
龍門國中,臺北市大安區,25.0249,121.538,True,室內設施,台北,台北市,65,2.9,Low Risk,風險較低,25
新莊國中,新北市新莊區,25.0253,121.4225,True,室內設施,新北,新北市,58,4.13,Low Risk,風險較低,25
平湖市民活動中心,新北市平溪區,25.0256,121.7813,True,室內設施,基隆,基隆市,45,11.71,Low Risk,風險較低,5
橫峰社區活動中心,桃園市大園區,25.025624,121.213508,True,室內設施,桃園,桃園市,72,9.51,Low Risk,風險較低,25
豐年市民活動中心,新北市新莊區,25.0258,121.4283,True,室內設施,新北,新北市,58,3.57,Low Risk,風險較低,25
新和國小,臺北市萬華區,25.026,121.5033,True,室內設施,新北,新北市,58,4.22,Low Risk,風險較低,25
吳興國小,臺北市信義區,25.026,121.5686,True,室內設施,台北,台北市,65,0.84,Low Risk,風險較低,25
莒光國小,新北市板橋區,25.0261,121.4736,True,室內設施,新北,新北市,58,1.49,Low Risk,風險較低,25
汴洲里老人活動中心,桃園市桃園區,25.0263,121.3038,True,室內設施,桃園,桃園市,72,3.65,Low Risk,風險較低,25
舊路社區活動中心,桃園市龜山區,25.02646,121.36753,True,室內設施,桃園,桃園市,72,7.64,Low Risk,風險較低,25
西園國小,臺北市萬華區,25.0266,121.4988,True,室內設施,新北,新北市,58,3.8,Low Risk,風險較低,25
平溪國小,新北市平溪區,25.0272,121.7376,True,室內設施,基隆,基隆市,45,11.56,Low Risk,風險較低,5
昭惠廟,新北市貢寮區,25.0273,121.9316,True,室內設施,基隆,基隆市,45,20.66,Low Risk,風險較低,10
雙園國中,臺北市萬華區,25.0276,121.4927,True,室內設施,新北,新北市,58,3.25,Low Risk,風險較低,25
華江高中,臺北市萬華區,25.0285,121.4962,True,室內設施,新北,新北市,58,3.62,Low Risk,風險較低,25
信義國中,臺北市信義區,25.0286,121.5679,True,室內設施,台北,台北市,65,0.55,Low Risk,風險較低,25
中正公園,桃園市桃園區,25.0288,121.2925,False,戶外設施,桃園,桃園市,72,4.01,Warning,最近測站 AQI 72 > 50 且為戶外設施,45
江翠國中,新北市板橋區,25.0289,121.4684,True,室內設施,新北,新北市,58,1.42,Low Risk,風險較低,25
上林國小,新北市雙溪區,25.029,121.832,True,室內設施,基隆,基隆市,45,13.29,Low Risk,風險較低,5
萬華國中,臺北市萬華區,25.0291,121.4987,True,室內設施,新北,新北市,58,3.88,Low Risk,風險較低,25
牡丹心市民活動中心,新北市新莊區,25.0294,121.4431,True,室內設施,新北,新北市,58,2.37,Low Risk,風險較低,25
建安國小,臺北市大安區,25.0294,121.5461,True,室內設施,台北,台北市,65,1.99,Low Risk,風險較低,25
文聖國小,新北市板橋區,25.0295,121.4772,True,室內設施,新北,新北市,58,2.01,Low Risk,風險較低,25
忠義國小,臺北市中正區,25.0296,121.5062,True,室內設施,新北,新北市,58,4.61,Low Risk,風險較低,25
中華區民活動中心,臺北市中正區,25.0297,121.5045,True,室內設施,新北,新北市,58,4.45,Low Risk,風險較低,25
三興國小,臺北市信義區,25.0297,121.558,True,室內設施,台北,台北市,65,0.83,Low Risk,風險較低,25
大安森林公園,臺北市大安區,25.0301,121.5354,False,戶外設施,台北,台北市,65,3.04,Warning,最近測站 AQI 65 > 50 且為戶外設施,45
新生國小,臺北市大安區,25.0304,121.5335,True,室內設施,台北,台北市,65,3.23,Low Risk,風險較低,25
瓊泰市民活動中心,新北市新莊區,25.0306,121.4467,True,室內設施,新北,新北市,58,2.17,Low Risk,風險較低,25
大安國中,臺北市大安區,25.0307,121.5462,True,室內設施,台北,台北市,65,1.95,Low Risk,風險較低,25
大理高中,臺北市萬華區,25.0308,121.4913,True,室內設施,新北,新北市,58,3.27,Low Risk,風險較低,25
思賢國小,新北市新莊區,25.0309,121.4433,True,室內設施,新北,新北市,58,2.46,Low Risk,風險較低,25
雙園國小,臺北市萬華區,25.0309,121.4975,True,室內設施,新北,新北市,58,3.84,Low Risk,風險較低,25
國語實小,臺北市中正區,25.0309,121.511,True,室內設施,新北,新北市,58,5.12,Low Risk,風險較低,25
大理國小,臺北市萬華區,25.0312,121.4938,True,室內設施,新北,新北市,58,3.51,Low Risk,風險較低,25
建國中學,臺北市中正區,25.0312,121.5122,True,室內設施,新北,新北市,58,5.24,Low Risk,風險較低,25
金華國中,臺北市大安區,25.0312,121.5331,True,室內設施,台北,台北市,65,3.26,Low Risk,風險較低,25
信義國小,臺北市信義區,25.0318,121.5632,True,室內設施,台北,台北市,65,0.26,Low Risk,風險較低,25
共和社區活動中心,新北市雙溪區,25.0318,121.8661,True,室內設施,基隆,基隆市,45,15.21,Low Risk,風險較低,5
大安高工,臺北市大安區,25.0319,121.5432,True,室內設施,台北,台北市,65,2.24,Low Risk,風險較低,25
金華國小,臺北市大安區,25.0322,121.5277,True,室內設施,台北,台北市,65,3.8,Low Risk,風險較低,25
中正國中,臺北市中正區,25.0323,121.5221,True,室內設施,台北,台北市,65,4.36,Low Risk,風險較低,25
江翠國小,新北市板橋區,25.0324,121.4742,True,室內設施,新北,新北市,58,2.05,Low Risk,風險較低,25
永春高中,臺北市信義區,25.0327,121.5786,True,室內設施,台北,台北市,65,1.33,Low Risk,風險較低,25
輔仁大學,新北市新莊區,25.0329,121.4341,True,室內設施,新北,新北市,58,3.35,Low Risk,風險較低,25
台北世貿一館,基隆市中正區,25.033152,121.56234,True,室內設施,台北,台北市,65,0.31,Low Risk,風險較低,25
雙溪國小,新北市雙溪區,25.0334,121.8672,True,室內設施,基隆,基隆市,45,15.16,Low Risk,風險較低,5
華江國小,臺北市萬華區,25.0341,121.4912,True,室內設施,新北,新北市,58,3.44,Low Risk,風險較低,25
新莊國小,新北市新莊區,25.0342,121.4417,True,室內設施,新北,新北市,58,2.81,Low Risk,風險較低,25
松山家商,臺北市信義區,25.0348,121.5801,True,室內設施,台北,台北市,65,1.49,Low Risk,風險較低,25
雙溪高中,新北市雙溪區,25.0349,121.8632,True,室內設施,基隆,基隆市,45,14.76,Low Risk,風險較低,5
南門國小,臺北市中正區,25.0352,121.5091,True,室內設施,新北,新北市,58,5.1,Low Risk,風險較低,25
南門國中,臺北市中正區,25.0352,121.5091,True,室內設施,新北,新北市,58,5.1,Low Risk,風險較低,25
平林市民活動中心,新北市雙溪區,25.035598,121.849136,True,室內設施,基隆,基隆市,45,13.74,Low Risk,風險較低,5
龍山國小,臺北市萬華區,25.0356,121.4962,True,室內設施,新北,新北市,58,3.96,Low Risk,風險較低,25
臺北市信義運動中心,臺北市信義區,25.0356,121.5733,True,室內設施,台北,台北市,65,0.85,Low Risk,風險較低,25
松德公園,臺北市信義區,25.0356,121.5733,False,戶外設施,台北,台北市,65,0.85,Warning,最近測站 AQI 65 > 50 且為戶外設施,45
台北市世貿三館,基隆市中正區,25.035701,121.563833,True,室內設施,台北,台北市,65,0.34,Low Risk,風險較低,25
中信國小,新北市新莊區,25.0358,121.4505,True,室內設施,新北,新北市,58,2.39,Low Risk,風險較低,25
仁愛國小,臺北市大安區,25.0358,121.5524,True,室內設施,台北,台北市,65,1.35,Low Risk,風險較低,25
新莊區公所,新北市新莊區,25.035834,121.450558,True,室內設施,新北,新北市,58,2.39,Low Risk,風險較低,25
新莊高中,新北市新莊區,25.0359,121.4525,True,室內設施,新北,新北市,58,2.3,Low Risk,風險較低,25
龍山國中,臺北市萬華區,25.036,121.5046,True,室內設施,新北,新北市,58,4.72,Low Risk,風險較低,25
博愛國小,臺北市信義區,25.0364,121.5711,True,室內設施,台北,台北市,65,0.69,Low Risk,風險較低,25
興雅國中,臺北市信義區,25.0364,121.5723,True,室內設施,台北,台北市,65,0.79,Low Risk,風險較低,25
私立恆毅高級中學,新北市新莊區,25.036593,121.453731,True,室內設施,新北,新北市,58,2.32,Low Risk,風險較低,25
新泰市民活動中心,新北市新莊區,25.0369,121.4451,True,室內設施,新北,新北市,58,2.8,Low Risk,風險較低,25
頭前國中,新北市新莊區,25.037,121.4564,True,室內設施,新北,新北市,58,2.28,Low Risk,風險較低,25
?公國中,臺北市信義區,25.0371,121.5853,True,室內設施,台北,台北市,65,2.06,Low Risk,風險較低,25
弘道國中,臺北市中正區,25.0375,121.5153,True,室內設施,台北,台北市,65,5.07,Low Risk,風險較低,25
仁愛國中,臺北市大安區,25.0375,121.5507,True,室內設施,台北,台北市,65,1.56,Low Risk,風險較低,25
幸安國小,臺北市大安區,25.0376,121.535,True,室內設施,台北,台北市,65,3.11,Low Risk,風險較低,25
光華國小,新北市新莊區,25.0378,121.4438,True,室內設施,新北,新北市,58,2.96,Low Risk,風險較低,25
老松國小,臺北市萬華區,25.038,121.5027,True,室內設施,新北,新北市,58,4.66,Low Risk,風險較低,25
北一女中,臺北市中正區,25.0386,121.513,True,室內設施,台北,台北市,65,5.32,Low Risk,風險較低,25
東門國小,臺北市中正區,25.0387,121.5209,True,室內設施,台北,台北市,65,4.53,Low Risk,風險較低,25
福德國小,臺北市信義區,25.0389,121.5865,True,室內設施,台北,台北市,65,2.22,Low Risk,風險較低,25
貴和市民活動中心,新北市泰山區,25.0394,121.4266,True,室內設施,新北,新北市,58,4.37,Low Risk,風險較低,25
財團法人臺北市東和禪寺,臺北市中正區,25.0394,121.5225,True,室內設施,台北,台北市,65,4.38,Low Risk,風險較低,25
松山工農,臺北市信義區,25.0398,121.572,True,室內設施,台北,台北市,65,1.01,Low Risk,風險較低,25
光復國小,臺北市信義區,25.0402,121.5578,True,室內設施,台北,台北市,65,1.11,Low Risk,風險較低,25
舊庄國小,臺北市南港區,25.040245,121.61735,True,室內設施,台北,台北市,65,5.3,Low Risk,風險較低,25
二二八和平公園,臺北市中正區,25.0403,121.5156,False,戶外設施,台北,台北市,65,5.08,Warning,最近測站 AQI 65 > 50 且為戶外設施,45
懷生國中,臺北市大安區,25.0403,121.5412,True,室內設施,台北,台北市,65,2.57,Low Risk,風險較低,25
南上社區活動中心,桃園市龜山區,25.040457,121.300096,True,室內設施,桃園,桃園市,72,5.21,Low Risk,風險較低,25
南興公園,桃園市蘆竹區,25.04135998,121.287732,False,戶外設施,桃園,桃園市,72,5.48,Warning,最近測站 AQI 72 > 50 且為戶外設施,45
明志科技大學,新北市泰山區,25.0417,121.4206,True,室內設施,新北,新北市,58,5.02,Low Risk,風險較低,25
中港第一市民活動中心,新北市新莊區,25.041825,121.455157,True,室內設施,新北,新北市,58,2.83,Low Risk,風險較低,25
老人文康活動中心,新北市平溪區,25.04193,121.775807,True,室內設施,基隆,基隆市,45,9.83,Low Risk,風險較低,0
全安市民活動中心,新北市新莊區,25.0423,121.4565,True,室內設施,新北,新北市,58,2.84,Low Risk,風險較低,25
龍騰活動中心,苗栗縣三義鄉,25.042385,121.533012,True,室內設施,台北,台北市,65,3.43,Low Risk,風險較低,25
雙潭活動中心,苗栗縣三義鄉,25.042385,121.533012,True,室內設施,台北,台北市,65,3.43,Low Risk,風險較低,25
鯉魚潭活動中心室內,苗栗縣三義鄉,25.042385,121.533012,True,室內設施,台北,台北市,65,3.43,Low Risk,風險較低,25
建中國民小學活動中心室內,苗栗縣三義鄉,25.042385,121.533012,True,室內設施,台北,台北市,65,3.43,Low Risk,風險較低,25
西湖村活動中心室內,苗栗縣三義鄉,25.042385,121.533012,True,室內設施,台北,台北市,65,3.43,Low Risk,風險較低,25
上?里民眾活動中心,苗栗縣苑裡鎮,25.042385,121.533012,True,室內設施,台北,台北市,65,3.43,Low Risk,風險較低,25
銅鏡社區活動中心,苗栗縣三灣鄉,25.042385,121.533012,True,室內設施,台北,台北市,65,3.43,Low Risk,風險較低,25
西湖村活動中心室外,苗栗縣三義鄉,25.042385,121.533012,True,室內設施,台北,台北市,65,3.43,Low Risk,風險較低,25
鯉魚潭村活動中心室外,苗栗縣三義鄉,25.042385,121.533012,True,室內設施,台北,台北市,65,3.43,Low Risk,風險較低,25
建中國民小學操場室外,苗栗縣三義鄉,25.042385,121.533012,False,戶外設施,台北,台北市,65,3.43,Warning,最近測站 AQI 65 > 50 且為戶外設施,45
苑裡鎮立托兒所,苗栗縣苑裡鎮,25.042385,121.533012,True,室內設施,台北,台北市,65,3.43,Low Risk,風險較低,25
苑裡鎮老人文康中心,苗栗縣苑裡鎮,25.042385,121.533012,True,室內設施,台北,台北市,65,3.43,Low Risk,風險較低,25
苑裡鎮苑東苑南苑北社區聯合活動中,苗栗縣苑裡鎮,25.042385,121.533012,True,室內設施,台北,台北市,65,3.43,Low Risk,風險較低,25
苗栗縣立苑裡高中操場,苗栗縣苑裡鎮,25.042385,121.533012,False,戶外設施,台北,台北市,65,3.43,Warning,最近測站 AQI 65 > 50 且為戶外設施,45
山腳國小田徑場,苗栗縣苑裡鎮,25.042385,121.533012,False,戶外設施,台北,台北市,65,3.43,Warning,最近測站 AQI 65 > 50 且為戶外設施,45
苑裡鎮中山國小操場,苗栗縣苑裡鎮,25.042385,121.533012,False,戶外設施,台北,台北市,65,3.43,Warning,最近測站 AQI 65 > 50 且為戶外設施,45
苑裡鎮立體育場,苗栗縣苑裡鎮,25.042385,121.533012,True,室內設施,台北,台北市,65,3.43,Low Risk,風險較低,25
綺湖社區活動中心,雲林縣土庫鎮,25.042385,121.533012,True,室內設施,台北,台北市,65,3.43,Low Risk,風險較低,25
大有市民活動中心,新北市三峽區,25.042385,121.533012,True,室內設施,台北,台北市,65,3.43,Low Risk,風險較低,25
豐珠國中小活動中心,新北市貢寮區,25.042385,121.533012,True,室內設施,台北,台北市,65,3.43,Low Risk,風險較低,25
大林鎮公所,嘉義縣大林鎮,25.042385,121.533012,True,室內設施,台北,台北市,65,3.43,Low Risk,風險較低,25
西興村活動中心前廣場,嘉義縣大埔鄉,25.042385,121.533012,False,戶外設施,台北,台北市,65,3.43,Warning,最近測站 AQI 65 > 50 且為戶外設施,45
大埔鄉公所,嘉義縣大埔鄉,25.042385,121.533012,True,室內設施,台北,台北市,65,3.43,Low Risk,風險較低,25
文光國際英語村[室內],嘉義縣竹崎鄉,25.042385,121.533012,True,室內設施,台北,台北市,65,3.43,Low Risk,風險較低,25
嘉義縣竹崎鄉灣橋村朴子埔收容所暨防災物資整備所,嘉義縣竹崎鄉,25.042385,121.533012,True,室內設施,台北,台北市,65,3.43,Low Risk,風險較低,25
溪口國中室外,嘉義縣溪口鄉,25.042385,121.533012,True,室內設施,台北,台北市,65,3.43,Low Risk,風險較低,25
竹園國小室外,嘉義縣鹿草鄉,25.042385,121.533012,True,室內設施,台北,台北市,65,3.43,Low Risk,風險較低,25
後塘國小室外,嘉義縣鹿草鄉,25.042385,121.533012,True,室內設施,台北,台北市,65,3.43,Low Risk,風險較低,25
老人文康活動中心,彰化縣永靖鄉,25.042385,121.533012,True,室內設施,台北,台北市,65,3.43,Low Risk,風險較低,25
永靖鄉立托兒所,彰化縣永靖鄉,25.042385,121.533012,True,室內設施,台北,台北市,65,3.43,Low Risk,風險較低,25
梧棲國小活動中心,臺中市梧棲區,25.042385,121.533012,True,室內設施,台北,台北市,65,3.43,Low Risk,風險較低,25
樟原社區活動中心,臺東縣長濱鄉,25.042385,121.533012,True,室內設施,台北,台北市,65,3.43,Low Risk,風險較低,25
三間社區活動中心,臺東縣長濱鄉,25.042385,121.533012,True,室內設施,台北,台北市,65,3.43,Low Risk,風險較低,25
三間村南溪國小,臺東縣長濱鄉,25.042385,121.533012,True,室內設施,台北,台北市,65,3.43,Low Risk,風險較低,25
同義宮,臺南市新化區,25.042385,121.533012,True,室內設施,台北,台北市,65,3.43,Low Risk,風險較低,25
新化區聯合活動中心,臺南市新化區,25.042385,121.533012,True,室內設施,台北,台北市,65,3.43,Low Risk,風險較低,25
成功高中,臺北市中正區,25.0424,121.5238,True,室內設施,台北,台北市,65,4.32,Low Risk,風險較低,25
胡適國小,臺北市南港區,25.0424,121.6172,True,室內設施,台北,台北市,65,5.32,Low Risk,風險較低,25
丹鳳高中,新北市新莊區,25.0426,121.4444,True,室內設施,新北,新北市,58,3.35,Low Risk,風險較低,25
忠孝國小,臺北市中正區,25.0428,121.5317,True,室內設施,台北,台北市,65,3.57,Low Risk,風險較低,25
明志國小,新北市泰山區,25.043,121.4317,True,室內設施,新北,新北市,58,4.22,Low Risk,風險較低,25
永吉國小,臺北市信義區,25.043,121.5791,True,室內設施,台北,台北市,65,1.77,Low Risk,風險較低,25
私立金陵女中,新北市三重區,25.0431,121.467,True,室內設施,新北,新北市,58,2.9,Low Risk,風險較低,25
西門國小,臺北市萬華區,25.0432,121.5035,True,室內設施,新北,新北市,58,5.04,Low Risk,風險較低,25
第一河濱公園,桃園市蘆竹區,25.04345895,121.287732,False,戶外設施,桃園,桃園市,72,5.7,Warning,最近測站 AQI 72 > 50 且為戶外設施,45
松山高中,臺北市信義區,25.0439,121.5658,True,室內設施,台北,台北市,65,1.21,Low Risk,風險較低,25
十分國小,新北市平溪區,25.0439,121.7774,True,室內設施,基隆,基隆市,45,9.64,Low Risk,風險較低,0
光明國中操場,桃園市蘆竹區,25.04435395,121.288977,False,戶外設施,桃園,桃園市,72,5.77,Warning,最近測站 AQI 72 > 50 且為戶外設施,45
永春國小,臺北市信義區,25.0447,121.5789,True,室內設施,台北,台北市,65,1.88,Low Risk,風險較低,25
臺北田徑場,臺北市松山區,25.0449,121.5509,False,戶外設施,台北,台北市,65,1.97,Warning,最近測站 AQI 65 > 50 且為戶外設施,45
成德國中,臺北市南港區,25.045069,121.587751,True,室內設施,台北,台北市,65,2.62,Low Risk,風險較低,25
國泰國小,新北市新莊區,25.0451,121.4472,True,室內設施,新北,新北市,58,3.45,Low Risk,風險較低,25
懷生國小,臺北市中山區,25.0453,121.5417,True,室內設施,台北,台北市,65,2.75,Low Risk,風險較低,25
光明河濱公園,桃園市蘆竹區,25.04544138,121.287217,False,戶外設施,桃園,桃園市,72,5.93,Warning,最近測站 AQI 72 > 50 且為戶外設施,45
修德國小,臺北市南港區,25.0455,121.5896,True,室內設施,台北,台北市,65,2.81,Low Risk,風險較低,25
頭前國小,新北市新莊區,25.0456,121.4566,True,室內設施,新北,新北市,58,3.2,Low Risk,風險較低,25
南港公園,臺北市南港區,25.0458,121.5912,False,戶外設施,台北,台北市,65,2.96,Warning,最近測站 AQI 65 > 50 且為戶外設施,45
高雄市林園區汕尾國民小學,高雄市林園區,25.046238,121.517414,True,室內設施,台北,台北市,65,5.05,Low Risk,風險較低,25
福星國小,臺北市萬華區,25.0463,121.5089,True,室內設施,新北,新北市,58,5.68,Low Risk,風險較低,25
臺北市南港運動中心,臺北市南港區,25.0466,121.5822,True,室內設施,台北,台北市,65,2.27,Low Risk,風險較低,25
興雅國小,臺北市信義區,25.0467,121.5701,True,室內設施,台北,台北市,65,1.6,Low Risk,風險較低,25
成德國小,臺北市南港區,25.0469,121.5869,True,室內設施,台北,台北市,65,2.66,Low Risk,風險較低,25
蘆竹區公所三樓禮堂,桃園市蘆竹區,25.046998,121.295049,True,室內設施,桃園,桃園市,72,5.97,Low Risk,風險較低,25
義學國中,新北市泰山區,25.0472,121.4347,True,室內設施,新北,新北市,58,4.35,Low Risk,風險較低,25
義學國小,新北市泰山區,25.0472,121.4347,True,室內設施,新北,新北市,58,4.35,Low Risk,風險較低,25
白雲國小,新北市汐止區,25.047641,121.618882,True,室內設施,台北,台北市,65,5.63,Low Risk,風險較低,25
南美國小,桃園市龜山區,25.047711,121.297367,True,室內設施,桃園,桃園市,72,6.03,Low Risk,風險較低,25
福營行政大樓,新北市新莊區,25.0482,121.4447,True,室內設施,新北,新北市,58,3.88,Low Risk,風險較低,25
永吉國中,臺北市信義區,25.0483,121.5741,True,室內設施,台北,台北市,65,1.91,Low Risk,風險較低,25
中山女中,臺北市中山區,25.0485,121.5371,True,室內設施,台北,台北市,65,3.33,Low Risk,風險較低,25
義仁市民活動中心,新北市泰山區,25.0487,121.4273,True,室內設施,新北,新北市,58,4.98,Low Risk,風險較低,25
中崙高中,臺北市松山區,25.0487,121.5611,True,室內設施,台北,台北市,65,1.8,Low Risk,風險較低,25
臺北市松山運動中心,臺北市松山區,25.049,121.5501,True,室內設施,台北,台北市,65,2.35,Low Risk,風險較低,25
敦化國小,臺北市松山區,25.0491,121.5485,True,室內設施,台北,台北市,65,2.47,Low Risk,風險較低,25
長安國中,臺北市中山區,25.0494,121.5319,True,室內設施,台北,台北市,65,3.84,Low Risk,風險較低,25
長安國小,臺北市中山區,25.0497,121.5302,True,室內設施,台北,台北市,65,4.0,Low Risk,風險較低,25
玉泉公園,臺北市大同區,25.0498,121.5077,False,戶外設施,新北,新北市,58,5.81,Warning,最近測站 AQI 58 > 50 且為戶外設施,45
興穀國民小學,新北市三重區,25.0502,121.4755,True,室內設施,新北,新北市,58,3.89,Low Risk,風險較低,25
建成國中,臺北市大同區,25.0503,121.5197,True,室內設施,台北,台北市,65,4.99,Low Risk,風險較低,25
橫科里活動中心,新北市汐止區,25.05045,121.620181,True,室內設施,台北,台北市,65,5.85,Low Risk,風險較低,25
中正國小,臺北市中山區,25.0506,121.5402,True,室內設施,台北,台北市,65,3.21,Low Risk,風險較低,25
南崁國小,桃園市蘆竹區,25.05063298,121.300993,True,室內設施,桃園,桃園市,72,6.34,Low Risk,風險較低,25
龜山婦幼公園,桃園市龜山區,25.050908,121.359767,False,戶外設施,桃園,桃園市,72,8.7,Warning,最近測站 AQI 72 > 50 且為戶外設施,45
文華國小,桃園市龜山區,25.050955,121.365307,True,室內設施,桃園,桃園市,72,9.09,Low Risk,風險較低,25
忠孝國中,臺北市大同區,25.0512,121.5082,True,室內設施,新北,新北市,58,5.95,Low Risk,風險較低,25
松山國小,臺北市松山區,25.0512,121.5793,True,室內設施,台北,台北市,65,2.46,Low Risk,風險較低,25
五福游泳池停車場及旁空地,桃園市蘆竹區,25.05120598,121.294652,False,戶外設施,桃園,桃園市,72,6.44,Warning,最近測站 AQI 72 > 50 且為戶外設施,45
蘆竹區婦幼館,桃園市蘆竹區,25.051391,121.29348,True,室內設施,桃園,桃園市,72,6.47,Low Risk,風險較低,25
豐年國小,新北市新莊區,25.0514,121.4474,True,室內設施,新北,新北市,58,4.09,Low Risk,風險較低,25
新泰國小,新北市新莊區,25.0514,121.4554,True,室內設施,新北,新北市,58,3.86,Low Risk,風險較低,25
仁和宮,新北市貢寮區,25.051427,121.92262,True,室內設施,基隆,基隆市,45,18.51,Low Risk,風險較低,5
敦化國中,臺北市松山區,25.0515,121.5468,True,室內設施,台北,台北市,65,2.78,Low Risk,風險較低,25
臺北體育館,臺北市松山區,25.0517,121.5446,True,室內設施,台北,台北市,65,2.95,Low Risk,風險較低,25
大崗國中,桃園市龜山區,25.051707,121.370832,True,室內設施,桃園,桃園市,72,9.55,Low Risk,風險較低,25
臺北市極限運動訓練中心,臺北市南港區,25.0519,121.6073,True,室內設施,台北,台北市,65,4.72,Low Risk,風險較低,25
私立清傳商職,新北市三重區,25.052,121.4769,True,室內設施,新北,新北市,58,4.12,Low Risk,風險較低,25
樂善社區活動中心,桃園市龜山區,25.052012,121.382177,True,室內設施,新北,新北市,58,8.97,Low Risk,風險較低,25
福壽市民活動中心,新北市新莊區,25.0522,121.4576,True,室內設施,新北,新北市,58,3.91,Low Risk,風險較低,25
西松國小,臺北市松山區,25.0522,121.5636,True,室內設施,台北,台北市,65,2.14,Low Risk,風險較低,25
大坑社區活動中心,桃園市龜山區,25.05223,121.328662,True,室內設施,桃園,桃園市,72,7.09,Low Risk,風險較低,25
南崁高中,桃園市蘆竹區,25.052285,121.297216,True,室內設施,桃園,桃園市,72,6.54,Low Risk,風險較低,25
埔心社區活動中心,桃園市大園區,25.052378,121.225524,True,室內設施,桃園,桃園市,72,10.03,Low Risk,風險較低,30
南港高中,臺北市南港區,25.0525,121.595,True,室內設施,台北,台北市,65,3.69,Low Risk,風險較低,25
民安國小,新北市新莊區,25.0529,121.4661,True,室內設施,新北,新北市,58,3.98,Low Risk,風險較低,25
三港集會所,新北市雙溪區,25.053,121.878,True,室內設施,基隆,基隆市,45,14.59,Low Risk,風險較低,5
玉成國小,臺北市南港區,25.05364,121.594769,True,室內設施,台北,台北市,65,3.74,Low Risk,風險較低,25
福營國中,新北市新莊區,25.0538,121.4445,True,室內設施,新北,新北市,58,4.45,Low Risk,風險較低,25
誠正國中,臺北市南港區,25.0541,121.6187,True,室內設施,台北,台北市,65,5.86,Low Risk,風險較低,25
同榮國小,新北市泰山區,25.0546,121.4282,True,室內設施,新北,新北市,58,5.4,Low Risk,風險較低,25
新北市立三重高中,新北市三重區,25.0547,121.4915,True,室內設施,新北,新北市,58,5.08,Low Risk,風險較低,25
吉林國小,臺北市中山區,25.0547,121.5296,True,室內設施,台北,台北市,65,4.34,Low Risk,風險較低,25
澳底圖書館,新北市貢寮區,25.054775,121.926916,True,室內設施,基隆,基隆市,45,18.73,Low Risk,風險較低,5
南崁國中,桃園市蘆竹區,25.054812,121.298375,True,室內設施,桃園,桃園市,72,6.81,Low Risk,風險較低,25
長春國小,臺北市中山區,25.0549,121.5339,True,室內設施,台北,台北市,65,4.0,Low Risk,風險較低,25
澳底國小大禮堂,新北市貢寮區,25.0549,121.9246,True,室內設施,基隆,基隆市,45,18.51,Low Risk,風險較低,5
慶安宮,新北市貢寮區,25.054921,121.923804,True,室內設施,基隆,基隆市,45,18.44,Low Risk,風險較低,5
大同高中,臺北市中山區,25.055,121.5351,True,室內設施,台北,台北市,65,3.91,Low Risk,風險較低,25
新泰國中,新北市新莊區,25.0551,121.4594,True,室內設施,新北,新北市,58,4.21,Low Risk,風險較低,25
日新國小,臺北市大同區,25.0553,121.5167,True,室內設施,台北,台北市,65,5.5,Low Risk,風險較低,25
白雲里活動中心,新北市汐止區,25.05542,121.656768,True,室內設施,台北,台北市,65,9.54,Low Risk,風險較低,25
泰山體育館,新北市泰山區,25.0556,121.4263,True,室內設施,新北,新北市,58,5.61,Low Risk,風險較低,25
西松高中,臺北市松山區,25.0556,121.5671,True,室內設施,台北,台北市,65,2.52,Low Risk,風險較低,25
三光國民小學,新北市三重區,25.0561,121.4968,True,室內設施,新北,新北市,58,5.53,Low Risk,風險較低,25
東新國小,臺北市南港區,25.0562,121.602,True,室內設施,台北,台北市,65,4.5,Low Risk,風險較低,25
昌隆國小,新北市新莊區,25.0563,121.448,True,室內設施,新北,新北市,58,4.58,Low Risk,風險較低,25
南港高工,臺北市南港區,25.0563,121.6072,True,室內設施,台北,台北市,65,4.94,Low Risk,風險較低,25
南港展覽館,基隆市中正區,25.056376,121.617345,True,室內設施,台北,台北市,65,5.84,Low Risk,風險較低,25
興化國小,新北市新莊區,25.0564,121.4556,True,室內設施,新北,新北市,58,4.4,Low Risk,風險較低,25
介壽國中,臺北市松山區,25.0564,121.5565,True,室內設施,台北,台北市,65,2.75,Low Risk,風險較低,25
集美國民小學,新北市三重區,25.0565,121.4879,True,室內設施,新北,新北市,58,5.05,Low Risk,風險較低,25
蓬萊國小,臺北市大同區,25.0565,121.5155,True,室內設施,台北,台北市,65,5.67,Low Risk,風險較低,25
民生國小,臺北市松山區,25.0565,121.552,True,室內設施,台北,台北市,65,2.94,Low Risk,風險較低,25
健康國小,臺北市松山區,25.0566,121.5629,True,室內設施,台北,台北市,65,2.64,Low Risk,風險較低,25
泰山高中,新北市泰山區,25.0573,121.4285,True,室內設施,新北,新北市,58,5.61,Low Risk,風險較低,25
南港國小,臺北市南港區,25.0575,121.6104,True,室內設施,台北,台北市,65,5.29,Low Risk,風險較低,25
明志市民活動中心,新北市泰山區,25.0577,121.4299,True,室內設施,新北,新北市,58,5.56,Low Risk,風險較低,25
菜寮市民活動中心,新北市三重區,25.0578,121.4928,True,室內設施,新北,新北市,58,5.44,Low Risk,風險較低,25
潮音國小,桃園市大園區,25.057905,121.168175,True,室內設施,桃園,桃園市,72,15.17,Low Risk,風險較低,30
育成高中,臺北市南港區,25.0587,121.6092,True,室內設施,台北,台北市,65,5.26,Low Risk,風險較低,25
光興國民小學,新北市三重區,25.0589,121.4988,True,室內設施,新北,新北市,58,5.9,Low Risk,風險較低,25
民族國小,臺北市松山區,25.0589,121.5519,True,室內設施,台北,台北市,65,3.18,Low Risk,風險較低,25
北峰國小,新北市汐止區,25.058956,121.629106,True,室內設施,台北,台北市,65,7.04,Low Risk,風險較低,25
大園國小學生活動中心,桃園市大園區,25.059085,121.202671,True,室內設施,桃園,桃園市,72,12.3,Low Risk,風險較低,30
泰山區公所,新北市泰山區,25.0592,121.4314,False,戶外設施,新北,新北市,58,5.61,Warning,最近測站 AQI 58 > 50 且為戶外設施,45
東山國小,新北市汐止區,25.059723,121.699553,True,室內設施,基隆,基隆市,45,9.84,Low Risk,風險較低,0
民生國中,臺北市松山區,25.0598,121.5673,True,室內設施,台北,台北市,65,2.99,Low Risk,風險較低,25
過圳市民活動中心,新北市三重區,25.0601,121.4881,True,室內設施,新北,新北市,58,5.41,Low Risk,風險較低,25
雙蓮國小,臺北市大同區,25.0601,121.5167,True,室內設施,台北,台北市,65,5.76,Low Risk,風險較低,25
東方科學園區,新北市汐止區,25.060367,121.64793,True,室內設施,台北,台北市,65,8.85,Low Risk,風險較低,25
中山國中,臺北市松山區,25.0605,121.5455,True,室內設施,台北,台北市,65,3.66,Low Risk,風險較低,25
潭美國小,臺北市內湖區,25.0609,121.5908,True,室內設施,台北,台北市,65,4.02,Low Risk,風險較低,25
中正社區活動中心,新北市雙溪區,25.061,121.8515,True,室內設施,基隆,基隆市,45,11.93,Low Risk,風險較低,5
三重區公所,新北市三重區,25.0611,121.4885,True,室內設施,新北,新北市,58,5.53,Low Risk,風險較低,25
青山國中小,新北市汐止區,25.061158,121.656653,True,室內設施,台北,台北市,65,9.71,Low Risk,風險較低,25
成淵高中,臺北市大同區,25.0613,121.5185,True,室內設施,台北,台北市,65,5.68,Low Risk,風險較低,25
太平國小,臺北市大同區,25.0614,121.5114,True,室內設施,台北,台北市,65,6.29,Low Risk,風險較低,25
永樂國小,臺北市大同區,25.0617,121.5111,True,室內設施,台北,台北市,65,6.33,Low Risk,風險較低,25
民權公園,臺北市松山區,25.0619,121.5575,False,戶外設施,台北,台北市,65,3.31,Warning,最近測站 AQI 65 > 50 且為戶外設施,45
楓樹福泰市民活動中心,新北市泰山區,25.062,121.4345,True,室內設施,新北,新北市,58,5.72,Low Risk,風險較低,25
新生公園棒球場,臺北市中山區,25.062,121.5258,False,戶外設施,台北,台北市,65,5.13,Warning,最近測站 AQI 65 > 50 且為戶外設施,45
新興國中,臺北市中山區,25.062,121.5258,True,室內設施,台北,台北市,65,5.13,Low Risk,風險較低,25
臺北市中山運動中心,臺北市中山區,25.062,121.5258,True,室內設施,台北,台北市,65,5.13,Low Risk,風險較低,25
公西社區活動中心,桃園市龜山區,25.062299,121.36028,True,室內設施,桃園,桃園市,72,9.7,Low Risk,風險較低,25
泰山國小,新北市泰山區,25.0623,121.4313,True,室內設施,新北,新北市,58,5.91,Low Risk,風險較低,25
民權國小,臺北市松山區,25.0625,121.5623,True,室內設施,台北,台北市,65,3.3,Low Risk,風險較低,25
碧華國民中學,新北市三重區,25.0626,121.4903,True,室內設施,新北,新北市,58,5.76,Low Risk,風險較低,25
榮星花園公園,臺北市中山區,25.0626,121.5402,False,戶外設施,台北,台北市,65,4.16,Warning,最近測站 AQI 65 > 50 且為戶外設施,45
大園社區活動中心,桃園市大園區,25.062655,121.200297,True,室內設施,桃園,桃園市,72,12.72,Low Risk,風險較低,30
黎明市民活動中心,新北市泰山區,25.0627,121.421,True,室內設施,新北,新北市,58,6.55,Low Risk,風險較低,25
牡丹國小,新北市雙溪區,25.0627,121.8517,True,室內設施,基隆,基隆市,45,11.82,Low Risk,風險較低,5
秀峰國小,新北市汐止區,25.062874,121.661377,True,室內設施,台北,台北市,65,10.22,Low Risk,風險較低,30
中山國小,臺北市中山區,25.0629,121.5263,True,室內設施,台北,台北市,65,5.15,Low Risk,風險較低,25
三重區綜合運動場,新北市三重區,25.063033,121.489253,False,戶外設施,新北,新北市,58,5.76,Warning,最近測站 AQI 58 > 50 且為戶外設施,45
三民國小,臺北市松山區,25.0633,121.5643,True,室內設施,台北,台北市,65,3.37,Low Risk,風險較低,25
明志國民中學,新北市三重區,25.0634,121.4892,True,室內設施,新北,新北市,58,5.79,Low Risk,風險較低,25
民權國中,臺北市大同區,25.0635,121.5139,True,室內設施,台北,台北市,65,6.2,Low Risk,風險較低,25
五常國中,臺北市中山區,25.0635,121.5431,True,室內設施,台北,台北市,65,4.07,Low Risk,風險較低,25
汐止區公所行政中心,新北市汐止區,25.063774,121.658894,True,室內設施,台北,台北市,65,10.02,Low Risk,風險較低,30
五常國小,臺北市中山區,25.0642,121.5422,True,室內設施,台北,台北市,65,4.18,Low Risk,風險較低,25
大橋國小,臺北市大同區,25.0643,121.5134,True,室內設施,台北,台北市,65,6.29,Low Risk,風險較低,25
正義國民小學,新北市三重區,25.0644,121.4961,True,室內設施,新北,新北市,58,6.24,Low Risk,風險較低,25
行政區民活動中心,臺北市中山區,25.0644,121.5335,True,室內設施,台北,台北市,65,4.75,Low Risk,風險較低,25
私立東海高中,新北市三重區,25.0648,121.4787,True,室內設施,新北,新北市,58,5.53,Low Risk,風險較低,25
大同國小,臺北市大同區,25.0648,121.5161,True,室內設施,台北,台北市,65,6.1,Low Risk,風險較低,25
長興社區活動中心,桃園市蘆竹區,25.06484198,121.267905,True,室內設施,桃園,桃園市,72,8.59,Low Risk,風險較低,25
內厝河濱公園,桃園市蘆竹區,25.06511398,121.278033,False,戶外設施,桃園,桃園市,72,8.28,Warning,最近測站 AQI 72 > 50 且為戶外設施,45
泰山國中,新北市泰山區,25.0652,121.426,True,室內設施,新北,新北市,58,6.47,Low Risk,風險較低,25
二重國民小學,新北市三重區,25.0652,121.478,True,室內設施,新北,新北市,58,5.55,Low Risk,風險較低,25
福安廟,新北市貢寮區,25.0655,121.8952,True,室內設施,基隆,基隆市,45,15.34,Low Risk,風險較低,5
二重國民中學,新北市三重區,25.0657,121.4805,True,室內設施,新北,新北市,58,5.68,Low Risk,風險較低,25
黎明技術學院,新北市泰山區,25.0658,121.4199,True,室內設施,新北,新北市,58,6.89,Low Risk,風險較低,25
裕民國小,新北市新莊區,25.0659,121.4616,True,室內設施,新北,新北市,58,5.4,Low Risk,風險較低,25
樟樹國中,新北市汐止區,25.06594,121.639893,True,室內設施,台北,台北市,65,8.35,Low Risk,風險較低,25
延平國小,臺北市大同區,25.066,121.5124,True,室內設施,台北,台北市,65,6.48,Low Risk,風險較低,25
修德國民小學,新北市三重區,25.0661,121.489,True,室內設施,新北,新北市,58,6.05,Low Risk,風險較低,25
大園區老人文康活動中心,桃園市大園區,25.066173,121.193358,True,室內設施,桃園,桃園市,72,13.52,Low Risk,風險較低,30
重陽國民小學,新北市三重區,25.0663,121.4845,True,室內設施,新北,新北市,58,5.88,Low Risk,風險較低,25
秀峰高中,新北市汐止區,25.066456,121.661912,True,室內設施,台北,台北市,65,10.41,Low Risk,風險較低,30
樟樹國小,新北市汐止區,25.066498,121.641767,True,室內設施,台北,台北市,65,8.55,Low Risk,風險較低,25
汐止國小,新北市汐止區,25.066688,121.654876,True,室內設施,台北,台北市,65,9.76,Low Risk,風險較低,25
南湖高中,臺北市內湖區,25.0669,121.6111,True,室內設施,台北,台北市,65,5.95,Low Risk,風險較低,25
汐止國中,新北市汐止區,25.066957,121.658337,True,室內設施,台北,台北市,65,10.09,Low Risk,風險較低,30
師範大學林口校區體育館,新北市林口區,25.067902,121.397844,True,室內設施,新北,新北市,58,8.61,Low Risk,風險較低,25
林口市民活動中心,新北市林口區,25.068,121.3717,True,室內設施,新北,新北市,58,10.75,Low Risk,風險較低,30
崇林國中,新北市林口區,25.0681,121.3703,True,室內設施,桃園,桃園市,72,10.83,Low Risk,風險較低,30
正義市民活動中心,新北市三重區,25.0682,121.4975,True,室內設施,新北,新北市,58,6.67,Low Risk,風險較低,25
東湖國小,臺北市內湖區,25.0685,121.6158,True,室內設施,台北,台北市,65,6.43,Low Risk,風險較低,25
麗園國小,新北市林口區,25.0686,121.3762,True,室內設施,新北,新北市,58,10.4,Low Risk,風險較低,30
麗林國小,新北市林口區,25.0687,121.3679,True,室內設施,桃園,桃園市,72,10.73,Low Risk,風險較低,30
東勢市民活動中心,新北市林口區,25.068777,121.377252,True,室內設施,新北,新北市,58,10.32,Low Risk,風險較低,30
新湖國小,臺北市內湖區,25.0688,121.5887,True,室內設施,台北,台北市,65,4.62,Low Risk,風險較低,25
金龍國小,新北市汐止區,25.068806,121.627046,True,室內設施,台北,台北市,65,7.38,Low Risk,風險較低,25
麗園市民活動中心,新北市林口區,25.068979,121.373756,True,室內設施,新北,新北市,58,10.63,Low Risk,風險較低,30
三民國中,臺北市內湖區,25.0691,121.5862,True,室內設施,台北,台北市,65,4.53,Low Risk,風險較低,25
茄苳里活動中心,新北市汐止區,25.069255,121.672058,True,室內設施,基隆,基隆市,45,11.09,Low Risk,風險較低,5
蘭州國中,臺北市大同區,25.0693,121.5167,True,室內設施,台北,台北市,65,6.35,Low Risk,風險較低,25
內湖區行政大樓,臺北市內湖區,25.069324,121.586898,True,室內設施,台北,台北市,65,4.58,Low Risk,風險較低,25
崇德國小,新北市汐止區,25.069578,121.669187,True,室內設施,台北,台北市,65,11.22,Low Risk,風險較低,30
新北市立三重商工,新北市三重區,25.0696,121.4801,True,室內設施,新北,新北市,58,6.08,Low Risk,風險較低,25
私立穀保家商,新北市三重區,25.0697,121.4711,True,室內設施,新北,新北市,58,5.89,Low Risk,風險較低,25
更寮國民小學,新北市五股區,25.0698,121.4677,True,室內設施,新北,新北市,58,5.86,Low Risk,風險較低,25
六張市民活動中心,新北市三重區,25.0702,121.4938,True,室內設施,新北,新北市,58,6.67,Low Risk,風險較低,25
三重國民小學,新北市三重區,25.0704,121.4973,True,室內設施,新北,新北市,58,6.87,Low Risk,風險較低,25
光榮國民中學,新北市三重區,25.0705,121.4999,True,室內設施,新北,新北市,58,7.01,Low Risk,風險較低,25
崇德橋東市民活動中心,新北市汐止區,25.070551,121.666953,True,室內設施,台北,台北市,65,11.05,Low Risk,風險較低,30
南湖國小,臺北市內湖區,25.0706,121.6107,True,室內設施,台北,台北市,65,6.19,Low Risk,風險較低,25
明湖國中,臺北市內湖區,25.0706,121.6107,True,室內設施,台北,台北市,65,6.19,Low Risk,風險較低,25
大園國中學生活動中心,桃園市大園區,25.070687,121.205022,True,室內設施,桃園,桃園市,72,12.92,Low Risk,風險較低,30
和平市民活動中心,新北市三重區,25.0707,121.4874,True,室內設施,新北,新北市,58,6.45,Low Risk,風險較低,25
厚德國民小學,新北市三重區,25.0707,121.4874,True,室內設施,新北,新北市,58,6.45,Low Risk,風險較低,25
老人文康活動中心禮堂,新北市三重區,25.0707,121.4884,True,室內設施,新北,新北市,58,6.49,Low Risk,風險較低,25
光榮國民小學,新北市三重區,25.0709,121.5013,True,室內設施,新北,新北市,58,7.13,Low Risk,風險較低,25
明湖國小,臺北市內湖區,25.0711,121.6106,True,室內設施,台北,台北市,65,6.22,Low Risk,風險較低,25
更寮國小-室內,嘉義縣六腳鄉,25.071216,121.467216,True,室內設施,新北,新北市,58,6.01,Low Risk,風險較低,25
保長坑訓練中心,新北市汐止區,25.071337,121.679316,True,室內設施,基隆,基隆市,45,10.37,Low Risk,風險較低,5
德音國民小學,新北市五股區,25.0714,121.4345,True,室內設施,新北,新北市,58,6.64,Low Risk,風險較低,25
山鼻內厝聯合里民活動中心,桃園市蘆竹區,25.071722,121.287518,True,室內設施,桃園,桃園市,72,8.79,Low Risk,風險較低,25
保長國小,新北市汐止區,25.071773,121.680851,True,室內設施,基隆,基隆市,45,10.21,Low Risk,風險較低,5
仁愛市民活動中心,新北市林口區,25.071966,121.37391,True,室內設施,新北,新北市,58,10.8,Low Risk,風險較低,30
東湖國中,臺北市內湖區,25.0723,121.6195,True,室內設施,台北,台北市,65,6.99,Low Risk,風險較低,25
大園區北港社區活動中心,桃園市大園區,25.072941,121.164351,True,室內設施,桃園,桃園市,72,16.35,Low Risk,風險較低,30
三石社區活動中心,桃園市大園區,25.073,121.25823,True,室內設施,桃園,桃園市,72,9.82,Low Risk,風險較低,25
麗湖國小,臺北市內湖區,25.0731,121.6013,True,室內設施,台北,台北市,65,5.74,Low Risk,風險較低,25
大佳國小,臺北市中山區,25.0733,121.5359,True,室內設施,台北,台北市,65,5.38,Low Risk,風險較低,25
大龍國小,臺北市大同區,25.0734,121.5167,True,室內設施,台北,台北市,65,6.65,Low Risk,風險較低,25
林口高中,新北市林口區,25.0736,121.381,True,室內設施,新北,新北市,58,10.32,Low Risk,風險較低,30
格致高級中學,新北市三重區,25.0738,121.4887,True,室內設施,新北,新北市,58,6.81,Low Risk,風險較低,25
南勢市民活動中心,新北市林口區,25.073835,121.359019,True,室內設施,桃園,桃園市,72,10.67,Low Risk,風險較低,30
南勢國小,新北市林口區,25.075,121.3588,True,室內設施,桃園,桃園市,72,10.76,Low Risk,風險較低,30
明倫高中,臺北市大同區,25.0755,121.5199,True,室內設施,台北,台北市,65,6.58,Low Risk,風險較低,25
憲訓中心,新北市五股區,25.0758,121.4349,True,室內設施,新北,新北市,58,7.07,Low Risk,風險較低,25
后厝社區活動中心,桃園市大園區,25.075842,121.211571,True,室內設施,桃園,桃園市,72,12.84,Low Risk,風險較低,30
重慶國中,臺北市大同區,25.0759,121.5179,True,室內設施,台北,台北市,65,6.76,Low Risk,風險較低,25
臺北市大同運動中心,臺北市大同區,25.0759,121.5179,True,室內設施,台北,台北市,65,6.76,Low Risk,風險較低,25
永盛市民活動中心,新北市三重區,25.0764,121.4846,True,室內設施,新北,新北市,58,6.94,Low Risk,風險較低,25
三和國民中學,新北市三重區,25.0766,121.4865,True,室內設施,新北,新北市,58,7.02,Low Risk,風險較低,25
林口區公所,新北市林口區,25.0767,121.3885,True,室內設施,新北,新北市,58,9.96,Low Risk,風險較低,25
得仁市民活動中心,新北市蘆洲區,25.0767,121.469,True,室內設施,新北,新北市,58,6.64,Low Risk,風險較低,25
林口國中活動中心,新北市林口區,25.0769,121.3769,True,室內設施,新北,新北市,58,10.88,Low Risk,風險較低,30
永福國民小學,新北市三重區,25.077,121.4806,True,室內設施,新北,新北市,58,6.88,Low Risk,風險較低,25
內湖國中,臺北市內湖區,25.077,121.5887,True,室內設施,台北,台北市,65,5.43,Low Risk,風險較低,25
長安里民活動中心,基隆市七堵區,25.0771,121.6928,True,室內設施,基隆,基隆市,45,8.91,Low Risk,風險較低,0
濱江國小,臺北市中山區,25.0773,121.5617,True,室內設施,台北,台北市,65,4.94,Low Risk,風險較低,25
麗林市民活動中心,新北市林口區,25.0774,121.394,True,室內設施,新北,新北市,58,9.61,Low Risk,風險較低,25
北安國中,臺北市中山區,25.0778,121.5416,True,室內設施,台北,台北市,65,5.53,Low Risk,風險較低,25
內湖高中,臺北市內湖區,25.0784,121.5865,True,室內設施,台北,台北市,65,5.48,Low Risk,風險較低,25
臺北市內湖運動中心,臺北市內湖區,25.0784,121.5865,True,室內設施,台北,台北市,65,5.48,Low Risk,風險較低,25
新北特殊教育學校,新北市林口區,25.078446,121.365938,True,室內設施,桃園,桃園市,72,11.48,Low Risk,風險較低,30
民生市民活動中心,新北市蘆洲區,25.0785,121.4728,True,室內設施,新北,新北市,58,6.88,Low Risk,風險較低,25
永安國小,臺北市中山區,25.0787,121.5494,True,室內設施,台北,台北市,65,5.33,Low Risk,風險較低,25
長安市民活動中心,新北市汐止區,25.079073,121.670529,True,室內設施,基隆,基隆市,45,10.6,Low Risk,風險較低,5
內湖國小,臺北市內湖區,25.0791,121.5802,True,室內設施,台北,台北市,65,5.34,Low Risk,風險較低,25
長安國小,新北市汐止區,25.079315,121.670789,True,室內設施,基隆,基隆市,45,10.56,Low Risk,風險較低,5
更新市民活動中心,新北市五股區,25.0794,121.4573,True,室內設施,新北,新北市,58,6.93,Low Risk,風險較低,25
大直高中,臺北市中山區,25.0794,121.5428,True,室內設施,台北,台北市,65,5.64,Low Risk,風險較低,25
醒吾高中,新北市林口區,25.07957,121.395779,True,室內設施,新北,新北市,58,9.65,Low Risk,風險較低,25
溪墘湧蓮市民活動中心,新北市蘆洲區,25.079572,121.476051,True,室內設施,新北,新北市,58,7.06,Low Risk,風險較低,25
竹林山觀音寺活動中心,新北市林口區,25.0796,121.3958,True,室內設施,新北,新北市,58,9.65,Low Risk,風險較低,25
濱江國中,臺北市中山區,25.0796,121.5607,True,室內設施,台北,台北市,65,5.2,Low Risk,風險較低,25
內湖高工,臺北市內湖區,25.0797,121.5754,True,室內設施,台北,台北市,65,5.29,Low Risk,風險較低,25
劍潭國小,臺北市士林區,25.0799,121.5229,True,室內設施,台北,台北市,65,6.75,Low Risk,風險較低,25
康寧國小,臺北市內湖區,25.08,121.5949,True,室內設施,台北,台北市,65,6.01,Low Risk,風險較低,25
佳林國中,新北市林口區,25.0803,121.3842,True,室內設施,新北,新北市,58,10.55,Low Risk,風險較低,30
徐匯中學,新北市蘆洲區,25.0803,121.48,True,室內設施,新北,新北市,58,7.22,Low Risk,風險較低,25
大直國小,臺北市中山區,25.0805,121.5464,True,室內設施,台北,台北市,65,5.62,Low Risk,風險較低,25
內海貴文宮,桃園市大園區,25.080507,121.185356,True,室內設施,桃園,桃園市,72,15.14,Low Risk,風險較低,30
長安市民活動中心,新北市蘆洲區,25.0807,121.4619,True,室內設施,新北,新北市,58,7.05,Low Risk,風險較低,25
林口國小,新北市林口區,25.0808,121.3899,True,室內設施,新北,新北市,58,10.17,Low Risk,風險較低,30
實踐里民活動中心,基隆市七堵區,25.081,121.7004,True,室內設施,基隆,基隆市,45,8.05,Low Risk,風險較低,0
永安兒童公園市民活動中心,新北市蘆洲區,25.081635,121.481944,False,戶外設施,新北,新北市,58,7.42,Warning,最近測站 AQI 58 > 50 且為戶外設施,45
麗山國中,臺北市內湖區,25.0817,121.5752,True,室內設施,台北,台北市,65,5.5,Low Risk,風險較低,25
中路市民活動中心,新北市蘆洲區,25.0821,121.4675,True,室內設施,新北,新北市,58,7.22,Low Risk,風險較低,25
頭湖國小,新北市林口區,25.0827,121.3729,True,室內設施,新北,新北市,58,11.59,Low Risk,風險較低,30
堵南里民活動中心,基隆市七堵區,25.0827,121.6877,True,室內設施,基隆,基隆市,45,8.93,Low Risk,風險較低,0
大湖公園,臺北市內湖區,25.082835,121.603982,False,戶外設施,台北,台北市,65,6.77,Warning,最近測站 AQI 65 > 50 且為戶外設施,45
立體停車場,新北市五股區,25.083,121.4393,True,室內設施,新北,新北市,58,7.67,Low Risk,風險較低,25
堵南國小活動中心,基隆市七堵區,25.0832,121.6922,True,室內設施,基隆,基隆市,45,8.53,Low Risk,風險較低,0
五股國民中學,新北市五股區,25.0833,121.4357,True,室內設施,新北,新北市,58,7.82,Low Risk,風險較低,25
暖東里民活動中心,基隆市暖暖區,25.0833,121.7481,True,室內設施,基隆,基隆市,45,5.24,Low Risk,風險較低,0
五股國民小學,新北市五股區,25.0834,121.4377,True,室內設施,新北,新北市,58,7.76,Low Risk,風險較低,25
堵北里民活動中心,基隆市七堵區,25.0834,121.6953,True,室內設施,基隆,基隆市,45,8.27,Low Risk,風險較低,0
財團法人臺灣省臺北縣基督教徒蘆洲,新北市蘆洲區,25.0835,121.4786,True,室內設施,新北,新北市,58,7.54,Low Risk,風險較低,25
麗山國小,臺北市內湖區,25.0836,121.5725,True,室內設施,台北,台北市,65,5.67,Low Risk,風險較低,25
葫蘆國小,臺北市士林區,25.0837,121.507,True,室內設施,台北,台北市,65,8.15,Low Risk,風險較低,25
百福國中活動中心,基隆市七堵區,25.0837,121.6987,True,室內設施,基隆,基隆市,45,7.98,Low Risk,風險較低,0
西湖國小,臺北市內湖區,25.0838,121.5657,True,室內設施,台北,台北市,65,5.65,Low Risk,風險較低,25
蘆洲國小,新北市蘆洲區,25.0841,121.47,True,室內設施,新北,新北市,58,7.47,Low Risk,風險較低,25
麗山高中,臺北市內湖區,25.0841,121.5779,True,室內設施,台北,台北市,65,5.82,Low Risk,風險較低,25
湖南市民活動中心,新北市林口區,25.0844,121.3742,True,室內設施,新北,新北市,58,11.61,Low Risk,風險較低,30
蘆洲區公所,新北市蘆洲區,25.0847,121.4739,True,室內設施,新北,新北市,58,7.58,Low Risk,風險較低,25
碧華國民小學,新北市三重區,25.085115,121.490369,True,室內設施,新北,新北市,58,8.05,Low Risk,風險較低,25
鷺江國小,新北市蘆洲區,25.0853,121.4769,True,室內設施,新北,新北市,58,7.7,Low Risk,風險較低,25
碧湖國小,臺北市內湖區,25.0853,121.5911,True,室內設施,台北,台北市,65,6.37,Low Risk,風險較低,25
成功國小,新北市蘆洲區,25.0857,121.4575,True,室內設施,新北,新北市,58,7.62,Low Risk,風險較低,25
重陽市民活動中心,新北市蘆洲區,25.0857,121.4837,True,室內設施,新北,新北市,58,7.9,Low Risk,風險較低,25
文湖國小,臺北市內湖區,25.0858,121.5601,True,室內設施,台北,台北市,65,5.9,Low Risk,風險較低,25
西湖國中,臺北市內湖區,25.0858,121.5657,True,室內設施,台北,台北市,65,5.87,Low Risk,風險較低,25
百齡國小,臺北市士林區,25.0862,121.5178,True,室內設施,台北,台北市,65,7.61,Low Risk,風險較低,25
泰安里民活動中心,基隆市七堵區,25.0864,121.7114,True,室內設施,基隆,基隆市,45,6.83,Low Risk,風險較低,0
五華國民小學,新北市三重區,25.0865,121.4931,True,室內設施,新北,新北市,58,8.29,Low Risk,風險較低,25
三民高中,新北市蘆洲區,25.0866,121.4723,True,室內設施,新北,新北市,58,7.77,Low Risk,風險較低,25
百齡高中,臺北市士林區,25.087,121.523,True,室內設施,台北,台北市,65,7.37,Low Risk,風險較低,25
蘆洲國中,新北市蘆洲區,25.0871,121.4664,True,室內設施,新北,新北市,58,7.77,Low Risk,風險較低,25
新北市立新北高中,新北市三重區,25.0874,121.4899,True,室內設施,新北,新北市,58,8.27,Low Risk,風險較低,25
山腳國中,桃園市蘆竹區,25.088009,121.278634,False,戶外設施,桃園,桃園市,72,10.74,Warning,最近測站 AQI 72 > 50 且為戶外設施,50
大湖國小,臺北市內湖區,25.0881,121.6003,True,室內設施,台北,台北市,65,7.06,Low Risk,風險較低,25
百福里民活動中心,基隆市七堵區,25.0881,121.695,True,室內設施,基隆,基隆市,45,7.98,Low Risk,風險較低,0
猴硐國小,新北市瑞芳區,25.0889,121.8296,True,室內設施,基隆,基隆市,45,8.31,Low Risk,風險較低,0
忠義國小,新北市蘆洲區,25.0893,121.4639,True,室內設施,新北,新北市,58,8.01,Low Risk,風險較低,25
北港國小,新北市汐止區,25.089404,121.645595,True,室內設施,台北,台北市,65,10.23,Low Risk,風險較低,30
天母棒球場,臺北市士林區,25.0898,121.5029,False,戶外設施,台北,台北市,65,8.92,Warning,最近測站 AQI 65 > 50 且為戶外設施,45
臺北市士林運動中心,臺北市士林區,25.0898,121.5029,True,室內設施,台北,台北市,65,8.92,Low Risk,風險較低,25
社子國小,臺北市士林區,25.0898,121.5029,True,室內設施,台北,台北市,65,8.92,Low Risk,風險較低,25
鷺江國中,新北市蘆洲區,25.0903,121.4618,True,室內設施,新北,新北市,58,8.12,Low Risk,風險較低,25
公民會館,新北市五股區,25.090383,121.440224,True,室內設施,新北,新北市,58,8.43,Low Risk,風險較低,25
永平市民活動中心,新北市蘆洲區,25.0904,121.4592,True,室內設施,新北,新北市,58,8.14,Low Risk,風險較低,25
六堵里民活動中心,基隆市七堵區,25.0908,121.7015,True,室內設施,基隆,基隆市,45,7.28,Low Risk,風險較低,0
仁愛國小,新北市蘆洲區,25.0915,121.471,True,室內設施,新北,新北市,58,8.29,Low Risk,風險較低,25
陽明高中,臺北市士林區,25.0918,121.5172,True,室內設施,台北,台北市,65,8.14,Low Risk,風險較低,25
友一里民活動中心,基隆市七堵區,25.0921,121.6688,True,室內設施,基隆,基隆市,45,10.07,Low Risk,風險較低,5
水湳市民活動中心,新北市蘆洲區,25.0927,121.4731,True,室內設施,新北,新北市,58,8.45,Low Risk,風險較低,25
士林國小,臺北市士林區,25.0928,121.5251,True,室內設施,台北,台北市,65,7.79,Low Risk,風險較低,25
士林國中,臺北市士林區,25.0943,121.5226,True,室內設施,台北,台北市,65,8.07,Low Risk,風險較低,25
成功市民活動中心,新北市五股區,25.0944,121.4461,True,室內設施,新北,新北市,58,8.73,Low Risk,風險較低,25
大古山停車場,桃園市蘆竹區,25.09457695,121.28829,True,室內設施,桃園,桃園市,72,11.3,Low Risk,風險較低,30
基隆高級商工職業學校,基隆市七堵區,25.0949,121.7173,True,室內設施,基隆,基隆市,45,5.75,Low Risk,風險較低,0
士林高商,臺北市士林區,25.095,121.5163,True,室內設施,台北,台北市,65,8.48,Low Risk,風險較低,25
長興里民活動中心,基隆市七堵區,25.095,121.718,True,室內設施,基隆,基隆市,45,5.69,Low Risk,風險較低,0
士林官邸公園,臺北市士林區,25.0951,121.5303,False,戶外設施,台北,台北市,65,7.76,Warning,最近測站 AQI 65 > 50 且為戶外設施,45
暖西里民活動中心,基隆市暖暖區,25.0951,121.738,True,室內設施,基隆,基隆市,45,4.39,Low Risk,風險較低,0
碇祥里民活動中心,基隆市暖暖區,25.0955,121.7538,True,室內設施,基隆,基隆市,45,3.8,Low Risk,風險較低,0
碇內里民活動中心,基隆市暖暖區,25.0958,121.7538,True,室內設施,基隆,基隆市,45,3.76,Low Risk,風險較低,0
碇內國中,基隆市暖暖區,25.0961,121.7495,True,室內設施,基隆,基隆市,45,3.83,Low Risk,風險較低,0
暖暖里民活動中心,基隆市暖暖區,25.0971,121.7354,True,室內設施,基隆,基隆市,45,4.34,Low Risk,風險較低,0
七堵國小活動中心,基隆市七堵區,25.0978,121.7136,True,室內設施,基隆,基隆市,45,5.83,Low Risk,風險較低,0
成州市民活動中心,新北市五股區,25.0981,121.4494,True,室內設施,新北,新北市,58,9.08,Low Risk,風險較低,25
七堵行政大樓6樓,基隆市七堵區,25.0983,121.7166,True,室內設施,基隆,基隆市,45,5.56,Low Risk,風險較低,0
福林國小,臺北市士林區,25.0987,121.5297,True,室內設施,台北,台北市,65,8.14,Low Risk,風險較低,25
永平里民活動中心,基隆市七堵區,25.0995,121.7134,True,室內設施,基隆,基隆市,45,5.74,Low Risk,風險較低,0
文昌國小,臺北市士林區,25.0996,121.5209,True,室內設施,台北,台北市,65,8.66,Low Risk,風險較低,25
地藏禪寺,臺北市士林區,25.099607,121.491108,True,室內設施,新北,新北市,58,9.6,Low Risk,風險較低,25
成州國民小學,新北市五股區,25.0998,121.4505,True,室內設施,新北,新北市,58,9.25,Low Risk,風險較低,25
碇安里民活動中心,基隆市暖暖區,25.0998,121.7555,True,室內設施,基隆,基隆市,45,3.3,Low Risk,風險較低,0
沙崙社區活動中心,桃園市大園區,25.101094,121.222571,True,室內設施,桃園,桃園市,72,14.33,Low Risk,風險較低,30
八德土地公廟,基隆市七堵區,25.1011,121.7166,True,室內設施,基隆,基隆市,45,5.37,Low Risk,風險較低,0
湖北市民活動中心,新北市林口區,25.1013,121.3847,True,室內設施,新北,新北市,58,12.19,Low Risk,風險較低,30
暖同里民活動中心,基隆市暖暖區,25.1015,121.7373,True,室內設施,基隆,基隆市,45,3.84,Low Risk,風險較低,0
自強里民活動中心,基隆市七堵區,25.1022,121.7122,True,室內設施,基隆,基隆市,45,5.68,Low Risk,風險較低,0
海湖國小,桃園市蘆竹區,25.10233,121.26754,True,室內設施,桃園,桃園市,72,12.55,Low Risk,風險較低,30
雨聲國小,臺北市士林區,25.1027,121.5352,True,室內設施,台北,台北市,65,8.33,Low Risk,風險較低,25
福安國中,臺北市士林區,25.1033,121.4874,True,室內設施,新北,新北市,58,9.89,Low Risk,風險較低,25
至善國中,臺北市士林區,25.1035,121.5555,True,室內設施,台北,台北市,65,7.9,Low Risk,風險較低,25
竹圍國小,桃園市大園區,25.103671,121.244253,True,室內設施,桃園,桃園市,72,13.51,Low Risk,風險較低,30
吉慶國小,新北市瑞芳區,25.1037,121.7628,True,室內設施,基隆,基隆市,45,2.85,Low Risk,風險較低,0
中正高中,臺北市北投區,25.1045,121.5165,True,室內設施,台北,台北市,65,9.35,Low Risk,風險較低,25
竹圍社區活動中心,桃園市大園區,25.104511,121.241682,True,室內設施,桃園,桃園市,72,13.7,Low Risk,風險較低,30
過港里民活動中心,基隆市暖暖區,25.1049,121.7383,True,室內設施,基隆,基隆市,45,3.48,Low Risk,風險較低,0
佛祖廟西靈岩寺,新北市貢寮區,25.105105,121.921149,True,室內設施,基隆,基隆市,45,16.44,Low Risk,風險較低,5
雨農國小,臺北市士林區,25.1053,121.5299,True,室內設施,台北,台北市,65,8.8,Low Risk,風險較低,25
爪峰里活動中心,新北市瑞芳區,25.1056,121.8135,True,室內設施,基隆,基隆市,45,5.98,Low Risk,風險較低,0
富安國小,臺北市士林區,25.1058,121.4824,True,室內設施,新北,新北市,58,10.04,Low Risk,風險較低,30
文林國小,臺北市北投區,25.1059,121.5147,True,室內設施,台北,台北市,65,9.58,Low Risk,風險較低,25
雙溪國小,臺北市士林區,25.1061,121.5638,True,室內設施,台北,台北市,65,8.13,Low Risk,風險較低,25
傑魚市民活動中心,新北市瑞芳區,25.1065,121.788,True,室內設施,基隆,基隆市,45,3.78,Low Risk,風險較低,0
福住市民活動中心,新北市瑞芳區,25.106736,121.841768,True,室內設施,基隆,基隆市,45,8.6,Low Risk,風險較低,0
新山里活動中心,新北市瑞芳區,25.107,121.8515,True,室內設施,基隆,基隆市,45,9.53,Low Risk,風險較低,0
九份國小,新北市瑞芳區,25.1071,121.8434,True,室內設施,基隆,基隆市,45,8.74,Low Risk,風險較低,0
復興國小,基隆市七堵區,25.1073,121.6655,True,室內設施,基隆,基隆市,45,9.83,Low Risk,風險較低,0
明德國中,臺北市北投區,25.1075,121.5183,True,室內設施,台北,台北市,65,9.55,Low Risk,風險較低,25
瑞芳國中,新北市瑞芳區,25.1075,121.8145,True,室內設施,基隆,基隆市,45,5.99,Low Risk,風險較低,0
瑞龍市民活動中心,新北市瑞芳區,25.107577,121.809092,True,室內設施,基隆,基隆市,45,5.49,Low Risk,風險較低,0
基隆高中,基隆市暖暖區,25.1077,121.7329,True,室內設施,基隆,基隆市,45,3.63,Low Risk,風險較低,0
觀音市民活動中心,新北市五股區,25.107778,121.43072,True,室內設施,新北,新北市,58,10.56,Low Risk,風險較低,30
瑞芳國小,新北市瑞芳區,25.1079,121.8039,True,室內設施,基隆,基隆市,45,5.01,Low Risk,風險較低,0
嘉寶國小,新北市林口區,25.1083,121.3393,True,室內設施,桃園,桃園市,72,13.32,Low Risk,風險較低,30
蘭雅國小,臺北市士林區,25.1084,121.5231,True,室內設施,台北,台北市,65,9.4,Low Risk,風險較低,25
八南里民活動中心,基隆市暖暖區,25.1086,121.7324,True,室內設施,基隆,基隆市,45,3.6,Low Risk,風險較低,0
海口社區活動中心,桃園市大園區,25.108652,121.241381,True,室內設施,桃園,桃園市,72,14.13,Low Risk,風險較低,30
瑞芳區公所,新北市瑞芳區,25.1088,121.8095,True,室內設施,基隆,基隆市,45,5.47,Low Risk,風險較低,0
八中里民活動中心,基隆市暖暖區,25.1096,121.7296,True,室內設施,基隆,基隆市,45,3.76,Low Risk,風險較低,0
瑪陵國小活動中心,基隆市七堵區,25.1099,121.6899,True,室內設施,基隆,基隆市,45,7.38,Low Risk,風險較低,0
芝山國小,臺北市士林區,25.1104,121.5364,True,室內設施,台北,台北市,65,9.09,Low Risk,風險較低,25
瑞芳高工,新北市瑞芳區,25.1104,121.8036,True,室內設施,基隆,基隆市,45,4.86,Low Risk,風險較低,0
蘭雅國中,臺北市士林區,25.1106,121.531,True,室內設施,台北,台北市,65,9.3,Low Risk,風險較低,25
八西里民活動中心,基隆市暖暖區,25.1106,121.7361,True,室內設施,基隆,基隆市,45,3.17,Low Risk,風險較低,0
勸濟堂,新北市瑞芳區,25.1107,121.86,True,室內設施,基隆,基隆市,45,10.27,Low Risk,風險較低,5
瓜山國小,新北市瑞芳區,25.1111,121.8569,True,室內設施,基隆,基隆市,45,9.95,Low Risk,風險較低,0
明德國小,臺北市北投區,25.1121,121.5218,True,室內設施,台北,台北市,65,9.83,Low Risk,風險較低,25
和美國小,新北市貢寮區,25.1123,121.9193,True,室內設施,基隆,基隆市,45,16.14,Low Risk,風險較低,5
佛祖廟西側高地,新北市貢寮區,25.112326,121.919336,True,室內設施,基隆,基隆市,45,16.14,Low Risk,風險較低,5
興福國小,新北市林口區,25.1124,121.3126,True,室內設施,桃園,桃園市,72,13.26,Low Risk,風險較低,30
翠柏新村安養中心-服務大樓,新北市汐止區,25.112499,121.603216,True,室內設施,台北,台北市,65,9.63,Low Risk,風險較低,25
八德里民活動中心,基隆市七堵區,25.1129,121.7279,True,室內設施,基隆,基隆市,45,3.71,Low Risk,風險較低,0
石牌國中,臺北市北投區,25.1149,121.5142,True,室內設施,台北,台北市,65,10.47,Low Risk,風險較低,30
石牌國小,臺北市北投區,25.1157,121.5117,True,室內設施,台北,台北市,65,10.67,Low Risk,風險較低,30
三玉國小,臺北市士林區,25.118,121.5373,True,室內設施,台北,台北市,65,9.87,Low Risk,風險較低,25
天母國中,臺北市士林區,25.118,121.5381,True,室內設施,台北,台北市,65,9.84,Low Risk,風險較低,25
南榮國小,基隆市仁愛區,25.1194,121.7439,True,室內設施,基隆,基隆市,45,1.96,Low Risk,風險較低,0
立農國小,臺北市北投區,25.1195,121.5053,True,室內設施,台北,台北市,65,11.36,Low Risk,風險較低,30
天母國小,臺北市士林區,25.1197,121.5274,True,室內設施,台北,台北市,65,10.37,Low Risk,風險較低,30
陽明山國小,臺北市士林區,25.1198,121.5529,True,室內設施,台北,台北市,65,9.73,Low Risk,風險較低,25
溪山國小,臺北市士林區,25.1198,121.5796,True,室內設施,台北,台北市,65,9.76,Low Risk,風險較低,25
關渡國中,臺北市北投區,25.1199,121.4673,True,室內設施,新北,新北市,58,11.42,Low Risk,風險較低,30
育仁里民活動中心,基隆市仁愛區,25.1204,121.744,True,室內設施,基隆,基隆市,45,1.89,Low Risk,風險較低,0
東和市民活動中心,新北市瑞芳區,25.1204,121.8879,True,室內設施,基隆,基隆市,45,12.91,Low Risk,風險較低,5
威遠廟,新北市瑞芳區,25.120447,121.868114,True,室內設施,基隆,基隆市,45,10.92,Low Risk,風險較低,5
瑞濱國小,新北市瑞芳區,25.120495,121.820317,True,室內設施,基隆,基隆市,45,6.14,Low Risk,風險較低,0
鼻頭國小,新北市瑞芳區,25.1208,121.9194,True,室內設施,基隆,基隆市,45,16.07,Low Risk,風險較低,5
鶯歌里民活動中心,基隆市安樂區,25.121,121.7232,True,室內設施,基隆,基隆市,45,3.82,Low Risk,風險較低,0
安樂區公所二樓禮堂,基隆市安樂區,25.1211,121.7232,True,室內設施,基隆,基隆市,45,3.82,Low Risk,風險較低,0
瑞濱市民活動中心,新北市瑞芳區,25.1212,121.8205,True,室內設施,基隆,基隆市,45,6.15,Low Risk,風險較低,0
壯觀里民活動中心,基隆市安樂區,25.1213,121.7155,True,室內設施,基隆,基隆市,45,4.57,Low Risk,風險較低,0
普宜苑,臺北市士林區,25.1214,121.5773,True,室內設施,台北,台北市,65,9.9,Low Risk,風險較低,25
瑪東里民活動中心,基隆市七堵區,25.1219,121.6984,True,室內設施,基隆,基隆市,45,6.26,Low Risk,風險較低,0
濂洞國小,新北市瑞芳區,25.1223,121.8598,True,室內設施,基隆,基隆市,45,10.07,Low Risk,風險較低,5
七賢里民活動中心,基隆市安樂區,25.1228,121.7231,True,室內設施,基隆,基隆市,45,3.79,Low Risk,風險較低,0
吉仁里民活動中心,基隆市仁愛區,25.1233,121.7442,True,室內設施,基隆,基隆市,45,1.72,Low Risk,風險較低,0
孝岡里民活動中心,基隆市信義區,25.1236,121.7913,True,室內設施,基隆,基隆市,45,3.21,Low Risk,風險較低,0
新安里臨時聚會場所,臺北市士林區,25.124093,121.553582,True,室內設施,台北,台北市,65,10.2,Low Risk,風險較低,30
獅球書院聯合里民活動中心,基隆市仁愛區,25.1241,121.7367,True,室內設施,基隆,基隆市,45,2.42,Low Risk,風險較低,0
長樂國小餐廳旁空間,基隆市安樂區,25.1249,121.7136,True,室內設施,基隆,基隆市,45,4.7,Low Risk,風險較低,0
仁愛區公所,基隆市仁愛區,25.1252,121.7367,True,室內設施,基隆,基隆市,45,2.39,Low Risk,風險較低,0
光華里民活動中心,基隆市仁愛區,25.1252,121.7367,True,室內設施,基隆,基隆市,45,2.39,Low Risk,風險較低,0
兆連里民活動中心,基隆市仁愛區,25.1253,121.7389,True,室內設施,基隆,基隆市,45,2.17,Low Risk,風險較低,0
林泉里民活動中心,基隆市仁愛區,25.1254,121.7525,True,室內設施,基隆,基隆市,45,0.87,Low Risk,風險較低,0
長坑市民活動中心,新北市八里區,25.1257,121.3883,True,室內設施,新北,新北市,58,14.18,Low Risk,風險較低,30
長坑國小,新北市八里區,25.1257,121.3905,True,室內設施,新北,新北市,58,14.07,Low Risk,風險較低,30
竹圍國小自強分校,新北市淡水區,25.1257,121.464,True,室內設施,新北,新北市,58,12.05,Low Risk,風險較低,30
四維里民活動中心,基隆市安樂區,25.1258,121.7239,True,室內設施,基隆,基隆市,45,3.66,Low Risk,風險較低,0
福仁里民活動中心,基隆市仁愛區,25.1258,121.7438,True,室內設施,基隆,基隆市,45,1.68,Low Risk,風險較低,0
長樂國小活動中心,基隆市安樂區,25.1261,121.7116,True,室內設施,基隆,基隆市,45,4.89,Low Risk,風險較低,0
三民里民活動中心,基隆市安樂區,25.1261,121.719,True,室內設施,基隆,基隆市,45,4.15,Low Risk,風險較低,0
和明里民活動中心,基隆市仁愛區,25.1261,121.7459,True,室內設施,基隆,基隆市,45,1.47,Low Risk,風險較低,0
禮儀里民活動中心,基隆市信義區,25.1262,121.7617,True,室內設施,基隆,基隆市,45,0.37,Low Risk,風險較低,0
關渡國小,臺北市北投區,25.1268,121.4668,True,室內設施,新北,新北市,58,12.18,Low Risk,風險較低,30
清江國小,臺北市北投區,25.1269,121.5076,True,室內設施,台北,台北市,65,11.95,Low Risk,風險較低,30
孝深里民活動中心,基隆市信義區,25.1269,121.7854,True,室內設施,基隆,基隆市,45,2.56,Low Risk,風險較低,0
禮東里民活動中心,基隆市信義區,25.127,121.7624,True,室內設施,基隆,基隆市,45,0.34,Low Risk,風險較低,0
東明里民活動中心,基隆市信義區,25.127,121.767,True,室內設施,基隆,基隆市,45,0.74,Low Risk,風險較低,0
文安里民活動中心,基隆市仁愛區,25.1271,121.7411,True,室內設施,基隆,基隆市,45,1.92,Low Risk,風險較低,0
玉田里民活動中心,基隆市仁愛區,25.1271,121.7438,True,室內設施,基隆,基隆市,45,1.65,Low Risk,風險較低,0
智仁里民活動中心,基隆市仁愛區,25.1272,121.7486,True,室內設施,基隆,基隆市,45,1.17,Low Risk,風險較低,0
花崗里活動中心,基隆市仁愛區,25.1272,121.7518,True,室內設施,基隆,基隆市,45,0.86,Low Risk,風險較低,0
新忠勇里民活動中心,基隆市仁愛區,25.1274,121.7445,True,室內設施,基隆,基隆市,45,1.58,Low Risk,風險較低,0
忠勇里民活動中心,基隆市仁愛區,25.1274,121.745,True,室內設施,基隆,基隆市,45,1.53,Low Risk,風險較低,0
智慧里民活動中心,基隆市信義區,25.1275,121.7544,True,室內設施,基隆,基隆市,45,0.6,Low Risk,風險較低,0
明德里民活動中心,基隆市仁愛區,25.1276,121.739,True,室內設施,基隆,基隆市,45,2.13,Low Risk,風險較低,0
仁愛國小,基隆市仁愛區,25.128,121.746,True,室內設施,基隆,基隆市,45,1.42,Low Risk,風險較低,0
博愛里民活動中心,基隆市仁愛區,25.1282,121.7408,True,室內設施,基隆,基隆市,45,1.94,Low Risk,風險較低,0
虹橋水錦聯合里民活動中心,基隆市仁愛區,25.1282,121.7498,True,室內設施,基隆,基隆市,45,1.04,Low Risk,風險較低,0
朝棟里民活動中心,基隆市仁愛區,25.1283,121.7362,True,室內設施,基隆,基隆市,45,2.4,Low Risk,風險較低,0
瑞平國小,新北市林口區,25.1284,121.3493,True,室內設施,桃園,桃園市,72,15.76,Low Risk,風險較低,30
義民里民活動中心,基隆市信義區,25.1285,121.7553,True,室內設施,基隆,基隆市,45,0.48,Low Risk,風險較低,0
瑪西里民活動中心,基隆市七堵區,25.1286,121.6774,True,室內設施,基隆,基隆市,45,8.32,Low Risk,風險較低,0
東安里民活動中心,基隆市信義區,25.1286,121.7681,True,室內設施,基隆,基隆市,45,0.81,Low Risk,風險較低,0
新店里民活動中心,基隆市仁愛區,25.1287,121.7406,True,室內設施,基隆,基隆市,45,1.96,Low Risk,風險較低,0
義和里民活動中心,基隆市信義區,25.1287,121.7575,True,室內設施,基隆,基隆市,45,0.26,Low Risk,風險較低,0
同風里民活動中心,基隆市仁愛區,25.1289,121.7394,True,室內設施,基隆,基隆市,45,2.08,Low Risk,風險較低,0
平等國小,臺北市士林區,25.1291,121.5763,True,室內設施,台北,台北市,65,10.74,Low Risk,風險較低,30
市立體育館,基隆市信義區,25.1293,121.7569,True,室內設施,基隆,基隆市,45,0.32,Low Risk,風險較低,0
義昭里民活動中心,基隆市信義區,25.1294,121.7526,True,室內設施,基隆,基隆市,45,0.75,Low Risk,風險較低,0
新建里民活動中心,基隆市中山區,25.1295,121.7373,True,室內設施,基隆,基隆市,45,2.29,Low Risk,風險較低,0
基隆市信義區公所,基隆市信義區,25.1295,121.7513,True,室內設施,基隆,基隆市,45,0.88,Low Risk,風險較低,0
深澳里市民活動中心,新北市瑞芳區,25.129623,121.817974,True,室內設施,基隆,基隆市,45,5.83,Low Risk,風險較低,0
仁德里民活動中心,基隆市仁愛區,25.1297,121.7412,True,室內設施,基隆,基隆市,45,1.9,Low Risk,風險較低,0
東信里民活動中心,基隆市信義區,25.1298,121.7627,True,室內設施,基隆,基隆市,45,0.28,Low Risk,風險較低,0
安樂國小活動中心,基隆市安樂區,25.1302,121.7302,True,室內設施,基隆,基隆市,45,3.01,Low Risk,風險較低,0
孝德里民活動中心,基隆市信義區,25.1305,121.7767,True,室內設施,基隆,基隆市,45,1.68,Low Risk,風險較低,0
文昌里民活動中心,基隆市仁愛區,25.1307,121.7385,True,室內設施,基隆,基隆市,45,2.18,Low Risk,風險較低,0
仁義里民活動中心,基隆市信義區,25.1307,121.7508,True,室內設施,基隆,基隆市,45,0.95,Low Risk,風險較低,0
安民里民活動中心,基隆市中山區,25.1309,121.7361,True,室內設施,基隆,基隆市,45,2.42,Low Risk,風險較低,0
格致國中,臺北市士林區,25.1311,121.5468,True,室內設施,台北,台北市,65,11.07,Low Risk,風險較低,30
西華里民活動中心,基隆市中山區,25.1317,121.7354,True,室內設施,基隆,基隆市,45,2.5,Low Risk,風險較低,0
安和及慈仁里民活動中心,基隆市安樂區,25.1318,121.7319,True,室內設施,基隆,基隆市,45,2.85,Low Risk,風險較低,0
安平里民活動中心,基隆市中山區,25.1319,121.7377,True,室內設施,基隆,基隆市,45,2.27,Low Risk,風險較低,0
龍米市民活動中心,新北市八里區,25.132,121.4511,True,室內設施,新北,新北市,58,12.81,Low Risk,風險較低,30
東信國小,基隆市信義區,25.1321,121.7605,True,室內設施,基隆,基隆市,45,0.33,Low Risk,風險較低,0
干城里民活動中心,基隆市安樂區,25.1324,121.7296,True,室內設施,基隆,基隆市,45,3.09,Low Risk,風險較低,0
北投區區民活動中心,臺北市北投區,25.1325,121.5024,True,室內設施,台北,台北市,65,12.75,Low Risk,風險較低,30
西榮里民活動中心,基隆市中山區,25.1332,121.7363,True,室內設施,基隆,基隆市,45,2.43,Low Risk,風險較低,0
安樂高中活動中心,基隆市安樂區,25.1336,121.7333,True,室內設施,基隆,基隆市,45,2.74,Low Risk,風險較低,0
北投國小,臺北市北投區,25.1342,121.5003,True,室內設施,台北,台北市,65,13.02,Low Risk,風險較低,30
北投國中,臺北市北投區,25.1345,121.5042,True,室內設施,台北,台北市,65,12.86,Low Risk,風險較低,30
中山里民活動中心,基隆市中山區,25.1345,121.7394,True,室內設施,基隆,基隆市,45,2.16,Low Risk,風險較低,0
民治里民活動中心,基隆市中山區,25.1345,121.7395,True,室內設施,基隆,基隆市,45,2.15,Low Risk,風險較低,0
東光里民活動中心,基隆市信義區,25.1345,121.7683,True,室內設施,基隆,基隆市,45,1.02,Low Risk,風險較低,0
桃源國中,臺北市北投區,25.1347,121.4773,True,室內設施,新北,新北市,58,13.14,Low Risk,風險較低,30
港通及正義里民活動中心,基隆市中正區,25.1347,121.7467,True,室內設施,基隆,基隆市,45,1.48,Low Risk,風險較低,0
私立聖心女中,新北市八里區,25.1348,121.4496,True,室內設施,新北,新北市,58,13.13,Low Risk,風險較低,30
信義里民活動中心,基隆市中正區,25.135,121.7477,True,室內設施,基隆,基隆市,45,1.4,Low Risk,風險較低,0
太平市民活動中心,新北市林口區,25.135255,121.366375,True,室內設施,新北,新北市,58,16.3,Low Risk,風險較低,30
新豐里民活動中心,基隆市中正區,25.1356,121.7852,True,室內設施,基隆,基隆市,45,2.63,Low Risk,風險較低,0
中正國小活動中心,基隆市中正區,25.1357,121.7511,True,室內設施,基隆,基隆市,45,1.16,Low Risk,風險較低,0
興寮里民活動中心,基隆市安樂區,25.136,121.7203,True,室內設施,基隆,基隆市,45,4.07,Low Risk,風險較低,0
西川里民活動中心,基隆市安樂區,25.1365,121.7322,True,室內設施,基隆,基隆市,45,2.92,Low Risk,風險較低,0
文化國小,臺北市北投區,25.1371,121.4967,True,室內設施,台北,台北市,65,13.49,Low Risk,風險較低,30
西定里民活動中心,基隆市中山區,25.1371,121.7323,True,室內設施,基隆,基隆市,45,2.93,Low Risk,風險較低,0
中興里民活動中心,基隆市中山區,25.1371,121.7407,True,室內設施,基隆,基隆市,45,2.14,Low Risk,風險較低,0
三砂灣聯合里民活動中心,基隆市中正區,25.1374,121.7503,True,室內設施,基隆,基隆市,45,1.34,Low Risk,風險較低,0
外寮里民活動中心,基隆市安樂區,25.1375,121.7111,True,室內設施,基隆,基隆市,45,5.01,Low Risk,風險較低,0
民生活動中心,新北市淡水區,25.138,121.4613,True,室內設施,新北,新北市,58,13.42,Low Risk,風險較低,30
復興崗營區,臺北市北投區,25.1381,121.4929,True,室內設施,新北,新北市,58,13.78,Low Risk,風險較低,30
復興崗營區,基隆市中正區,25.138105,121.492879,True,室內設施,新北,新北市,58,13.78,Low Risk,風險較低,30
逸仙國小,臺北市北投區,25.1383,121.5052,True,室內設施,台北,台北市,65,13.19,Low Risk,風險較低,30
新民國中,臺北市北投區,25.1389,121.5065,True,室內設施,台北,台北市,65,13.19,Low Risk,風險較低,30
臺北市北投運動中心,臺北市北投區,25.1389,121.5065,True,室內設施,台北,台北市,65,13.19,Low Risk,風險較低,30
復興公園,臺北市北投區,25.139,121.5024,False,戶外設施,台北,台北市,65,13.39,Warning,最近測站 AQI 65 > 50 且為戶外設施,50
砂子里民活動中心,基隆市中正區,25.1391,121.7965,True,室內設施,基隆,基隆市,45,3.83,Low Risk,風險較低,0
桃源國小,臺北市北投區,25.1396,121.4845,True,室內設施,新北,新北市,58,13.78,Low Risk,風險較低,30
八里國中,新北市八里區,25.1399,121.4013,True,室內設施,新北,新北市,58,14.96,Low Risk,風險較低,30
新西里民活動中心,基隆市安樂區,25.14,121.7271,True,室內設施,基隆,基隆市,45,3.53,Low Risk,風險較低,0
八斗高中活動中心,基隆市中正區,25.1401,121.7885,True,室內設施,基隆,基隆市,45,3.11,Low Risk,風險較低,0
中山高中分部活動中心,基隆市中山區,25.1405,121.735,True,室內設施,基隆,基隆市,45,2.82,Low Risk,風險較低,0
仁正里民活動中心,基隆市中山區,25.1407,121.7387,True,室內設施,基隆,基隆市,45,2.5,Low Risk,風險較低,0
中砂里民活動中心,基隆市中正區,25.1408,121.7608,True,室內設施,基隆,基隆市,45,1.3,Low Risk,風險較低,0
碧砂里民活動中心,基隆市中正區,25.141,121.7926,True,室內設施,基隆,基隆市,45,3.53,Low Risk,風險較低,0
西康里民活動中心,基隆市中山區,25.1416,121.727,True,室內設施,基隆,基隆市,45,3.6,Low Risk,風險較低,0
中和里民活動中心,基隆市中山區,25.1418,121.7225,True,室內設施,基隆,基隆市,45,4.03,Low Risk,風險較低,0
義方國小,臺北市北投區,25.142,121.5093,True,室內設施,台北,台北市,65,13.37,Low Risk,風險較低,30
正砂里民活動中心,基隆市中正區,25.142,121.7604,True,室內設施,基隆,基隆市,45,1.43,Low Risk,風險較低,0
砂灣里民活動中心,基隆市中正區,25.142,121.7639,True,室內設施,基隆,基隆市,45,1.48,Low Risk,風險較低,0
健民里民活動中心,基隆市中山區,25.1423,121.7376,True,室內設施,基隆,基隆市,45,2.69,Low Risk,風險較低,0
和平里民活動中心,基隆市中山區,25.1427,121.7444,True,室內設施,基隆,基隆市,45,2.18,Low Risk,風險較低,0
中崙里民活動中心,基隆市安樂區,25.143,121.7023,True,室內設施,基隆,基隆市,45,6.01,Low Risk,風險較低,0
八斗里民活動中心,基隆市中正區,25.1432,121.7967,True,室內設施,基隆,基隆市,45,4.01,Low Risk,風險較低,0
復興高中,臺北市北投區,25.1437,121.5018,True,室內設施,台北,台北市,65,13.88,Low Risk,風險較低,30
居仁里民活動中心,基隆市中山區,25.1438,121.7341,True,室內設施,基隆,基隆市,45,3.08,Low Risk,風險較低,0
八斗子環保公園,基隆市中正區,25.144127,121.803422,False,戶外設施,基隆,基隆市,45,4.67,Low Risk,風險較低,20
通化里民活動中心,基隆市中山區,25.1455,121.7393,True,室內設施,基隆,基隆市,45,2.77,Low Risk,風險較低,0
中山國小,基隆市中山區,25.14597,121.735939,True,室內設施,基隆,基隆市,45,3.06,Low Risk,風險較低,0
竹圍高中,新北市淡水區,25.146,121.4617,True,室內設施,新北,新北市,58,14.31,Low Risk,風險較低,30
建國里民活動中心,基隆市中正區,25.146,121.7696,True,室內設施,基隆,基隆市,45,2.1,Low Risk,風險較低,0
中和國小,基隆市中山區,25.1462,121.7204,True,室內設施,基隆,基隆市,45,4.42,Low Risk,風險較低,0
德和里民活動中心,基隆市中山區,25.1464,121.7268,True,室內設施,基隆,基隆市,45,3.86,Low Risk,風險較低,0
米倉國小,新北市八里區,25.1468,121.4454,True,室內設施,新北,新北市,58,14.5,Low Risk,風險較低,30
仙洞國小,基隆市中山區,25.147188,121.747111,True,室內設施,基隆,基隆市,45,2.39,Low Risk,風險較低,0
竹圍國小,新北市淡水區,25.1475,121.4602,True,室內設施,新北,新北市,58,14.48,Low Risk,風險較低,30
仙洞里民活動中心,基隆市中山區,25.1477,121.7464,True,室內設施,基隆,基隆市,45,2.48,Low Risk,風險較低,0
通明里休閒活動中心,基隆市中山區,25.1479,121.7382,True,室內設施,基隆,基隆市,45,3.03,Low Risk,風險較低,0
基隆海事活動中心,基隆市中正區,25.148,121.7715,True,室內設施,基隆,基隆市,45,2.39,Low Risk,風險較低,0
通明里民活動中心,基隆市中山區,25.1483,121.7382,True,室內設施,基隆,基隆市,45,3.06,Low Risk,風險較低,0
中濱里民活動中心,基隆市中正區,25.1485,121.7642,True,室內設施,基隆,基隆市,45,2.19,Low Risk,風險較低,0
文化活動中心,新北市八里區,25.1487,121.4029,True,室內設施,新北,新北市,58,15.8,Low Risk,風險較低,30
泉源國小,臺北市北投區,25.1492,121.5243,True,室內設施,台北,台北市,65,13.57,Low Risk,風險較低,30
八里國小,新北市八里區,25.1495,121.403,True,室內設施,新北,新北市,58,15.87,Low Risk,風險較低,30
中正里民活動中心,基隆市中正區,25.1495,121.7672,True,室內設施,基隆,基隆市,45,2.37,Low Risk,風險較低,0
德安里民活動中心,基隆市中山區,25.1499,121.7264,True,室內設施,基隆,基隆市,45,4.1,Low Risk,風險較低,0
湖山國小,臺北市北投區,25.15,121.5355,True,室內設施,台北,台北市,65,13.35,Low Risk,風險較低,30
國立臺灣海洋大學,基隆市中正區,25.150069,121.776731,True,室內設施,基隆,基隆市,45,2.87,Low Risk,風險較低,0
大慶活動中心,基隆市中山區,25.151,121.7153,True,室內設施,基隆,基隆市,45,5.12,Low Risk,風險較低,0
中正區公所,基隆市中正區,25.1515,121.7678,True,室內設施,基隆,基隆市,45,2.6,Low Risk,風險較低,0
太白里民活動中心,基隆市中山區,25.1518,121.743,True,室內設施,基隆,基隆市,45,3.05,Low Risk,風險較低,0
基隆市中山區公所,基隆市中山區,25.1526,121.7295,False,戶外設施,基隆,基隆市,45,4.03,Low Risk,風險較低,20
文化里民活動中心,基隆市中山區,25.1535,121.7317,True,室內設施,基隆,基隆市,45,3.93,Low Risk,風險較低,0
中山高中活動中心,基隆市中山區,25.1542,121.7307,True,室內設施,基隆,基隆市,45,4.06,Low Risk,風險較低,0
和平島聯合里民活動中心,基隆市中正區,25.1546,121.7643,True,室內設施,基隆,基隆市,45,2.86,Low Risk,風險較低,0
大屯國小,臺北市北投區,25.1547,121.5043,True,室內設施,台北,台北市,65,14.87,Low Risk,風險較低,30
平寮里民活動中心,基隆市中正區,25.1551,121.7638,True,室內設施,基隆,基隆市,45,2.91,Low Risk,風險較低,0
和平國小活動中心,基隆市中正區,25.15565,121.766067,True,室內設施,基隆,基隆市,45,3.01,Low Risk,風險較低,0
內寮里民活動中心,基隆市安樂區,25.1569,121.6965,True,室內設施,基隆,基隆市,45,7.1,Low Risk,風險較低,0
協和里民活動中心,基隆市中山區,25.1573,121.7345,True,室內設施,基隆,基隆市,45,4.05,Low Risk,風險較低,0
坪頂國小,新北市淡水區,25.1583,121.4839,True,室內設施,新北,新北市,58,15.83,Low Risk,風險較低,30
大崁老人活動中心,新北市八里區,25.1589,121.4221,True,室內設施,新北,新北市,58,16.26,Low Risk,風險較低,30
渡船頭市民活動中心,新北市八里區,25.1589,121.4344,True,室內設施,新北,新北市,58,16.0,Low Risk,風險較低,30
大埤頂市民活動中心,新北市八里區,25.1591,121.4152,True,室內設施,新北,新北市,58,16.47,Low Risk,風險較低,30
崁腳國小,新北市萬里區,25.1599,121.6486,True,室內設施,基隆,基隆市,45,11.73,Low Risk,風險較低,5
大崁國小,新北市八里區,25.1603,121.4194,True,室內設施,新北,新北市,58,16.48,Low Risk,風險較低,30
崁腳活動中心,新北市萬里區,25.1605,121.6497,True,室內設施,基隆,基隆市,45,11.64,Low Risk,風險較低,5
竿蓁活動中心,新北市淡水區,25.163513,121.451437,True,室內設施,新北,新北市,58,16.3,Low Risk,風險較低,30
興音寺,新北市淡水區,25.163997,121.48835,True,室內設施,台北,台北市,65,16.5,Low Risk,風險較低,30
大坪國小,新北市萬里區,25.1642,121.6364,True,室內設施,基隆,基隆市,45,13.04,Low Risk,風險較低,5
真聖宮,新北市淡水區,25.165487,121.492159,True,室內設施,台北,台北市,65,16.47,Low Risk,風險較低,30
湖田國小,臺北市北投區,25.1684,121.5387,True,室內設施,台北,台北市,65,15.29,Low Risk,風險較低,30
樹興里活動中心,新北市淡水區,25.168467,121.476943,True,室內設施,新北,新北市,58,16.87,Low Risk,風險較低,30
長青醫院,新北市淡水區,25.171075,121.482713,True,室內設施,新北,新北市,58,17.22,Low Risk,風險較低,30
長庚活動中心,新北市淡水區,25.1711,121.4432,True,室內設施,新北,新北市,58,17.21,Low Risk,風險較低,30
鄧公國小,新北市淡水區,25.1713,121.4493,True,室內設施,新北,新北市,58,17.18,Low Risk,風險較低,30
中興活動中心,新北市淡水區,25.1723,121.4432,True,室內設施,新北,新北市,58,17.34,Low Risk,風險較低,30
淡水國小,新北市淡水區,25.1734,121.4414,True,室內設施,新北,新北市,58,17.49,Low Risk,風險較低,30
文化國小,新北市淡水區,25.174,121.4374,True,室內設施,新北,新北市,58,17.61,Low Risk,風險較低,30
淡水國中,新北市淡水區,25.1747,121.4367,True,室內設施,新北,新北市,58,17.69,Low Risk,風險較低,30
萬里國小,新北市萬里區,25.176187,121.689132,True,室內設施,基隆,基隆市,45,8.85,Low Risk,風險較低,0
萬里國中,新北市萬里區,25.177791,121.694414,True,室內設施,基隆,基隆市,45,8.54,Low Risk,風險較低,0
萬里區行政大樓,新北市萬里區,25.1778,121.6854,True,室內設施,基隆,基隆市,45,9.26,Low Risk,風險較低,0
中華商業海事職業學校,新北市萬里區,25.177827,121.685353,True,室內設施,基隆,基隆市,45,9.26,Low Risk,風險較低,0
獅頭路瑪鋉公園,新北市萬里區,25.177832,121.691926,False,戶外設施,基隆,基隆市,45,8.74,Low Risk,風險較低,20
水碓活動中心,新北市淡水區,25.178,121.4442,True,室內設施,新北,新北市,58,17.96,Low Risk,風險較低,30
萬里區行政大樓,新北市萬里區,25.178167,121.689623,True,室內設施,基隆,基隆市,45,8.94,Low Risk,風險較低,0
新興活動中心,新北市淡水區,25.178396,121.443054,True,室內設施,新北,新北市,58,18.02,Low Risk,風險較低,30
正德國中,新北市淡水區,25.179,121.4476,True,室內設施,新北,新北市,58,18.04,Low Risk,風險較低,30
新興國小,新北市淡水區,25.1797,121.44,True,室內設施,新北,新北市,58,18.2,Low Risk,風險較低,30
天生國小,新北市淡水區,25.1816,121.4243,True,室內設施,新北,新北市,58,18.67,Low Risk,風險較低,30
淡海活動中心,新北市淡水區,25.181789,121.422969,True,室內設施,新北,新北市,58,18.72,Low Risk,風險較低,30
鎮北宮,新北市萬里區,25.183902,121.680262,True,室內設施,基隆,基隆市,45,10.08,Low Risk,風險較低,5
水源國小,新北市淡水區,25.1858,121.4765,True,室內設施,新北,新北市,58,18.79,Low Risk,風險較低,30
水源里活動中心,新北市淡水區,25.185817,121.476527,True,室內設施,新北,新北市,58,18.79,Low Risk,風險較低,30
新市國小,新北市淡水區,25.186023,121.44451,True,室內設施,新北,新北市,58,18.85,Low Risk,風險較低,30
淡水商工,新北市淡水區,25.1868,121.454,True,室內設施,新北,新北市,58,18.87,Low Risk,風險較低,30
基督教芥菜種營地,新北市萬里區,25.191878,121.678967,True,室內設施,基隆,基隆市,45,10.73,Low Risk,風險較低,5
育英國小,新北市淡水區,25.197,121.4449,True,室內設施,新北,新北市,58,20.06,Low Risk,風險較低,35
仁愛之家,新北市萬里區,25.1978,121.6841,True,室內設施,基隆,基隆市,45,10.8,Low Risk,風險較低,5
忠山國小,新北市淡水區,25.2011,121.48,True,室內設施,新北,新北市,58,20.51,Low Risk,風險較低,35
磺潭社區親水公園,新北市萬里區,25.202226,121.646291,False,戶外設施,基隆,基隆市,45,14.04,Low Risk,風險較低,25
野柳活動中心,新北市萬里區,25.2029,121.6861,True,室內設施,基隆,基隆市,45,11.07,Low Risk,風險較低,5
新北市三芝區興華國民小學,新北市三芝區,25.203711,121.501531,True,室內設施,台北,台北市,65,20.04,Low Risk,風險較低,35
野柳國小,新北市萬里區,25.205606,121.689442,True,室內設施,基隆,基隆市,45,11.08,Low Risk,風險較低,5
大鵬國小,新北市萬里區,25.208821,121.650866,True,室內設施,基隆,基隆市,45,14.11,Low Risk,風險較低,5
頂寮活動中心,新北市萬里區,25.210529,121.655728,True,室內設施,基隆,基隆市,45,13.86,Low Risk,風險較低,5
公館崙公園,新北市金山區,25.213216,121.631809,False,戶外設施,基隆,基隆市,45,15.93,Low Risk,風險較低,25
興仁國小,新北市淡水區,25.2175,121.4511,True,室內設施,新北,新北市,58,22.29,Low Risk,風險較低,35
金山朝天宮,新北市金山區,25.218034,121.602476,True,室內設施,基隆,基隆市,45,18.68,Low Risk,風險較低,5
三和國小,新北市金山區,25.2189,121.6029,True,室內設施,基隆,基隆市,45,18.7,Low Risk,風險較低,5
金山區運動休閒廣場,新北市金山區,25.221,121.6283,False,戶外設施,基隆,基隆市,45,16.74,Low Risk,風險較低,25
新北市三芝區圓山里活動中心,新北市三芝區,25.221698,121.5295,True,室內設施,台北,台北市,65,21.29,Low Risk,風險較低,35
金美國小,新北市金山區,25.2217,121.6327,True,室內設施,基隆,基隆市,45,16.44,Low Risk,風險較低,5
中山堂〈1樓禮堂〉,新北市金山區,25.2217,121.6408,True,室內設施,基隆,基隆市,45,15.81,Low Risk,風險較低,5
金山國小,新北市金山區,25.2237,121.6367,True,室內設施,基隆,基隆市,45,16.27,Low Risk,風險較低,5
中泰國小,新北市淡水區,25.2241,121.4847,True,室內設施,台北,台北市,65,22.75,Low Risk,風險較低,35
金山高中,新北市金山區,25.2246,121.6372,True,室內設施,基隆,基隆市,45,16.29,Low Risk,風險較低,5
金山青年活動中心,新北市金山區,25.2259,121.6411,True,室內設施,基隆,基隆市,45,16.09,Low Risk,風險較低,5
六三社區活動中心,新北市金山區,25.230093,121.620711,True,室內設施,基隆,基隆市,45,17.96,Low Risk,風險較低,5
金山區獅頭山公園,新北市金山區,25.231103,121.649304,False,戶外設施,基隆,基隆市,45,15.9,Low Risk,風險較低,25
聖德宮,新北市金山區,25.231106,121.619908,True,室內設施,基隆,基隆市,45,18.09,Low Risk,風險較低,5
新北市三芝區八賢里活動中心,新北市三芝區,25.237065,121.513105,True,室內設施,台北,台北市,65,23.29,Low Risk,風險較低,35
屯山國小,新北市淡水區,25.2373,121.4564,True,室內設施,新北,新北市,58,24.47,Low Risk,風險較低,35
中角國小,新北市金山區,25.2398,121.6306,True,室內設施,基隆,基隆市,45,17.92,Low Risk,風險較低,5
萬壽活動中心,新北市金山區,25.2405,121.631354,True,室內設施,基隆,基隆市,45,17.92,Low Risk,風險較低,5
妙濟寺,新北市石門區,25.254077,121.592343,True,室內設施,基隆,基隆市,45,21.86,Low Risk,風險較低,10
新北市三芝區公有市場,新北市三芝區,25.2564,121.5036,True,室內設施,台北,台北市,65,25.61,Low Risk,風險較低,35
三芝區公所,新北市三芝區,25.2578,121.5011,True,室內設施,台北,台北市,65,25.82,Low Risk,風險較低,35
新北市三芝區三芝國民小學,新北市三芝區,25.2579,121.5016,True,室內設施,台北,台北市,65,25.82,Low Risk,風險較低,35
三芝農會,新北市三芝區,25.2585,121.5011,True,室內設施,台北,台北市,65,25.9,Low Risk,風險較低,35
新北市三芝區橫山國民小學,新北市三芝區,25.258894,121.529765,True,室內設施,台北,台北市,65,25.37,Low Risk,風險較低,35
新北市立三芝國民中學,新北市三芝區,25.26,121.5028,True,室內設施,台北,台北市,65,26.02,Low Risk,風險較低,35
乾華國小禮堂,新北市石門區,25.2693,121.5923,True,室內設施,基隆,基隆市,45,22.97,Low Risk,風險較低,10
茂林里活動中心,新北市石門區,25.27188,121.591831,True,室內設施,基隆,基隆市,45,23.2,Low Risk,風險較低,10
草里里活動中心,新北市石門區,25.28074,121.606719,True,室內設施,基隆,基隆市,45,22.85,Low Risk,風險較低,10
北海岸風景管理處德茂里活動中心,新北市石門區,25.283263,121.519157,False,戶外設施,台北,台北市,65,28.21,Warning,最近測站 AQI 65 > 50 且為戶外設施,55
老梅國小教室,新北市石門區,25.2889,121.545,True,室內設施,基隆,基隆市,45,27.99,Low Risk,風險較低,10
富基里活動中心,新北市石門區,25.289023,121.540628,True,室內設施,基隆,基隆市,45,28.34,Low Risk,風險較低,10
老梅里活動中心,新北市石門區,25.289433,121.545195,True,室內設施,基隆,基隆市,45,28.01,Low Risk,風險較低,10
山溪里活動中心,新北市石門區,25.290889,121.55172,True,室內設施,基隆,基隆市,45,27.62,Low Risk,風險較低,10
石門里活動中心,新北市石門區,25.291194,121.565885,True,室內設施,基隆,基隆市,45,26.57,Low Risk,風險較低,10
石門區體育館,新北市石門區,25.2912,121.5645,True,室內設施,基隆,基隆市,45,26.68,Low Risk,風險較低,10
石門區公所,新北市石門區,25.2912,121.5679,True,室內設施,基隆,基隆市,45,26.43,Low Risk,風險較低,10
石門國民中學,新北市石門區,25.2913,121.5646,True,室內設施,基隆,基隆市,45,26.68,Low Risk,風險較低,10
石門國小,新北市石門區,25.291855,121.56704,True,室內設施,基隆,基隆市,45,26.54,Low Risk,風險較低,10
尖鹿里活動中心,新北市石門區,25.292022,121.566842,True,室內設施,基隆,基隆市,45,26.57,Low Risk,風險較低,10
馬祖綜合福利園區,連江縣北竿鄉,26.1525,119.9428,True,室內設施,馬祖,連江縣,32,1.18,Low Risk,風險較低,0
國立馬祖高中,連江縣南竿鄉,26.1541,119.9551,True,室內設施,馬祖,連江縣,32,2.01,Low Risk,風險較低,0
連江縣體育館,連江縣南竿鄉,26.155,119.9533,True,室內設施,馬祖,連江縣,32,1.8,Low Risk,風險較低,0
老人活動中心,連江縣南竿鄉,26.1551,119.9575,True,室內設施,馬祖,連江縣,32,2.19,Low Risk,風險較低,0
中正國中小學教室,連江縣南竿鄉,26.1591,119.9254,True,室內設施,馬祖,連江縣,32,1.17,Low Risk,風險較低,0
介壽國中小學教室,連江縣南竿鄉,26.1601,119.9551,True,室內設施,馬祖,連江縣,32,1.83,Low Risk,風險較低,0
福沃候船大樓,連江縣南竿鄉,26.1605,119.9494,True,室內設施,馬祖,連江縣,32,1.26,Low Risk,風險較低,0
港務大樓,連江縣北竿鄉,26.205717,119.969141,True,室內設施,馬祖,連江縣,32,5.87,Low Risk,風險較低,0
?里國小,連江縣北竿鄉,26.215342,119.974369,True,室內設施,馬祖,連江縣,32,7.05,Low Risk,風險較低,0
塘岐國小,連江縣北竿鄉,26.223545,119.997023,True,室內設施,馬祖,連江縣,32,9.14,Low Risk,風險較低,0
楊公八使廟,連江縣北竿鄉,26.223712,120.007001,True,室內設施,馬祖,連江縣,32,9.84,Low Risk,風險較低,0
中山國中,連江縣北竿鄉,26.224023,119.980487,True,室內設施,馬祖,連江縣,32,8.2,Low Risk,風險較低,0
老人活動中心,連江縣北竿鄉,26.225534,119.997413,True,室內設施,馬祖,連江縣,32,9.33,Low Risk,風險較低,0
塘歧羽球館,連江縣北竿鄉,26.227096,119.996627,True,室內設施,馬祖,連江縣,32,9.42,Low Risk,風險較低,0
三合殿,連江縣北竿鄉,26.234607,119.993381,True,室內設施,馬祖,連江縣,32,9.89,Low Risk,風險較低,0
東引鄉活動中心,連江縣東引鄉,26.366913,120.487955,True,室內設施,馬祖,連江縣,32,59.51,Low Risk,風險較低,10
東引國中小教室,連江縣東引鄉,26.367919,120.488451,True,室內設施,馬祖,連江縣,32,59.6,Low Risk,風險較低,10
東引鄉體育館,連江縣東引鄉,26.368364,120.487894,True,室內設施,馬祖,連江縣,32,59.57,Low Risk,風險較低,10
